Hotel_Description,Hotel_Name,Address,Rooms,Grade,District,AGA Division,PS/MC/UC,Logitiute,Latitude,Hotel_Type
Boutique Hotels,THE THEVA RESIDENCY,"11/B5/10-1 06TH LANE, HANTANA,KANDY",10,,Kandy,Kandy Divisional Secretariat,Kandy,80.635411,7.276036,Budget
Boutique Hotels,HIGHLAND VILLA,"351, ABIMANGAMA ROAD, KUMBALGAMA, WELIGAMA",10,,Matara,Weligama Divisional Secretariat,Weligama Pradeshiya Sabha,80.409972,5.960334,Budget
Boutique Hotels,ULAGALLA WALAWWA RESORT,"THIRAPPANE, ANURADHAPURA",21,,Anuradhapura,Anuradhapura East,Anuradhapura,80.545063,8.205927,Luxury
Boutique Hotels,GALLE FORT HOTEL,"NO.28, CHURCH STREET, FORT , GALLE",14,,Galle,Galle Divisional Secretariat,Galle,80.217563,6.026649,Luxruy
Boutique Hotels,THE ELEPHANT CORRIDOR,"POTHANA,KIBISSA, SIGIRIYA",21,,Matale,N/A,Matale,80.710743,7.943525,Comfort
Boutique Hotels,AMANWELLA,"WELLAWATURA, GODELLAWELA, TANGALLE",30,,Hambantota,Tangalle Divisional Secretariat,Tangalle Pradeshiya Sabha,80.777376,6.006174,Comfort
Boutique Hotels,ADITYA,"719/1, GALLE ROAD, DEVENIGODA,RATHGAMA",12,,Galle,Galle Divisional Secretariat,Galle,80.134978,6.094732,Budget
Boutique Hotels,BUCKINGAM PLACE,"REKAWA VILLAGE, NETOLPITIYA, TANGALLE",11,,Hambantota,Tangalle Divisional Secretariat,Tangalle Pradeshiya Sabha,80.855462,6.047336,Budget
Boutique Hotels,CLUB VILLA,"NO.138/15, GALLE ROAD, BENTOTA",15,,Galle,Benthota Divisional Secretariat,Bentota Pradeshiya Sabha,79.999034,6.414093,Luxury
Boutique Hotels,SAMAN VILLAS,"ATURUWELLA, INDURUWA",27,,Galle,Galle Divisional Secretariat,Galle,80.004447,6.395518,Luxury
Boutique Hotels,MANDARA RESORT,"NO. 416, MODARAWATTA, PELENA, MIRISSA, WEILIGAMA",12,,Matara,Matara Divisional Secretariat,Weligama Pradeshiya Sabha,80.453836,5.964016,Comfort
Boutique Hotels,VIL UYANA,"RANGIRIGAMA, SIGIRIYA",30,,Matale,Matale Divisional Secretariat,Matale,80.720275,7.92971,Comfort
Boutique Hotels,TAMARIND HILL HOTEL,"NO.288,GALLE ROAD, DADELLA, GALLE",11,,Galle,Galle Divisional Secretariat,Galle,80.19736,6.044845,Budget
Boutique Hotels,PARADISE ROAD TINTAGEL COLOMBO,"NO.65, ROSMEAD PLACE,COLOMBO 07",10,,Colombo,Colombo Divisional Secretariat,Colombo,79.869959,6.915033,Budget
Boutique Hotels,BROOK BOUTIQUE,"ALI PALLAMA, MADAHAPOLA ROAD, MELSIRIPURA",10,,Kurunegala,Polpithigama Divisional Secretariat,Polpithigama Pradeshiya Sabha,80.512511,7.726939,Luxury
Boutique Hotels,THE FORTRESS,KOGGALA,49,,Galle,Galle Divisional Secretariat,Galle,80.326424,5.986535,Luxruy
Boutique Hotels,CASA COLOMBO,"NO.231, GALLE ROAD, COLOMBO 03",11,,Colombo,Colombo Divisional Secretariat,Colombo,79.857693,6.888839,Comfort
Boutique Hotels,AMANGALLE,"NO. 10 CHURCH ROAD, GALLE",28,,Galle,Galle Divisional Secretariat,Galle,80.216995,6.028977,Comfort
Boutique Hotels,MAALU MAALU RESORTS & SPA,"TOURISM ZONE, PASSIKUDAH.",40,,Batticaloa,Koralai Pattu Divisional Secretariat,Batticaloa,81.561268,7.92839,Budget
Boutique Hotels,THE WALAWWA,"MINUWANGODA ROAD,OPATHA,KOTUGODA.",17,,Gampaha,Minuwangoda Divisional Secretariat,Minuwangoda Pradeshiya Sabha,79.927908,7.131981,Budget
Boutique Hotels,BOULDER GARDEN,"KOSWATTA,KALAWANA.",10,,Ratnapura,Kalawana Divisional Secretariat,Ratnapura,80.385872,6.514558,Luxury
Boutique Hotels,JIMS FARM VILLA,"AHELAPOLA, PELLEPOLA, MATALE",10,,Matale,Pallepola Divisional Secretariat,Ahelapola,80.619922,7.621357,Luxury
Boutique Hotels,LANGDALE RESORT & SPA,"P.O BOX 01, NANUOYA, RADELLA,NUWARAELIYA",13,,Nuwara Eliya,Nuwara Eliya Divisional Secretariat,Kotapola Pradeshiya Sabha,80.718066,6.929208,Comfort
Boutique Hotels,THE FORT BAZAAR,"26, CHURCH STREET, GALLE FORT, GALLE",18,,Galle,Galle Divisional Secretariat,Galle,80.2154963,6.026844,Comfort
Boutique Hotels,"WATER GARDEN,SIGIRIYA","KIBISSA, SIGIRIYA",30,,Matale,Dambulla Divisional Secretariat,Dambulla Pradeshiya Sabha,80.7441833,7.994399,Budget
Boutique Hotels,SOORIYA RESORT & SPA,"SOORIYA RESORT & SPA, REKAWA BEACH, TANGALLE",38,,Hambantota,Tangalle Divisional Secretariat,Tangalle Pradeshiya Sabha,80.8635393,6.048141,Budget
Boutique Hotels,WILD COAST TENTED LODGE,"PALATUPANA,YALA.",28,,Hambantota,Thissamaharama Divisional Secretariat,Thissamaharama,81.4064072,6.2607399,Luxury
Boutique Hotels,THE HABITAT,"47/23,PARATHARAKAYA CIRCULATION ROAD, KOSGODA",28,,Galle,Balapitiya Divisional Secretariat,balapitiya,80.0258226,6.3405694,Luxruy
Boutique Villas,ROCK VILLA,"NEELISGEWATTA,ALAWATHUGODA,BENTOTA.",7,,Galle,Bentota Pradeshiya Sabha,Benthota Divisional Secretariat,79.9973733,6.41358,Comfort
Boutique Villas,MIRAGE KINGS COTTAGE,"NO 111, HAVELOCK DRIVE, OFF UPPER LAKE ROAD,NUWARAELIYA.",11,,Nuwara Eliya,Nuwara Eliya,Nugegoda Divisional Secretariat,80.7723742,6.9641218,Comfort
Boutique Villas,DUNKELD BUNGALOW,"DUNKEL BUNGALOW, DANKELD ESTATE, DICKOYA",5,,Nuwara Eliya,Ambalantota Pradeshiya Sabha,Ambalangoda Divisional Secretariat,80.572933,6.858082,Budget
Boutique Villas,SUMMERVILLE,"TEA TRAILS (PVT) LTD, SUMMERVILLE BUNGALOW, SUMMERVILLE, DICKOYA, HATTON.",5,,Nuwara Eliya,Ambagamuwa Pradeshiya Sabha,Ambagamuwa Divisional Secretariat,80.580983,6.867271,Budget
Boutique Villas,MIRISSA HILLS,"HENWALA ROAD, HENWALA, MIRISSA",8,,Matara,Galle,Galle Divisional Secretariat,80.465105,5.963842,Luxury
Boutique Villas,WILD GRASS NATURE RESORT,SIGIRIYA,5,,Matale,Matale,Matale Divisional Secretariat,80.724371,7.904267,Luxury
Boutique Villas,NORWOOD BUNGALOW,"TEA TRAILS,NUWARA ELIYA.",5,,Nuwara Eliya,Nuwara Eliya,Nuwara Eliya Divisional Secretariat,80.60413,6.834541,Comfort
Boutique Villas,VILLA SAFFRON,"NO,776,GALLE ROAD,THIRANGAMA,HIKKADUWA",5,,Galle,Hikkaduwa,Hikkaduwa Divisional Secretariat,80.1137,6.12222,Comfort
Boutique Villas,MOUNT HAVANA LUXURY BOUTIQUE VILLA,"P.O. BOX. 28, WATTAHENA, GAMPOLA.",5,,Kandy,Gampola,Udapalatha Divisional Secretariat,80.599521,7.144944,Budget
Boutique Villas,LAKE LODGE BOUTIQUE HOTEL,"16,DIVISION,WEWA ROAD,KANDALAMA,DAMBULLA",6,,Matale,Dambulla Pradeshiya Sabha,Dambulla Divisional Secretariat,80.690316,7.863126,Budget
Boutique Villas,MOUNT BATTEN BUNGALOW,"BOWALAWATTA,WAITRARAMA,ARANVA ROAD,KANDY",3,,Kandy,Kandy,Kandy Divisional Secretariat,80.619447,7.255123,Luxury
Boutique Villas,ELLERTON HOTEL,"NAWA GURUKELLE, DOLUWA, GAMPOLA",5,,Kandy,Gampola,Gampola Divisional Secretariat,80.629261,7.187229,Luxruy
Boutique Villas,ROSYTH ESTATE HOUSE,"ROSYTH ESTATE,PUSSELLA,KEGALLE",7,,Kegalle,Kegalle,Kegalle Divisional Secretariat,80.352821,7.276954,Comfort
Boutique Villas,ERAELIYA VILLAS AND GARDENS,"NO : 299,WALLIWALA,KAPPARATOTA,WELIGAMA.",7,,Matara,Matara,Weligama Divisional Secretariat,80.413849,5.958113,Comfort
Boutique Villas,WATERSIDE BENTOTA,"YATHRAMULLA,BENTOTA",6,,Galle,Bentota Pradeshiya Sabha,Benthota Divisional Secretariat,80.007114,6.430846,Budget
Boutique Villas,COCO BAY,"NO. 4/10, RUMASSALA, UNAWATUNA.",8,,Galle,Hikkaduwa,Hikkaduwa Divisional Secretariat,80.243972,6.027435,Budget
Boutique Villas,REEF VILLA & SPA,"NO.78,SAMANTHARA RD, WADDUWA",7,,Kalutara,Kalutara Pradeshiya Sabha,Wadduwa,79.928253,6.658974,Luxury
Boutique Villas,DVILLAS LUXURY,"193/1, GNANENDRA MAWATHA, NAWALA",6,,Colombo,Colombo,Colombo Divisional Secretariat,79.8872566,6.8864696,Luxury
Boutique Villas,ERA BEACH HOTEL,"NO. 834, MATARA ROAD, THALPE",6,,Galle,Galle,Galle Divisional Secretariat,80.2727742,5.9984781,Comfort
Boutique Villas,THE RIVER HOUSE,"NO.70, UTTAMAGHNA MAWATHA,WALAGEDERA, BALAPITIYA",5,,Galle,Galle,Galle Divisional Secretariat,80.043303,6.260578,Comfort
Boutique Villas,KAHANDA KANDA,"AGULUGAHA, GALLE",6,,Galle,Galle,Galle Divisional Secretariat,80.345978,6.020899,Budget
Boutique Villas,APA VILLA,"78TH MILE POST, MATARA ROAD, THALPE",5,,Galle,Galle,Galle Divisional Secretariat,80.27272,6.04173,Budget
Boutique Villas,WARWICK GARDEN,"AMBEWELA DIVISION, WARWICK ESTATE, BORAGAS",5,,Nuwara Eliya,Welimada Pradeshiya Sabha,Welimada Divisional Secretariat,80.828226,6.897703,Luxury
Boutique Villas,VILLA REPUBLIC GALLE,"607/10,COLOMBO ROAD,GINTOTA,GALLE.",8,,Galle,Galle,Galle Divisional Secretariat,80.179398,6.058846,Luxruy
Boutique Villas,COCOON RESORT AND VILLAS,"KAIKAWALA ROAD, INDURUWA",10,,Galle,Bentota Pradeshiya Sabha,Benthota Divisional Secretariat,80.012888,6.373562,Comfort
Boutique Villas,C & I BEACH HOTEL,"57,IRANAWILA WATTA, IRANAWILA, CHILAW",11,,Puttalam,Chilaw Pradeshiya Sabha,Puttalam Divisional Secretariat,79.796028,7.506236,Comfort
Boutique Villas,THE SUN HOUSE,"NO.18, UPPER DICKSON ROAD, GALLE",6,,Galle,Galle,Galle Divisional Secretariat,80.218948,6.038032,Budget
Boutique Villas,TIENTSIN BUNGALOW,"TIENTSIN BUNGALOW, TIENTSIN, BOGAWANTALAWA",6,,Nuwara Eliya,Ambagamuwa Pradeshiya Sabha,Nuwara Eliya Divisional Secretariat,80.657846,6.81343,Budget
Boutique Villas,THE KANDY HOUSE,"AMUNUGAMA WALAWWA GUNNAPANA, KANDY",10,,Kandy,Kandy,Kundasale Divisional Secretariat,80.61396,7.282111,Luxury
Boutique Villas,WHY HOUSE,"MIHIRIPENNA, TALPE, GALLE",8,,Galle,Galle,Galle Divisional Secretariat,80.266573,6.007401,Luxury
Boutique Villas,CASTLEREAGH BUNGALOW,"CASTLEREAGH DIVISION, CEYLON TEA TRAILS, DICKOYA, HATTON",5,,Nuwara Eliya,Nuwara Eliya,Nuwara Eliya Divisional Secretariat,80.572189,6.866252,Comfort
Boutique Villas,TURTLE BAY,"GURUPOKUNA,KALAMETIYA, HUNGAMA",8,,Hambantota,Hambantota,Hambantota Divisional Secretariat,80.933843,6.076428,Comfort
Boutique Villas,ARIKA VILLAS,"PUWAKATAWALA ROAD,40TH MILE POST,OFF MATALE ROAD,DAMBULLA.",9,,Matale,Dambulla Pradeshiya Sabha,Dambulla Divisional Secretariat,80.66269,7.792484,Budget
Boutique Villas,CLINGENDAEL,"VICTORIA GOLF & COUNTRY RESORT,P.O.BOX 7, KANDY.",5,,Kandy,Kandy,Medadumbara Divisional Secretariat,80.774172,7.267445,Budget
Boutique Villas,INDISCH,"NO.246,AHANGAMA KANDA,AHANGAMA.",5,,Galle,Habaraduwa,Habaraduwa Divisional Secretariat,80.372564,5.967664,Luxury
Boutique Villas,PARADISE ROAD THE VILLA BENTOTA,"138/18, GALLE ROAD,BENTOTA",8,,Galle,Bentota Pradeshiya Sabha,Benthota Divisional Secretariat,79.999713,6.411732,Luxruy
Bangalows,KIVGA HOLIDAY HOME,"4C/8 FIRST STAGE, MIHINDU MAWATHA, ANURADHAPURA",4,DELUXE,Anuradhapura,Anuradhapura,Anuradhapura East,80.416952,8.333752,Comfort
Bangalows,VILLA SUNBIRD,"89B, WELLAMANKARAYA, OFF HUE FERNANDO MAWATHA, NAINAMADAMA",6,DELUXE,Puttalam,Polonnaruwa,Wennappuwa Divisional Secretariat,79.837662,7.306926,Comfort
Bangalows,COMILLA BUNGALOW,"""COMILLA WATHE"" 76/5, INDURUGALLA, WATHURUGAMA",3,DELUXE,Gampaha,Gampaha,Dompe Divisional Secretariat,80.0942621,7.0566908,Budget
Bangalows,SANDELLE HOLIDAY RESORT,"4C/5, STAGE ONE, MIHINDU MAWATHA, ANURADHAPURA",6,STANDARD,Anuradhapura,Anuradhapura,Anuradhapura East,NULL,NULL,Budget
Bangalows,SACHAL MIR'S,"2-C, DUNGALPITIYA, THALAHENA, NEGAMBO",4,SUPERIOR,Gampaha,Negombo,Negombo Divisional Secretariat,79.8311,7.152417,Luxury
Bangalows,MISTY HILLS BOUTIQUE COTTAGE,"20/23,TOP PASS, KANDY ROAD, NUWARAELIYA.(VIA SANASA RESORT)",4,DELUXE,Nuwara Eliya,Nuwara Eliya,Nuwara Eliya Divisional Secretariat,80.7458665,6.9906717,Luxury
Bangalows,THE PIER,"NO 113/8B ,DUWAWATTA, ST PETER'S ROAD, KORALAWELLA. MORATUWA.",4,DELUXE,Colombo,Moratuwa,Moratuwa Divisional Secretariat,79.888801,6.773335,Comfort
Bangalows,SADULA HOLIDAY RESORT,"PULLAYAR JUNCTION, MIHINTHALE ROAD, ANURADHAPURA.",5,SUPERIOR,Anuradhapura,Anuradhapura,Anuradhapura East,80.4307097,8.3538076,Comfort
Bangalows,NETH PIYASA,"04/85, BEKKEGAMA ROAD, WALANA, PANADURA.",3,SUPERIOR,Kalutara,Kalutara Pradeshiya Sabha,Thanthirimulla,NULL,NULL,Budget
Bangalows,ST.ANNE S LAGOON HOUSE,"SOTHTHUPITIYA WADIYA, KALPITIYA ROAD, PALAKKUDA.",6,DELUXE,Puttalam,Kalpitiya Pradeshiya Sabha,Kalpitiya Divisional Secretariat,79.759615,8.229533,Budget
Bangalows,FOREST PARADISE GUEST HOME,"PASSARA ROAD, ELLA.",5,SUPERIOR,Badulla,Ella Pradeshiya Sabha,Ella Divisional Secretariat,81.05151,6.874164,Luxury
Bangalows,MOUNT PLEASANT,"78, MISTY HILLS, WALAGEDARA, WATTAPALA, KADUGANNAWA.",3,STANDARD,Kandy,Kandy,Udunuwara Divisional Secretariat,NULL,NULL,Luxruy
Bangalows,THE RANMIN BUNGALOW,"NO.9, TUDUWA, DAMPE, PILIYANDALA.",3,SUPERIOR,Colombo,Colombo,Colombo Divisional Secretariat,79.918606,6.766099,Comfort
Bangalows,GREEN GARDEN HOLIDAY BUNGALOW,"535/E , ANAGI MW, HORAGOLLA, NITTAMBUWA.",3,DELUXE,Gampaha,Gampaha,Gampaha Divisional Secretariat,NULL,NULL,Comfort
Bangalows,MATHUGAMA PIYASA,"KAJUGAHAWATTA, SAMAKANDA ROAD, MATHUGAMA.",3,STANDARD,Kalutara,Mathugama Pradeshiya Sabha,Mathugama Divisional Secretariat,NULL,NULL,Budget
Bangalows,CLOUDS,"64,LILY AVE, HAPUTALE.",5,DELUXE,Badulla,Haputale,Haputale Divisional Secretariat,80.94992,6.7647,Budget
Bangalows,CASA BLANCO,"395/95, HILL CREST GREEN ,BOWALAWATTE, UDA PERADENIYA, KANDY.",4,DELUXE,Kandy,Kandy,Kandy Divisional Secretariat,80.618416,7.254844,Luxury
Bangalows,HORAKELLE ESTATE,"BLOCK NO 2, PALLIYAPITIYA, DUNAGAHA.",9,DELUXE,Gampaha,Gampaha,Gampaha Divisional Secretariat,79.971366,7.251445,Luxury
Bangalows,SHINE INN TOURIST BUNGALOW,"12/10, GANIHIMULLA,DEWALAPOLA.",1,STANDARD,Gampaha,Minuwangoda Pradeshiya Sabha,Minuwangoda Divisional Secretariat,NULL,NULL,Comfort
Bangalows,ANKINDA LUXURIOUS VILLA,"293/11M, SURAMYA PLACE, GORAKAPOLA, PANADURA",4,DELUXE,Kalutara,Panadura Pradeshiya Sabha,Panadura Divisional Secretariat,79.904943,6.740224,Comfort
Bangalows,SILVER BEACH HOTEL,"66/12, ALLES GARDEN, UPPUVELI,TRINCOMALEE",5,STANDARD,Trincomalee,Trincomalee,Trincomalee Divisional Secretariat,81.218226,8.616767,Budget
Bangalows,HOTEL OCEAN PARK,"101,ALLES GARDEN, SAMPALTIVU,TRINCOMALEE",7,STANDARD,Trincomalee,Trincomalee,Trincomalee Divisional Secretariat,NULL,NULL,Budget
Bangalows,RAMANATHAN COTTAGE,"848/A, VALAIYOOLHU,IRRAKKAKANDY, NILAVELI.",3,STANDARD,Trincomalee,Trincomalee,Trincomalee Divisional Secretariat,NULL,NULL,Luxury
Bangalows,SAMANPAYA HOLIDAY BUNGALOW,"HELAMUDUNA, BANDARAWELA.",4,DELUXE,Badulla,Bandarawela Pradeshiya Sabha,Haputale Divisional Secretariat,80.983702,6.842848,Luxruy
Bangalows,LE GRAND MEAULNES - FAMILY HOLIDAY BUNGALOW,"""GREEN PATH"", TRINCOMALEE RD,HABARANA.",3,SUPERIOR,Anuradhapura,Anuradhapura,Anuradhapura East,80.760551,8.048284,Comfort
Bangalows,ABERDEEN RANGE HOLIDAY HOME,"RANJIRAWA, GINIGATHHENA",3,SUPERIOR,Nuwara Eliya,Nuwara Eliya,Nuwara Eliya Divisional Secretariat,80.465755,6.996841,Comfort
Bangalows,WASALA VILLAGE VIEW,"""WASALA"" , MULLE WATTA, ELLA GAMA, DIYATALAWA",5,SUPERIOR,Badulla,Haputale,Haputale Divisional Secretariat,NULL,NULL,Budget
Bangalows,CLUB LESPRI,"322,TRANQUILITY, GALAHA ROAD, NILLAMBA",6,DELUXE,Kandy,Kandy,Kandy Divisional Secretariat,80.639866,7.199854,Budget
Bangalows,BARAMBA,"NO.22,UPAL MAWATHA,PRIMROSE HILL,KANDY",3,DELUXE,Kandy,Kandy,Kandy Divisional Secretariat,NULL,NULL,Luxury
Bangalows,KOSALA BUNGALOW,"""KOSALA"" URANWELA,ELPITIYA.",4,STANDARD,Galle,Galle,Galle Divisional Secretariat,NULL,NULL,Luxury
Bangalows,BLUE LAGOON,"""BLUE LAGOON'WELLAWATTE,HIKKADUWA",3,SUPERIOR,Galle,Hikkaduwa,Hikkaduwa Divisional Secretariat,80.101595,6.147039,Comfort
Bangalows,SENANI COLONIAL HOLIDAY BUNGALOW,"NO.80,LADY MC CALUM DRIVE,HAWAELIYA,NUWARA ELIYA",4,DELUXE,Nuwara Eliya,Nuwara Eliya,Nuwara Eliya Divisional Secretariat,80.776064,6.973548,Comfort
Bangalows,RIVER SIDE INN FUJI,"81,CIRCULAR ROAD,OBADAWATTA,BENTOTA",4,DELUXE,Galle,Bentota Pradeshiya Sabha,Benthota Divisional Secretariat,80.007141,6.428151,Budget
Bangalows,ARANGA-LA,"NO.10,HOSPITAL ROAD,HOMAGAMA",3,DELUXE,Colombo,Homagama Pradeshiya Sabha,Homagama Divisional Secretariat,NULL,NULL,Budget
Bangalows,WESTROM VILLA,"ROBOLGODA, BENTOTA.",5,STANDARD,Galle,Bentota Pradeshiya Sabha,Benthota Divisional Secretariat,NULL,NULL,Luxury
Bangalows,KANDY HOUSE,"NO 95,UPUL MAWATHA, ,5TH LANE,PRIMROSE GARDEN,KANDY",2,DELUXE,Kandy,Kandy,Kandy Divisional Secretariat,80.613952,7.282027,Luxruy
Bangalows,THE RANMIN LODGE,"""THE RUNMIN LODGE"",NO.12,GLENFALL LANE,NUWARA ELIYA",7,SUPERIOR,Nuwara Eliya,Nuwara Eliya,Nuwara Eliya Divisional Secretariat,NULL,NULL,Comfort
Bangalows,LANDS END,"649/13,SK TOWN,MEDDAWATTA,MATARA",3,STANDARD,Matara,Matara,Matara Divisional Secretariat,80.570361,5.939156,Comfort
Bangalows,COCOON HILLS,"21A,GLENFALL ROAD,NUWARA ELIYA",6,DELUXE,Nuwara Eliya,Nuwara Eliya,Nuwara Eliya Divisional Secretariat,NULL,NULL,Budget
Bangalows,SERENITY VILLA,"NO.14/2,AMARASENA MAWATHA,HIKKADUWA",3,STANDARD,Galle,Hikkaduwa,Hikkaduwa Divisional Secretariat,80.101597,6.139843,Budget
Bangalows,SPRING ACRE,"NO.495 A-4, KANDY ROAD, TOPPASS,NUWARA ELIYA",4,DELUXE,Nuwara Eliya,Nuwara Eliya,Nuwara Eliya Divisional Secretariat,80.748221,6.990897,Luxury
Bangalows,TEA HILLS,"LYND HEAVEN , FRUIT HILL, HATTON",4,SUPERIOR,Nuwara Eliya,Nuwara Eliya,Nuwara Eliya Divisional Secretariat,80.590915,6.896988,Luxury
Bangalows,THAMBARAVILA,"""THAMBARAVILA"",NO.44/5,5TH LANE,NAWALA ROAD,RAJAGIRIYA",2,SUPERIOR,Colombo,Kotte Muncipal Council,Kotte Divisional Secretariat,NULL,NULL,Comfort
Bangalows,REEF EDGE RESORT,"NO 11C, BEACH ROAD , POLHENA ,MATARA",4,SUPERIOR,Matara,Matara,Matara Divisional Secretariat,80.528325,5.936969,Comfort
Bangalows,LANKAN BRUNCH,"NO.152 ,PALLIYAWATTA ROAD, HENDALA, WATTALA",5,SUPERIOR,Gampaha,Wattala Pradeshiya Sabha,Wattala Divisional Secretariat,NULL,NULL,Budget
Bangalows,THE OCEAN FRONT,"14, SELLAMUTTU AVENUE, COLOMBO 3",6,DELUXE,Colombo,Colombo,Colombo Divisional Secretariat,79.8491,6.908351,Budget
Bangalows,RICHARDS,"NO. 08, SAMADHI MAWATHA, WELLANGOLLA ROAD, KURUNEGALA",5,STANDARD,Kurunegala,Kurunegala,Kurunegala Divisional Secretariat,NULL,NULL,Luxury
Bangalows,MOUNTAIN GEM,"237A, SRIMATH KUDA RATWATTA MW, KANDY.",4,SUPERIOR,Kandy,Kandy,Kandy Divisional Secretariat,NULL,NULL,Luxruy
Bangalows,AVANA,"35, CHARLES PLACE, COLOMBO 3.",3,DELUXE,Colombo,Colombo,Colombo Divisional Secretariat,NULL,NULL,Comfort
Bangalows,JASMINE HOMES,"27/1, GREENFIELD PARK, MADIWELA, KOTTE",3,DELUXE,Colombo,Colombo,Colombo Divisional Secretariat,79.92095,6.876324,Comfort
Bangalows,CEILAO VILLAS COLOMBO,"47/1,JAWATTE ROAD, COLOMBO 5.",6,DELUXE,Colombo,Colombo,Colombo Divisional Secretariat,79.867188,6.897036,Budget
Bangalows,5TH LANE HOUSE,"51/1A, FIFTH LANE COLOMBO 3.",4,DELUXE,Colombo,Colombo,Colombo Divisional Secretariat,79.854306,6.904586,Budget
Bangalows,KIKILI HOUSE,"32, LOWER DICKSON ROAD, GALLE.",4,DELUXE,Galle,Galle,Galle Divisional Secretariat,NULL,NULL,Luxury
Bangalows,AMAYA BUNGALOW,"258, BOWALAWATTA,KANDY",8,DELUXE,Kandy,Kandy,Kandy Divisional Secretariat,NULL,NULL,Luxury
Bangalows,CINNAMON VILLA,"KADJUGASDUWA ESTATE,MIRISWATTA, HABURUGALA, BENTOTA.",4,SUPERIOR,Galle,Bentota Pradeshiya Sabha,Benthota Divisional Secretariat,NULL,NULL,Comfort
Bangalows,MUTTON BUTTON,"96/21/D, RAJAPIHILLA MAWATHA, KANDY",8,DELUXE,Kandy,Kandy,Kandy Divisional Secretariat,80.644256,7.284123,Comfort
Bangalows,CEILAO VILLAS KIRINDA,"SUDUWELIPALASSA, KATTADIWEWA, KIRINDA.",2,DELUXE,Hambantota,Hambantota,Hambantota Divisional Secretariat,81.33386,6.228375,Budget
Bangalows,CEILAO VILLAS KABALANA,"KABALANA, WELHENGODA, AHANGAMA.",4,DELUXE,Galle,Galle,Galle Divisional Secretariat,80.346907,5.978085,Budget
Bangalows,FOREST VILLA,"185B, RAJAPIHILLA MW, KANDY",5,SUPERIOR,Kandy,Kandy,Kandy Divisional Secretariat,80.643597,7.284137,Luxury
Bangalows,VIHARAGALA ESTATE BUNGALOW,"BERAGALA KOSLANDA RD, NIKAPOTHA P.O. VIA HAPUTALE",5,DELUXE,Badulla,Haldummulla Pradeshiya Sabha,Haldummulla Divisional Secretariat,80.941688,6.760753,Luxruy
Bangalows,LA VILLA SANCTUARY,"1143/G/6, THE SANCTUARY, FOREST DRIVE, THALAWATHUGODA.",2,DELUXE,Colombo,Colombo,Colombo Divisional Secretariat,79.932122,6.879158,Comfort
Bangalows,CLIFF HOUSE,"LABUGOLLA, HATHARALIYADDA.",4,SUPERIOR,Kandy,Kandy,Kandy Divisional Secretariat,NULL,NULL,Comfort
Bangalows,PARADISE KANDY,"195/7A,RICHMOND HILL ESTATE, HEERASSAGALA,KANDY",5,DELUXE,Kandy,Kandy,Kandy Divisional Secretariat,80.619126,7.276424,Budget
Bangalows,SUNROCK,"195/1A, HEERASSAGALA ROAD, KANDY.",5,DELUXE,Kandy,Kandy,Kandy Divisional Secretariat,80.622612,7.27082,Budget
Bangalows,THE BLISS,"18, WIJEYA ROAD, TUDELLA, JA ELA.",5,SUPERIOR,Gampaha,Gampaha,Ja-Ela Divisional Secretariat,79.893517,7.066622,Luxury
Bangalows,JUNGLE TIDE,"UDUWELA,HANTANE,KANDY",4,DELUXE,Kandy,Kandy,Kandy Divisional Secretariat,80.655947,7.233831,Luxury
Bangalows,NATURES TREAT BUNGLOW,"494/4, 4TH LANE,RUWANPURA SOUTH, KALAPALALUWAWE ROAD, AGGONA JUNCTION",3,DELUXE,Colombo,Kaduwela Pradeshiya Sabha,Battaramulla,79.920741,6.914802,Comfort
Bangalows,KANO LANKA CENTRE,"MAHATENNA ESTATE, ELKADUWA, MATALE.",10,STANDARD,Matale,N/A,Ukuwela Divisional Secretariat,80.610315,7.409476,Comfort
Bangalows,RIVERSIDE BUNGALOW,"RIVER SIDE BUNGLOW, NO 55, PARADISE ISLAND ROAD,BENTOTA",4,DELUXE,Galle,Bentota Pradeshiya Sabha,Benthota Divisional Secretariat,NULL,NULL,Budget
Bangalows,LIYON LANKA,"188/1, N.J.V COORAY MAWATHA, NAWALA,RAJAGIRIYA",5,DELUXE,Colombo,Colombo,Nugegoda Divisional Secretariat,NULL,NULL,Budget
Bangalows,51 BUNGALOW,"51,QUINTIN FERNANDO MAWATHA,NEGOMBO",2,DELUXE,Gampaha,N/A,Negombo Divisional Secretariat,NULL,NULL,Luxury
Bangalows,DINUDA RESORT,"PUDUKUDUERIPPU, SETHAWADI, KALPITIYA",4,STANDARD,Puttalam,Kalpitiya Pradeshiya Sabha,Kalpitiya Divisional Secretariat,79.736991,8.229038,Luxruy
Bangalows,LANDS END BUNGALOW,"YADDEHIMULLA ROAD, UNAWATUNA",7,DELUXE,Galle,Habaraduwa,Habaraduwa Divisional Secretariat,80.240342,6.008725,Comfort
Bangalows,GREGORY'S BUNGALOW,"109, UPPER LAKE ROAD, NUWARA ELIYA",6,DELUXE,Nuwara Eliya,Nuwara Eliya,Nuwara Eliya Divisional Secretariat,80.784538,6.956362,Comfort
Bangalows,KAHAMBE ESTATE VILLA,"73/1, KAHAMBE ESTATE, KAHAMBE, PILIMATHALAWA",4,STANDARD,Kandy,Udunuwara Pradeshiya Sabha,Udunuwara Divisional Secretariat,80.550455,7.255776,Budget
Bangalows,WHITE PALACE,"NO 92, GALMADUWA ESTATE, KUNDASALE",5,SUPERIOR,Kandy,Kundasle,Kundasale Divisional Secretariat,NULL,NULL,Budget
Bangalows,DEEN HAUS,"15/1, BEACH ROAD, MOUNTLAVINIA.",5,DELUXE,Colombo,Dehiwala-Mount Lavinia,Dehiwala Divisional Secretariat,NULL,NULL,Luxury
Bangalows,TEARAMB HOLIDAY BUNGALOW,"38, KARAGASTHALAWA, KATUKITHULA",4,SUPERIOR,Nuwara Eliya,Wellawaya,Kothmale Divisional Secretariat,80.676164,7.074153,Luxury
Bangalows,UVA BEN HEAD PLANTATION (UPPER) BUNGALOW,"UVA BEN HEAD ESTATE, WELIMADA",4,SUPERIOR,Badulla,Welimada Pradeshiya Sabha,Welimada Divisional Secretariat,NULL,NULL,Comfort
Bangalows,GAGA ADDARA GUEST,"7TH MILE POST, HEPOLA, DIYAKOBBALA, BIBILE",4,STANDARD,Moneragala,Bibile,Bibile Divisional Secretariat,NULL,NULL,Comfort
Bangalows,TRANQUILLA,"KADJUWETIYA ROAD, PELPITIGODA.",4,DELUXE,Kalutara,Pathahewaheta,Ingiriya Divisional Secretariat,NULL,NULL,Budget
Bangalows,AIRPORT VILLA,"LIVER BROTHER ROAD, LIYANAGEMULLA ROAD, SEEDUWA",5,DELUXE,Gampaha,Seeduwa,Katana Divisional Secretariat,79.872697,7.142227,Budget
Bangalows,SATORI VILLA,"KORATUWA GEDARA, MATARAMBA ROAD, UNAWATUNA, GALLE.",4,DELUXE,Galle,Akmeemana,Akmeemana Divisional Secretariat,80.271419,6.021524,Luxury
Bangalows,GALKANDA WALAUWE,"27, WALALA, MENIKHINNA",3,SUPERIOR,Kandy,Kundasle,Kundasale Divisional Secretariat,80.687187,7.319149,Luxruy
Bangalows,HILL WAY TOUR INN,"102 1/1, RAJAPIHILLAWA MAWATHA, KANDY",5,STANDARD,Kandy,Kandy,Kandy Divisional Secretariat,80.649055,7.283988,Comfort
Bangalows,IVORY BUNGALOW,"HASTHI LANKA, TEMPLE ROAD, GANEHIMULLA, DEVALAPOLA",4,DELUXE,Gampaha,Minuwangoda Pradeshiya Sabha,Minuwangoda Divisional Secretariat,NULL,NULL,Comfort
Bangalows,DICK OYA BUNGALOW,"HATTON MASKELIYA ROAD, DICK OYA ESTATE, DICK OYA",4,DELUXE,Nuwara Eliya,Hatton-Dickoya,Ambagamuwa Divisional Secretariat,NULL,NULL,Budget
Bangalows,MANGO VILLA,"54, TEMPLERS ROAD, MOUNT LAVINIA",4,SUPERIOR,Colombo,Dehiwala-Mount Lavinia,Mount Lavinia,NULL,NULL,Budget
Bangalows,DEERPOINT BUNGALOW,"18/7A,SISIL SEWANA, SIRIMALWATTA, KANDY",6,SUPERIOR,Kandy,Kundasle,Kandy Divisional Secretariat,80.650061,7.300052,Luxury
Bangalows,SERENITY LAKE FRONT VILLA,"90/15(90/13A), BILYMORIA MAWATHA, IHALA INDEBEDDA, MORATUWA",4,DELUXE,Colombo,Moratuwa,Moratuwa Divisional Secretariat,79.900295,6.77621,Luxury
Bangalows,GALKADAWALA FOREST LODGE,"GALKADAWALA, PALUGASWEWA, HABARANA",4,DELUXE,Polonnaruwa,Palugaswewa,Palugaswewa,80.69252,8.031355,Comfort
Bangalows,AMALI RESIDANCE,"62/10, OLD KOTTAWA ROAD, DABARE ROAD, MIRIHANA, NUGEGODA",5,DELUXE,Colombo,Kotte Muncipal Council,Sri jayawadanapura,NULL,NULL,Comfort
Bangalows,ABEYS VILLA,"140, GALLE ROAD,PINWATTE,PANADURA",5,DELUXE,Kalutara,Panadura Pradeshiya Sabha,Kalutara Divisional Secretariat,79.918264,6.686462,Budget
Bangalows,KOTHMALE HOLIDAY BUNGALOW,"126, NAWA NUGAWELA, GAMPOLA",3,SUPERIOR,Nuwara Eliya,Nuwara Eliya,Kothmale Divisional Secretariat,80.592182,7.063135,Budget
Bangalows,PEACOCK RESIDENCE,"NIDANGALA WATTE, MALIGATENNA, 5 ELA, SHRAWASTIPURA",5,STANDARD,Anuradhapura,Anuradhapura,Anuradhapura East,80.38993,8.308446,Luxury
Bangalows,THAMBILI BEACH HOUSE,"400, GURU KANDA, DALAWELLA, UNAWATUNA, GALLE",4,DELUXE,Galle,Habaraduwa,Habaraduwa Divisional Secretariat,NULL,NULL,Luxruy
Bangalows,PLANTATION VILLA,"PLANTATION VILLA, WATTALAYA WATTE, NEHINNA, DODANGODA",8,DELUXE,Kalutara,Kalutara Pradeshiya Sabha,Kalutara Divisional Secretariat,80.062346,6.548825,Comfort
Bangalows,VILLA MAYURANA,"PELASSA ROAD, SANTHOSAGAMA 80650, AHANGAMA",4,DELUXE,Galle,Habaraduwa,Habaraduwa Divisional Secretariat,80.341569,6.007656,Comfort
Bangalows,BOLGODA COTTAGE,"149, GALKANUWA ROAD, GORAKANA, KESELWATTE, MORATUWA",4,DELUXE,Kalutara,Kalutara Pradeshiya Sabha,Kalutara Divisional Secretariat,NULL,NULL,Budget
Bangalows,ROYAL COCOON,"2, WEDDERBURN ROAD, NUWARA ELIYA",7,DELUXE,Nuwara Eliya,Nuwara Eliya,Nuwara Eliya Divisional Secretariat,80.770444,6.968445,Budget
Bangalows,APSARA,"332, WELIPENNA ROAD, ALUTHGAMA",3,DELUXE,Kalutara,Aluthgama,Aluthgama,80.003386,6.433525,Luxury
Bangalows,PASMEEGODA ESTATE BUNGALOW,"PASMEEGODA ESTATE, KOHOLANA, KALUTARA",4,STANDARD,Kalutara,Kalutara Pradeshiya Sabha,Kalutara Divisional Secretariat,79.966016,6.588994,Luxury
Bangalows,HILL CREST VILLA,"3, HILL CREST VILLA GREEN, UDA PERADENIYA, KANDY",5,SUPERIOR,Kandy,Kandy,Gagawata,80.61694,7.257661,Comfort
Bangalows,MANGO HOUSE,"3, LEYN BAAN CROSS STREET, GALLE FORT, GALLE",7,DELUXE,Galle,Galle,Galle Divisional Secretariat,80.218427,6.026796,Comfort
Bangalows,THE KANDYAN VILLA,"532/30, HEERASSAGALA ROAD, HEERASSAGALA, KANDY",3,DELUXE,Kandy,Gagawata Koralya,Gagawata,80.622027,7.266516,Budget
Bangalows,SPLASHBUG RESIDENCIES,"42/2, WATAMAWATHA ROAD, NAWINNA, MAHARAGAMA",5,SUPERIOR,Colombo,Colombo,Maharagama Divisional Secretariat,NULL,NULL,Budget
Bangalows,FORT BLISS,"84, LIGHT HOUSE STREET, FORT, GALLE",4,DELUXE,Galle,Galle,Galle Divisional Secretariat,80.217201,6.024691,Luxury
Bangalows,HERITAGE LIFE,"46/100,. KASAPAGAMA, PIDURANGALA, SIGIRIYA",3,DELUXE,Matale,Dambulla Pradeshiya Sabha,Dambulla Divisional Secretariat,NULL,NULL,Luxruy
Bangalows,1ST CHOICE,"9/1, FIRST LANE, RATMALANA, MOUNT LAVINIA",5,STANDARD,Colombo,Dehiwala-Mount Lavinia,Ratmalana Divisional Secretariat,79.875503,6.819636,Comfort
Bangalows,VILLA BAYWATCH,"PEELA ROAD, BUONAVISTA, RUMASSALA, GALLE",6,DELUXE,Galle,Habaraduwa,Habaraduwa Divisional Secretariat,80.23837,6.016349,Comfort
Bangalows,KETHA TOURIST BUNGALOW,"INDURUOWITA, THITHAGALLA, AHANGAMA",3,SUPERIOR,Galle,Galle,Imaduwa Divisional Secretariat,NULL,NULL,Budget
Bangalows,VILLA ROSA,"71/20, DODANWELA PASSAGE, ASGIRIYA, KANDY",5,DELUXE,Kandy,Kandy,Gagawata,80.623796,7.299604,Budget
Bangalows,AARA RESIDENCES,"9/4, DE SERAM ROAD, MOUNT LAVINIA",4,SUPERIOR,Colombo,Colombo,Colombo Divisional Secretariat,NULL,NULL,Luxury
Bangalows,MODERN CITY INN,"426, MAIN STREET, NEGAMBO",8,SUPERIOR,Gampaha,Gampaha,Negombo Divisional Secretariat,79.844831,7.212444,Luxury
Bangalows,MAX WADIYA,"147,GALLE ROAD, (PARROT JUNCTION), URAWATTE, AMBALANGODA",3,DELUXE,Galle,Galle,Galle Divisional Secretariat,80.057195,6.220452,Comfort
Bangalows,LEISURE BUNGALOW,"101/18, MANIKPURAGAMA, WALLIMATAGAMA, KATARAGAMA",4,SUPERIOR,Moneragala,Katharagama,Moneragala Divisional Secretariat,NULL,NULL,Comfort
Bangalows,BEDDEGAMA ECOPARK,"653/3, KAWANTHISSAPURA, TISSAMAHARAMA",7,DELUXE,Hambantota,Thissamaharama,Thissamaharama Divisional Secretariat,NULL,NULL,Budget
Bangalows,COLOMBO LOFT,"365/3, R.A DE MEL MAWATHA, COLOMBO 3",1,SUPERIOR,Colombo,Colombo,Colombo Divisional Secretariat,NULL,NULL,Budget
Bangalows,TAMARIND,"1/104, RAHULA MAWATHA, DIGANA",3,SUPERIOR,Kandy,Kundasle,Kundasale Divisional Secretariat,80.749437,7.265486,Luxury
Bangalows,HILL SAFARI,"LOWER BRAY ESTATE, OHIYA",5,STANDARD,Badulla,Welimada Pradeshiya Sabha,Haldummulla Divisional Secretariat,80.8563,6.797426,Luxruy
Bangalows,OAK RESIDENCIES,"NO. 83/2/1 & 83/2/2, SARATHCHANDRA DIAS MAWATHA, PAMUNUVILA, KIRIBATHGODA",4,DELUXE,Gampaha,Gampaha,Biyagama Divisional Secretariat,79.932283,6.970955,Comfort
Bangalows,LALITH VILLA,"35, SAMUDRADEVI MAWATHA, ETHUL KOTTE",4,DELUXE,Colombo,Kotte Muncipal Council,Colombo Divisional Secretariat,NULL,NULL,Comfort
Bangalows,LANKA STAR BUNGALOW,"66/6, RATHNAYKE MAWATHA, PELAWATTE, BATTARAMULLA",4,DELUXE,Colombo,Kaduwela Pradeshiya Sabha,kaduwela Divisional Secretariat,79.926141,6.886401,Budget
Bangalows,WADDUWA BEACH VILLA,"36/17, SANATH PERERA MAWATHA, SOUTH THALPITIYA, WADDUWA",6,DELUXE,Kalutara,Panadura Pradeshiya Sabha,Panadura Divisional Secretariat,79.922982,6.670927,Budget
Bangalows,LOTUS CHALETS ECO HOTEL-UDAWALAWA,"PAHALA KUMBUKEWEWA, CANAL ROAD, MIGAHAJANDURA, SOORIYAWEWA",3,SUPERIOR,Hambantota,Hambantota,Sooriyawewa Divisional Secretariat,81.02264,6.365119,Luxury
Bangalows,VILLA DE ROSHE,"60 6C, UNIQUE VIEW ROAD, NUWARA ELIYA",3,DELUXE,Nuwara Eliya,Nuwara Eliya,Nuwara Eliya Divisional Secretariat,80.762589,6.963889,Luxury
Bangalows,CRANFORD VILLA,"542, KAHAGOLLA, DIYATHALAWA",5,DELUXE,Badulla,Haputale,Bandarawela Divisional Secretariat,NULL,NULL,Comfort
Bangalows,THE SHADY NOOK - DIGANA,"1/149, VICTORIA RANGE, KENGALLA",4,SUPERIOR,Kandy,Kundasle,Kundasale Divisional Secretariat,80.737145,7.288235,Comfort
Bangalows,KANDY SALUBRIOUS RESIDENCE,"13/4, DEEKIRIMADAWALA, NATTARAMPOTHA",5,DELUXE,Kandy,Kundasle,Kundasale Divisional Secretariat,NULL,NULL,Budget
Bangalows,HATALE BUNGALOW,"392, MAIN STREET, MATALE",5,DELUXE,Kandy,Kandy,Kandy Divisional Secretariat,80.727487,7.374981,Budget
Bangalows,COCO VILLE,"WATERVILLE ESTATE, KUMBURUMULA ROAD, KALKUDA",3,DELUXE,Batticaloa,Batticaloa,Batticaloa Divisional Secretariat,81.565127,7.910318,Luxury
Bangalows,KANDY HILLS BUNGALOW,"96/1, PUNCHI BOGAPITIYA, DUMARA MAWATHA, BALAGOLA",2,DELUXE,Kandy,Kandy,Kandy Divisional Secretariat,NULL,NULL,Luxruy
Bangalows,ESCONDITE,"17/2, SUDHARMAN MAWATHA, RAJAMAHA VIHARA ROAD, PITA-KOTTE",5,DELUXE,Colombo,Colombo,Battaramulla,79.913016,6.881239,Comfort
Bangalows,LAKE VIEW VILLA,"LAKE VIEW VILLA, KATHALUWA, AHANGAMA.",4,DELUXE,Galle,Habaraduwa,Habaraduwa Divisional Secretariat,80.346964,5.993668,Comfort
Bangalows,HALA HOUSE COLOMBO,"NO 7, KOTHALAWALA GARDENS, COLOMBO 4",9,DELUXE,Colombo,Colombo,Thimbirigasyaya Divisional Secretariat,NULL,NULL,Budget
Bangalows,ELEPHANT REACH VILLA,"NO 686, KEGALLE - RAMBUKKANA ROAD, PINNAWALA",4,SUPERIOR,Kegalle,Rambukkana Pradeshiya Sabha,Rambukkana Divisional Secretariat,80.386898,7.304627,Budget
Bangalows,FIELD GARDEN,"NO 183/1, STATION MAWATHA, MAHARAGAMA",4,SUPERIOR,Colombo,Maharagama,Maharagama Divisional Secretariat,NULL,NULL,Luxury
Bangalows,ZODA BOLGODA,"WADAKKARA KOTUWA, MEDAGAMA, BANDARAGAMA",3,SUPERIOR,Kalutara,Bandaragama Pradeshiya Sabha,Bandaragama Divisional Secretariat,NULL,NULL,Luxury
Bangalows,ANCOOMBRA HOLIDAY BUNGALOW,"392, MAIN STREET, MATALE",4,DELUXE,Kandy,Kandy,Poojapitiya Divisional Secretariat,NULL,NULL,Comfort
Bangalows,LIGHT HOUSE PROPERTY,"48, LIGHT HOUSE STREET, FORT, GALLE",4,DELUXE,Galle,Galle,Galle Divisional Secretariat,NULL,NULL,Comfort
Bangalows,AMBALAMA VILLA,"596, MATARA ROAD, DALAWELLA, UNAWATUNA",4,DELUXE,Galle,Habaraduwa,Habaraduwa Divisional Secretariat,80.260597,6.00147,Budget
Bangalows,SATIN SANDS LANKA,"796, MATARA ROAD, MIHIRIPANNA, THALPE",4,DELUXE,Galle,Habaraduwa,Habaraduwa Divisional Secretariat,NULL,NULL,Budget
Bangalows,HERITAGE BUNGALOW (PVT) LTD,"NO 59, MIRISWATTE, PUWAKPITIYA",3,SUPERIOR,Colombo,Seethawaka Pradeshiya Sabha,Seethawaka Divisional Secretariat,NULL,NULL,Luxury
Bangalows,SHADY GROVE TOURIST BUNGALOW,"7, GANTHERA MAWATHA, WATAPULAWA, KANDY",4,SUPERIOR,Kandy,Kandy,Kandy Divisional Secretariat,80.6434,7.321631,Luxruy
Bangalows,VILLA PANORAMA,"429/5, SARASAVIGAMA ROAD, MAHAKANDA, HINDAGALA",6,DELUXE,Kandy,Gagawata Koralya,Kandy Divisional Secretariat,80.610235,7.224908,Comfort
Bangalows,DIYAGAL VILLA,"42, PITAWALA ROAD, HIRIWADUNNA, PINNAWALA, RAMBUKKANA",4,SUPERIOR,Kegalle,Kegalle,Rambukkana Divisional Secretariat,80.387853,7.288899,Comfort
Bangalows,KADUGANNAWA REACH,"YATANTALE, UDAMULLA",7,STANDARD,Kegalle,Kegalle,Mawanella Divisional Secretariat,NULL,NULL,Budget
Bangalows,COLOMBO VILLA,"16/6, CAMBRIDGE PLACE, COLOMBO 7",4,DELUXE,Colombo,Colombo,Colombo Divisional Secretariat,79.860018,6.907345,Budget
Bangalows,THE WIND,"16.B, ANDIYAMBALAMA",1,STANDARD,Gampaha,Gampaha,Katana Divisional Secretariat,NULL,NULL,Luxury
Bangalows,LODGE 19,"NO 19, AVE MARIA ROAD, NEGOMBO",6,DELUXE,Gampaha,Negombo,Negombo Divisional Secretariat,79.843006,7.214054,Luxury
Bangalows,VILLA MAGGONA,"82/2, GALLE ROAD, MAGGONA",4,DELUXE,Kalutara,Kalutara Pradeshiya Sabha,Kalutara Divisional Secretariat,NULL,NULL,Comfort
Bangalows,ALLSPICE VILLA,"730A, KOTTE ROAD, ETHUL KOTTE",4,DELUXE,Colombo,Sri Jayawardenapura-Kotte,Sri jayawadanapura,79.905837,6.895521,Comfort
Bangalows,NEW OLD DUTCH HOUSE,"NO 21, MIDDLE STREET, FORT, GALLE",6,STANDARD,Galle,Galle,Galle Divisional Secretariat,80.21553,6.028071,Budget
Bangalows,THE PRIVACY ECO LODGE,"394, AKURALA, KAHAWA",3,STANDARD,Galle,Hikkaduwa,Hikkaduwa Divisional Secretariat,NULL,NULL,Budget
Bangalows,KIRCHHAYN BUNGALOW,"KIRCHHAYN BUNGALOW, AISLABY FARM & ESTATE, BANDARAWELA",5,DELUXE,Badulla,Bandarawela Pradeshiya Sabha,Bandarawela Divisional Secretariat,80.98351,6.864006,Luxury
Bangalows,VILLA 4 U,"VILLA 4 U"", SHRAMADHANA MAWATHA, KALUWAMODARA, ALUTHGAMA",4,DELUXE,Kalutara,Beruwala Pradeshiya Sabha,Beruwala Divisional Secretariat,79.997339,6.444442,Luxruy
Bangalows,ECO JUNGLE HIDEOUT,"ECO JUNGLE HIDEOUT, BERAGAMA, MAKADURA, MULATIANA",4,SUPERIOR,Matara,Mulatiyana Pradeshiya Sabha,Mulatiyana Divisional Secretariat,80.566296,6.162424,Comfort
Bangalows,GROVE SRI LANKA,"DIAS WATTE, ATTAVILLU, PALAVIA, PUTTALAM",2,DELUXE,Puttalam,Puttalam Pradeshiya Sabha,Puttalam Divisional Secretariat,79.843058,7.979181,Comfort
Bangalows,JASMIN VILLA,"JASMIN VILLA, DAMBULLA ROAD, HABARANA",3,SUPERIOR,Anuradhapura,Anuradhapura,Palugaswewa,NULL,NULL,Budget
Bangalows,COCO PALMS,"COCO PALMS, YAKKALA ESTATE, TANK ROAD, IBBAGAMUWA",3,SUPERIOR,Kurunegala,Ibbagamuwa Pradeshiya Sabha,Ibbagamuwa Divisional Secretariat,NULL,NULL,Budget
Bangalows,SEVENAGAMA,"SEVANAGAMA ROAD, OFF TRINCO ROAD, HABARANA",4,SUPERIOR,Anuradhapura,Palugaswewa,Palugaswewa,80.75421,8.049015,Luxury
Bangalows,KUMBUKGAS MANKADA-SIGIRIYA,"KUMBUKGAS MANKADA, AUDANGAWA, SIGIRIYA",3,SUPERIOR,Matale,Dambulla Pradeshiya Sabha,Dambulla Divisional Secretariat,80.743527,8.000215,Luxury
Bangalows,VILLA 29 RATHNAGIRI,"NO. 29, RATNAGIRI, AKURALA,KAHAWA.",4,STANDARD,Galle,Hikkaduwa,Hikkaduwa Divisional Secretariat,NULL,NULL,Comfort
Bangalows,DUTCH HOUSE,"DUTCH HOUSE, ""SAGALA"",POONAGALA ROAD, BANDARAWELA",2,DELUXE,Badulla,Bandarawela Pradeshiya Sabha,Bandarawela Divisional Secretariat,80.998309,6.824441,Comfort
Bangalows,WHITE HOUSE-AMPARA,"NO 229, NEW TOWN, AMPARA",5,SUPERIOR,Ampara,Ampara,Ampara Divisional Secretariat,81.685484,7.299177,Budget
Bangalows,GOLDEN NEST VILLA,"NO 50 A, THAPODARAMA TEMPLE ROAD, HANTANA, KANDY",5,DELUXE,Kandy,Gagawata Koralya,Kandy Divisional Secretariat,NULL,NULL,Budget
Bangalows,15 L M D,"NO 87, LADY MANNING DRIVE , BATTICALOA",4,STANDARD,Batticaloa,Batticaloa,Batticaloa Divisional Secretariat,NULL,NULL,Luxury
Bangalows,THE SANCTUARY BOUTIQUE BUNGALOW,"NO 29 ""DUMIDU SEVANA"", DEVI ROAD, WATAPULUWA, KANDY.",4,DELUXE,Kandy,Kandy,Kandy Divisional Secretariat,NULL,NULL,Luxruy
Bangalows,KIZUNA HOUSE,"MEEGAHAPALLASSA JUNCTION, MEEGAHAPALLASSA, WELIPANNAGAHAMULLA",4,DELUXE,Kurunegala,Udubaddawa Pradeshiya Sabha,Udubaddawa Divisional Secretariat,79.942617,7.446826,Comfort
Bangalows,SUPUN VILLA,"SUPUN VILLA, PITARAMA, BENTOTA",5,DELUXE,Galle,Bentota Pradeshiya Sabha,Benthota Divisional Secretariat,79.998279,6.42059,Comfort
Bangalows,FERNCLIFF BOUTIQUE BUNGALOW,"NO 7/10,WEDDER BURN ROAD,NUWARA ELIYA",4,DELUXE,Nuwara Eliya,Nuwara Eliya,Nuwara Eliya Divisional Secretariat,80.76969,6.971091,Budget
Bangalows,THE FICUS GROVE,"ANURADHAPURA ROAD,HABARANA",5,DELUXE,Anuradhapura,Pathahewaheta,Palugaswewa,80.745094,8.044281,Budget
Bangalows,COCOWORLD BUNGALOW,"MALIGAWA ESTATE,RANAWIRU SIRI NANDANA MAWATHA,HAMMALIYA,BANDARA KOSWATTA",2,SUPERIOR,Kurunegala,Panduwasnuwara Pradeshiya Sabha,Wariyapola Divisional Secretariat,NULL,NULL,Luxury
Bangalows,VILLA CAPERS,"26,CHANDRALEKHA MAWATHA, COLOMBO 08",5,DELUXE,Colombo,Colombo,Colombo Divisional Secretariat,79.883241,6.915085,Luxury
Bangalows,TAPPERS VILLAGE ESTATE BANGALOW,"JAYASUNDARAKELE, EPITAWALA WATTE, EPITAWALA, KIRIELLA",4,DELUXE,Ratnapura,Kuruwita Pradeshiya Sabha,Kiriella Divisional Secretariat,80.244119,6.743342,Comfort
Bangalows,LAVONRICH BUNGLOW,"NO:154,MEEGOLLA WATTA,NALANDA",3,SUPERIOR,Matale,Matale,Naula Divisional Secretariat,NULL,NULL,Comfort
Bangalows,MARLEY'S BEACH HOUSE,"MATARA ROAD, MIHIRIPANNA, THALPE, GALLE",2,DELUXE,Galle,Galle,Galle Divisional Secretariat,NULL,NULL,Budget
Bangalows,WAVES,"TURTLE REACH, KAPUHENWALA ROAD, MARAKOLLIYA, TANGALLE",4,DELUXE,Hambantota,Tangalle Pradeshiya Sabha,Tangalle Divisional Secretariat,NULL,NULL,Budget
Bangalows,NISELRO HOLIDAY VILLA,"NO. 915A/11, PALLAKELE VILLAGE, KUNDASALE, KANDY",4,DELUXE,Kandy,Kundasle,Kundasale Divisional Secretariat,NULL,NULL,Luxury
Bangalows,KANDY COTTAGE,"NO. 160, LADY GORDON DRIVE, KANDY",3,SUPERIOR,Kandy,Kandy,Kandy Divisional Secretariat,80.639766,7.301451,Luxruy
Bangalows,AKKARA DAHAYA,"VICTORS LAND, KIRIWELDOLA RD, BATAYAYA, DENIYAYA",3,DELUXE,Matara,Matara,Matara Divisional Secretariat,80.545213,6.358469,Comfort
Bangalows,VILLA TARA,"SARATH GUNAWARDANA MAWATHA, WAULUGODA, 2ND CROSS STREET, HIKKADUWA, SRI LANKA",5,DELUXE,Galle,Galle,Galle Divisional Secretariat,80.102254,6.135854,Comfort
Bangalows,NATURES BLISS HOLIDAYS,"112/6, HETTIYAWATTA, ELAPITIWALA, RAGAMA",3,SUPERIOR,Gampaha,Wattala Pradeshiya Sabha,Wattala Divisional Secretariat,79.90494,7.01558,Budget
Bangalows,MOUNT VIEW BUNGLOW,"58/A,INDIGAHAGODALLA,AKURESSA ROAD,YAKKALAMULLA.",2,SUPERIOR,Galle,Galle,Yakkalamulla Divisional Secretariat,NULL,NULL,Budget
Bangalows,THE COVE,193 PORUTOTA ROAD KOCHCHIKADE,3,DELUXE,Gampaha,Negombo,Gampaha Divisional Secretariat,79.842018,7.250783,Luxury
Bangalows,GALLE HILL TOP,"PALAGALAGODAKANDA, NAVINNA, ULUVITIKE (GALLE)",5,SUPERIOR,Galle,Bope,Thumpane Divisional Secretariat,80.209678,6.06871,Luxury
Bangalows,25 RAMPART STREET,"NO.25, RAMPART STRET, FORT, GALLE.",4,DELUXE,Galle,Galle,Galle Divisional Secretariat,NULL,NULL,Comfort
Bangalows,SERENDIVA,"39,RANTHOTUWILA ROAD,HABURUGALA,BENTOTA.",4,DELUXE,Galle,Bentota Pradeshiya Sabha,Benthota Divisional Secretariat,NULL,NULL,Comfort
Bangalows,DIAMOND HILLS VILLA,"BOGAHAMULA HENA, THAMBILIDENIYA, MAHAWELA",3,DELUXE,Matale,Matale,Pallepola Divisional Secretariat,NULL,NULL,Budget
Bangalows,PALM HEAVEN,"STADIUM ROAD, ULHITIYAWA, WENNAPPUWA.",3,DELUXE,Puttalam,Negombo,Negombo Divisional Secretariat,NULL,NULL,Budget
Bangalows,VILLA ALICE AND FRIENDS,"NO.110C, HANATHOTUPOLA ROAD, NAINAMADAMA (EAST)",4,DELUXE,Gampaha,Negombo,Negombo Divisional Secretariat,79.840965,7.31502,Luxury
Bangalows,DIYANILLAKELLE ESTATE BUNGALOW,"DIYANILLAKELLE ESTATE BUNGALOW, DIYANILLAKELLE ESTATE,LINDULA.",5,DELUXE,Nuwara Eliya,Nuwara Eliya,Nuwara Eliya Divisional Secretariat,80.669435,6.903036,Luxruy
Bangalows,BURTHARS BUNGALOW,"226/1,MOONPLAINS MAHAGASTOTA,NUWARA ELIYA",3,SUPERIOR,Nuwara Eliya,Nuwara Eliya,Nuwara Eliya Divisional Secretariat,NULL,NULL,Comfort
Bangalows,THE VILLA,"NO.49/37, NAGAHAMULLA ROAD, PELAWATTE, BATTARAMULLA.",4,DELUXE,Colombo,Colombo,Battaramulla,NULL,NULL,Comfort
Bangalows,SAYORISATHURU VILLA.,NO 285/9 SOMAHIMI MAWATHA KOTHALAWALA KADUWELA.,4,STANDARD,Colombo,Kaduwela Pradeshiya Sabha,kaduwela Divisional Secretariat,NULL,NULL,Budget
Bangalows,VILLA GLENLOCH,"48,GLENLOCH ESTATE,KATUKITULA.",5,DELUXE,Nuwara Eliya,Nuwara Eliya,Kothmale Divisional Secretariat,80.680021,7.078737,Budget
Bangalows,THE SAFFRON HOUSE,"WETAKEIYAGAHAHENA, PEHEMBIYA, DICKWELLA.",4,DELUXE,Matara,Dickwella,Dickwella Divisional Secretariat,80.704002,5.959839,Luxury
Bangalows,STAY KANDY,"NO.79/63P, DODANWALA PASSAGE, KANDY.",4,SUPERIOR,Kandy,Kandy,Kandy Divisional Secretariat,NULL,NULL,Luxury
Bangalows,VILLA 17,"17TH MILE POST, KALPITIYA ROAD, KANDAKUDAWA.",3,SUPERIOR,Puttalam,Kalpitiya Pradeshiya Sabha,Kalpitiya Divisional Secretariat,NULL,NULL,Comfort
Bangalows,POINTE SUD,"MADIHA,KAMBURUGAMUWA,GODAKANDA,MATARA.",5,DELUXE,Matara,Matara,Matara Divisional Secretariat,NULL,NULL,Comfort
Bangalows,SAMAUYANA HOLIDAY BUNGALOW,"KADUGANNAWA ROAD, BOWALA, GAMPOLA.",5,DELUXE,Kandy,Gampola,Gampola Divisional Secretariat,80.562739,7.251451,Budget
Bangalows,THE GREENDALE-WATAWALA,"63RD MILE POST, WATAWALA TEA ESTATE, AVISSAWELLA-HATTON RD, WATAWALA.",3,STANDARD,Nuwara Eliya,Ambagamuwa Pradeshiya Sabha,Ambagamuwa Divisional Secretariat,80.545954,6.934554,Budget
Bangalows,RAJA HOUSE,"39A, 39A/1, RAJASINGHE ROAD, COLOMBO 06.",4,DELUXE,Colombo,Colombo,Colombo Divisional Secretariat,79.859458,6.868215,Luxury
Bangalows,HAVELOCK SANCTUARY,"425/15, HAVELOCK ROAD, COLOMBO 06.",3,DELUXE,Colombo,Colombo,Thimbirigasyaya Divisional Secretariat,79.868829,6.879174,Luxruy
Bangalows,BASILEA GUEST,"282/5, DIYARILLA ROAD, MORAGALLA, BERUWALA",6,SUPERIOR,Kalutara,Beruwala Pradeshiya Sabha,Beruwala Divisional Secretariat,79.986403,6.454283,Comfort
Bangalows,STUART HOUSE,"NO.08, MIHINDU MAWATHA, TANGALLE.",3,DELUXE,Hambantota,Tangalle Pradeshiya Sabha,Tangalle Divisional Secretariat,NULL,NULL,Comfort
Bangalows,PARADISE COVE,"PARADISE COVE, HANWELLA, NILWELLA ROAD, DICKWELLA.",5,SUPERIOR,Matara,Dickwella,Dickwella Divisional Secretariat,NULL,NULL,Budget
Bangalows,THIRASARA HOLIDAY RESORT,"NO.279, MAHASENPURA, TISSAMAHARAMAYA.",5,SUPERIOR,Hambantota,Thissamaharama,Thissamaharama Divisional Secretariat,81.299168,6.297342,Budget
Bangalows,ADS BUNGALOW,"NO.156/14, 2ND STAGE, ANDAGALA ESTATE, BAMUNUGEDARA, KURUNEGALA.",5,SUPERIOR,Kurunegala,Kurunegala,Kurunegala Divisional Secretariat,80.371217,7.504404,Luxury
Bangalows,RIVERPOOL HOLIDAY BUNGALOW,"NO.01, BARANDA COLONY, KATABOOLA-NAWALAPITIYA.",4,STANDARD,Kandy,Pasbage Korale Pradeshiya Sabha,Pasbage Korale Divisional Secretariat,80.584803,7.014959,Luxury
Bangalows,218 HOLIDAY RESORT,218-KETAWALA-LEWLA(VIA KANDY),3,STANDARD,Kandy,Kandy,Gagawata,80.67853,7.258813,Comfort
Bangalows,VILLA AMORE MIO BEACH,"GALLE ROAD,HABAKKALA,MAHA INDURUWA,80510",6,SUPERIOR,Galle,Bentota Pradeshiya Sabha,Benthota Divisional Secretariat,80.012281,6.365953,Comfort
Bangalows,I.J. LAKE VIEW HOLIDAY BUNGALOW,"NO.66A, BONAVISTA ROAD, NUWARAELIYA.",3,SUPERIOR,Nuwara Eliya,Nuwara Eliya,Nuwara Eliya Divisional Secretariat,80.774988,6.955038,Budget
Bangalows,SNOWDROP,"NO.77,ST-JOSEPH MAWATHA,ETTUKALA,NEGOMBO.",5,SUPERIOR,Gampaha,Negombo,Negombo Divisional Secretariat,79.844519,7.241739,Budget
Bangalows,SAGALA,"386/1 GALLE ROAD, KALUTHARA NORTH",3,DELUXE,Kalutara,Kalutara Pradeshiya Sabha,Kalutara Divisional Secretariat,NULL,NULL,Luxury
Bangalows,STRATHDON BUNGALOW,"STRATHDON ESTATE, (HATTON-AWISSAWELLA ROAD), HATTON.",4,DELUXE,Nuwara Eliya,Hatton-Dickoya,Ambagamuwa Divisional Secretariat,NULL,NULL,Luxruy
Bangalows,SRI BEACH,"BEACH ROAD, MUDUKATUWA NORTH, MARAWILA.",4,SUPERIOR,Puttalam,Nattandiya Pradeshiya Sabha,Nattandiya Divisional Secretariat,79.818184,7.407049,Comfort
Bangalows,SAMUDRA VILLA,"TALIMUDDARA GEWATTA,MATARA ROAD,TALPE.",2,DELUXE,Galle,Habaraduwa,Habaraduwa Divisional Secretariat,NULL,NULL,Comfort
Bangalows,AQUA BEACH,"GURUPOKUNA, HUNGAMA.",4,SUPERIOR,Hambantota,Tangalle Pradeshiya Sabha,Tangalle Divisional Secretariat,NULL,NULL,Budget
Bangalows,ROYAL GUEST HOUSE,"351/8/A, RANKOTHVEHERA ROAD, NISSHANKAMALLAPURA, POLONNARUWA.",4,STANDARD,Polonnaruwa,Polonnaruwa,Thamankaduwa Divisional Secretariat,NULL,NULL,Budget
Bangalows,GALAHA TEA BUNGALOW,"GALAHA ESTATE BIG BUNGALOW,MORAGOLLA ROAD,GALAHA.",4,DELUXE,Kandy,Kandy,Delthota Divisional Secretariat,80.663933,7.203967,Luxury
Bangalows,SANCTUARY,"VICTORIA GOLF COURSE,RAJAWELLA,DIGANA,KANDY.",4,DELUXE,Kandy,Kandy,Medadumbara Divisional Secretariat,NULL,NULL,Luxury
Bangalows,THE STREAM,"PAHIYAN VALLEY,NIGGAHA,BULATHSINHALA.",3,DELUXE,Kalutara,Bulathsinhala Pradeshiya Sabha,Bulathsinhala Divisional Secretariat,NULL,NULL,Comfort
Bangalows,VILLA ATULYA,"MUHUDU MAWATHA, WELIKADE, THALARAMBA, KAMBURUGAMUWA.",6,DELUXE,Matara,Weligama Pradeshiya Sabha,Weligama Divisional Secretariat,80.474229,5.937654,Comfort
Bangalows,ALBANY NUWARA ELIYA,"11/4, UPPER LAKE ROAD, NUWARA ELIYA",4,DELUXE,Nuwara Eliya,Nuwara Eliya,Nuwara Eliya Divisional Secretariat,80.773455,6.969254,Budget
Bangalows,KING FISHER LEISURE,"MALIMIYA WATTA,YADDEHIMULLA ROAD,UNAWATUNA,GALLE.",4,DELUXE,Galle,Habaraduwa,Habaraduwa Divisional Secretariat,80.244339,6.008391,Budget
Bangalows,BENTOTA RIVER VILLA,"NO:72,MIHIRIPENNA ROAD,DHARGA TOWN - 12090",4,SUPERIOR,Kalutara,Beruwala Pradeshiya Sabha,Beruwala Divisional Secretariat,NULL,NULL,Luxury
Bangalows,LUMBINI LAGOON.,"MIRIHANAWATHTHA,KATHALUWA.AHANGAMA.",4,DELUXE,Galle,Habaraduwa,Habaraduwa Divisional Secretariat,80.345444,5.987618,Luxruy
Bangalows,MIHIRI BEACH HOUSE,"SANUK HOLDING,MIHIRI BEACH HOUSE,MATARA ROAD,TALPE",4,DELUXE,Galle,Habaraduwa,Habaraduwa Divisional Secretariat,80.265508,5.999711,Comfort
Bangalows,VILLA GOODWILL PARADISE,"NO:5/23 B,PINKANDA ROAD,THIRANAGAMA,HIKKADUWA",5,SUPERIOR,Galle,Hikkaduwa,Hikkaduwa Divisional Secretariat,80.115051,6.122144,Comfort
Bangalows,BELPEAK COTTAGE,"BELPEAK COTTAGE, GALAGAMA, BELIHULOYA",2,STANDARD,Ratnapura,Ratnapura,Imbulpe Divisional Secretariat,80.768507,6.720504,Budget
Bangalows,SAKARA HOLIDAY BUNGALOW,"NO:55/7,RASIKA,VISHUDHARAMA MAWATHA,AHANGAMA",4,DELUXE,Galle,Habaraduwa,Galle Divisional Secretariat,80.373961,5.97099,Budget
Bangalows,ELYSIUM,"NO: 776/2, MATARA ROAD ,MIHIRIPENNA ,TALPE.",5,DELUXE,Galle,Habaraduwa,Habaraduwa Divisional Secretariat,80.270811,5.998461,Luxury
Bangalows,FAR HORIZONS VILLA,"FAR HORIZONS VILLA, UNAWATUNA KANDA, UNAWATUNA, GALLE",5,DELUXE,Galle,Habaraduwa,Habaraduwa Divisional Secretariat,NULL,NULL,Luxury
Bangalows,RAN DALU UYANA,"NO.370/8, COLOMBO ROAD, GORAKANA, KESELWATTA, MORATUWA",2,SUPERIOR,Kalutara,Moratuwa,Panadura Divisional Secretariat,NULL,NULL,Comfort
Bangalows,RIVERINE COUNTRY HOUSE,"NO: 393 ,DUTUGEMUNU MAWATHE , MARWILMADU,KANDY",5,DELUXE,Kandy,Kandy,Kandy Divisional Secretariat,NULL,NULL,Comfort
Bangalows,KANDA HOLIDAY BUNGALOW,"NO.104, PARADISE PARK, HANTANA, KANDY",3,SUPERIOR,Kandy,Gagawata Koralya,Gagawata,80.63132,7.279461,Budget
Bangalows,VILLA SAFIRA AYURVEDA RESIDENCE,"YALEGAMA, MIRISWATTE ROAD, GONAGALA, INDURUWA",4,DELUXE,Galle,Bentota Pradeshiya Sabha,Benthota Divisional Secretariat,NULL,NULL,Budget
Bangalows,PARADISE COTTAGE FINN BUNGALOWS,"NO.195 B/1, MEEWALADENIYA, HANDESSA",3,SUPERIOR,Kandy,Kandy,Ratmalana Divisional Secretariat,NULL,NULL,Luxury
Bangalows,FIELD VILLA,"FIELD VIEW, KALAHE, WANCHAWELA, GALLE",4,DELUXE,Galle,Akmeemana,Akmeemana Divisional Secretariat,NULL,NULL,Luxruy
Bangalows,YALEGODA WALAUWA,"YALEGODA ESTATE, HANDESSA VIA PERADENIYA",4,DELUXE,Kandy,Udunuwara Pradeshiya Sabha,Udunuwara Divisional Secretariat,80.588479,7.24078,Comfort
Bangalows,BAY BEACH BUNGALOW,"BAY BEACH HOTEL,GANDHI NAGAR,KUMBURUPITIYA,NILAVELI,TRINCOMALEE",5,SUPERIOR,Trincomalee,Kuchchaveli,Kuchchaveli Divisional Secretariat,81.172867,8.731013,Comfort
Bangalows,RANMIN BELLAIR BUNGALOW,"BELLAIR ESTATE,PUWAKPITIYA",5,DELUXE,Colombo,Seethawaka Pradeshiya Sabha,Hanwella,NULL,NULL,Budget
Bangalows,OCEAN CREST,"NO:123,GALLE ROAD,AHANGAMA.",8,DELUXE,Galle,Habaraduwa,Habaraduwa Divisional Secretariat,80.354672,5.975647,Budget
Bangalows,THE TEAK SHADE,"NO 200/19 MEEWALADENIYA, HANDESSA,GELI OYA, KANDY",2,DELUXE,Kandy,Kandy,Udunuwara Divisional Secretariat,NULL,NULL,Luxury
Bangalows,NISALA VILLA,"108/6, HAPUGODA, AMBATENNA",3,DELUXE,Kandy,Harispattuwa Pradeshiya Sabha,Harispattuwa Divisional Secretariat,80.608337,7.349201,Luxury
Bangalows,ECO LANKA VILLA,"MAUSSAWA ESTATE, HALPOLA, PUUDALUOYA",8,STANDARD,Nuwara Eliya,Nuwara Eliya,Kothmale Divisional Secretariat,80.64202,7.019245,Comfort
Bangalows,SERENE HOLIDAY BANGALOW,"NO 17A, PIRIS WEDA MAWATHA, KALUWADUMULLA, AMBALANGODA",3,DELUXE,Galle,Ambalangoda,Ambalangoda Divisional Secretariat,NULL,NULL,Comfort
Bangalows,THE COVE PASSIKUDAH,"NASSIVANTHWU, OFF WALACHCHENAI",4,DELUXE,Batticaloa,Batticaloa,Batticaloa Divisional Secretariat,81.539806,7.934389,Budget
Bangalows,CASA MIJA,"N0 37,GALLE ROAD,KAMBURUGAMUWA",5,DELUXE,Matara,Weligama Pradeshiya Sabha,Welimada Divisional Secretariat,80.618416,7.254844,Budget
Bangalows,THE FERN COVE VILLA,"465/4,LAKE ROAD,AKUREGODA,BATTARAMULLA.",5,DELUXE,Colombo,Kaduwela Pradeshiya Sabha,kaduwela Divisional Secretariat,NULL,NULL,Luxury
Bangalows,LIYON REST,"4TH MAIL POST, SIGIRIYA",4,STANDARD,Matale,Matale,Dambulla Divisional Secretariat,NULL,NULL,Luxruy
Bangalows,THUSARE TALKING HANDS,"NO 103/12, DHARMAPALA MAWATHA, COLOMBO 07",2,DELUXE,Colombo,Colombo,Colombo Divisional Secretariat,79.857257,6.914122,Comfort
Bangalows,SIGIRI ACCESS VILLA,"NO 90, SIGIRI ROAD, INAMALUWA",5,SUPERIOR,Matale,Dambulla Pradeshiya Sabha,Dambulla Divisional Secretariat,NULL,NULL,Comfort
Bangalows,LAKMINI,"KAYANWALA, SIGIRIYA",5,STANDARD,Matale,Dambulla Pradeshiya Sabha,Dambulla Divisional Secretariat,NULL,NULL,Budget
Bangalows,SUNSHINE RESORTS,"NO 78, KOVIL ROAD,MASKELIYA.",4,STANDARD,Nuwara Eliya,Nuwara Eliya,Nuwara Eliya Divisional Secretariat,80.571781,6.831458,Budget
Bangalows,42 LIGHT HOUSE STREET,"42, LIGHTHOUSE STREET, GALLE",4,DELUXE,Galle,Galle,Galle Divisional Secretariat,80.216417,6.027748,Luxury
Bangalows,SAL ROCK FALLS,"376/5, ARANYA ROAD, SPRING HILL ESTATE, BOWALAWATTE, KANDY",4,SUPERIOR,Kandy,Gagawata Koralya,Kandy Divisional Secretariat,NULL,NULL,Luxury
Bangalows,MOUNTAIN ROCK HOLIDAY RESORT,"NO.202/3,BOWELAWATTA,KANDY",2,SUPERIOR,Kandy,Gagawata Koralya,Kandy Divisional Secretariat,80.617917,7.260512,Comfort
Bangalows,SUNTOP INN,"NO 18,POLICE ROAD,ELLA",4,STANDARD,Badulla,Ella Pradeshiya Sabha,Ella Divisional Secretariat,NULL,NULL,Comfort
Bangalows,FREEDOM GUEST INN,"132/1,SAPUMALTHANNA,PASSARA ROAD,ELLA",4,STANDARD,Badulla,Ella Pradeshiya Sabha,Ella Divisional Secretariat,NULL,NULL,Budget
Bangalows,ROCK VIEW,"ROCK VIEW GUEST HOUSE,ELLA",5,STANDARD,Badulla,Ella Pradeshiya Sabha,Ella Divisional Secretariat,NULL,NULL,Budget
Bangalows,SANROCK,"NO 9, RATHNAGIRI WATTA, ELLA",3,STANDARD,Badulla,Ella Pradeshiya Sabha,Ella Divisional Secretariat,NULL,NULL,Luxury
Bangalows,BACK OF BEYOND PIDURANGALA,"KURULU UYANA, TEMPLE ROAD, PIDURANGALA, SIGIRIYA",4,SUPERIOR,Matale,Dambulla Pradeshiya Sabha,Dambulla Divisional Secretariat,80.763529,7.969325,Luxruy
Bangalows,BACK OF BEYOND DEHIGAHA ELA,"ALAKOLAWEWA, DEHIGAHA ELA, SIGIRIYA",4,DELUXE,Matale,Dambulla Pradeshiya Sabha,Dambulla Divisional Secretariat,80.787916,7.914324,Comfort
Bangalows,THE NEW LAND GUEST,"283,MAIN ROAD,KALKUDAH.",8,STANDARD,Batticaloa,Koralai Pattu,Koralai Pattu Divisional Secretariat,81.553927,7.897904,Comfort
Bangalows,KANDANA REST,"117/A/4(27), DE MAZENOD COLLEGE ROAD, HAPUGODA, KANDANA",2,STANDARD,Gampaha,Ja-Ela Pradeshiya Sabha,Ja-Ela Divisional Secretariat,NULL,NULL,Budget
Bangalows,SIMLA INN,"PASSIKUDAH ROAD, KALKUDAH",8,STANDARD,Batticaloa,Batticaloa,Valaichchenai Divisional Secretariat,81.554464,7.920843,Budget
Bangalows,NEW REST INN,"PASSIKUDAH ROAD, KALKUDAH",4,STANDARD,Batticaloa,Batticaloa,Valaichchenai Divisional Secretariat,NULL,NULL,Luxury
Bangalows,WHITE HOUSE FAMILY STAY,"GREEN VILLAGE, WELAGANE, MASPOTHA,KURUNEGALA",3,DELUXE,Kurunegala,Kurunegala,Maspotha Divisional Secretariat,NULL,NULL,Luxury
Bangalows,BLUE WATER VILLA,"318, DAMPE ROAD, PILIYANDALA",5,DELUXE,Colombo,Kesbewa,Kesbewa Divisional Secretariat,79.913509,6.785133,Comfort
Bangalows,TROPICAL RETREAT,"NO 182, HEENATIGALA ROAD, UNAWATUNA, GALLE",5,DELUXE,Galle,Akmeemana,Akmeemana Divisional Secretariat,80.254688,6.020797,Comfort
Bangalows,UVA BEN HEAD PLANTATION (LOWER) BUNGALOW,"UVA BEN HEAD ESTATE, WELIMADA",4,DELUXE,Badulla,Welimada Pradeshiya Sabha,Welimada Divisional Secretariat,NULL,NULL,Budget
Bangalows,PLANTERS BUNGALOW,"10 MILE POST, UVA- KARADAGOLLA, ELLA",6,DELUXE,Badulla,Ella Pradeshiya Sabha,Ella Divisional Secretariat,81.07644,6.831055,Budget
Bangalows,AMBASEWANA MANSION,"NO 05, THOTAMUNA ROAD, THOTAMUNA, MATARA",4,DELUXE,Matara,Matara,Matara Divisional Secretariat,80.541717,5.944455,Luxury
Bangalows,SCOTTISH PLANTER GLENDEVON BUNGALOW,"RAGALA, HALGRAN OYA",4,DELUXE,Nuwara Eliya,Nuwara Eliya,Walapane Divisional Secretariat,NULL,NULL,Luxruy
Bangalows,LESPRI GRAND,"35, KIMBULAPITIYA ROAD, THELWATHTHA JUNCTION, NEGOMBO",8,DELUXE,Gampaha,Negombo,Negombo Divisional Secretariat,NULL,NULL,Comfort
Bangalows,THE FERN COVE,"270/4, MEEPILIMANA, NUWARAELIYA",4,SUPERIOR,Nuwara Eliya,Nuwara Eliya,Nuwara Eliya Divisional Secretariat,NULL,NULL,Comfort
Bangalows,GREEN VIEW GUEST,"GREEN VIEW GUEST,ELLA.",6,STANDARD,Badulla,Bandarawela Pradeshiya Sabha,Ella Divisional Secretariat,NULL,NULL,Budget
Bangalows,BUNGALOW 1926,"NO.20, CROSS STREET, NUWARA ELIYA",3,DELUXE,Nuwara Eliya,Nuwara Eliya,Nuwara Eliya Divisional Secretariat,80.76542,6.977103,Budget
Bangalows,P.G.C. RESIDENCE,"271, ELAGOLLA WATTA, HEERASSAGALA, KANDY",5,DELUXE,Kandy,Gagawata Koralya,Gagawata,80.619967,7.268558,Luxury
Bangalows,SUBASHRI,"SUBASHRI, QUAILS RIDGE, VICTORIA GOLF & COUNTRY RESORT, DIGANA, KANDY",4,DELUXE,Kandy,Kandy,Kandy Divisional Secretariat,80.765034,7.267648,Luxury
Bangalows,BELLA CASA,"9/2, 4TH LANE, RATMALANA",3,STANDARD,Colombo,Dehiwala-Mount Lavinia,Ratmalana Divisional Secretariat,79.878536,6.817599,Comfort
Bangalows,ELADETTA WALAUWA,"ELADETTA ESTATE, HANDESSA, KANDY",5,DELUXE,Kandy,Udunuwara Pradeshiya Sabha,Kandy Divisional Secretariat,80.578203,7.21801,Comfort
Bangalows,RIVER EDGE BUNGALOW,"WARAPITIYA ROAD,KATUDENIYA,MATALE",3,SUPERIOR,Matale,Matale,Rattota Divisional Secretariat,80.644202,7.430442,Budget
Bangalows,VISAL BUNGALOWS,"1/116, LAKE SIDE AVENUE, VICTORIYA RANGE, KENGALLA",3,SUPERIOR,Kandy,Kandy,Kandy Divisional Secretariat,NULL,NULL,Budget
Bangalows,VISAL BUNGALOWS,"2/259, LOTUS AVENUE, VICTORIA RANGE, KENGALLA",3,SUPERIOR,Kandy,Kandy,Kandy Divisional Secretariat,80.729544,7.287538,Luxury
Bangalows,N AND N VILLA,"246, LOTUS VICTORIA AVENUE, KENGALLA",3,SUPERIOR,Kandy,Kandy,Kandy Divisional Secretariat,NULL,NULL,Luxruy
Bangalows,ROBERT RESIDENCE,"NO. 12/7, ROBERT GUNAWARDENA MAWATHA, COLOMBO 06",3,SUPERIOR,Colombo,Colombo,Thimbirigasyaya Divisional Secretariat,79.876095,6.877735,Comfort
Bangalows,CASSIA HILL,"WERAHERAWATTA,MEEPE,HABARADUWA,GALLE.",4,DELUXE,Galle,Habaraduwa,Habaraduwa Divisional Secretariat,80.289822,6.018153,Comfort
Bangalows,GIRIULLA MAOYA ELEPHANT VILLA,"UDARA STATE, MASNORUWA, GIRIULLA",3,SUPERIOR,Kurunegala,Kurunegala,Kurunegala Divisional Secretariat,80.150604,7.192303,Budget
Bangalows,DEEP BLUE,"39/3, POLHENA ROAD, POLHENA, MATARA",5,SUPERIOR,Matara,Matara,Matara Divisional Secretariat,80.525786,5.940061,Budget
Bangalows,RIVERS EDGE,"NO:11, PANAPITIYA, KARANDENIYA",3,SUPERIOR,Galle,MC,Karandeniya Divisional Secretariat,NULL,NULL,Luxury
Bangalows,EAGAL'S NEST,"BUONA VISTA, UNAWATUNA, GALLE",4,SUPERIOR,Galle,Habaraduwa,Habaraduwa Divisional Secretariat,80.241193,6.021211,Luxury
Bangalows,BENI BEACH RESORT,"NO.5/8A,8TH CROSS, THIRUCHENTHUR ROAD,KALLADY,BATTICALOA.",4,STANDARD,Batticaloa,Batticaloa,Batticaloa Divisional Secretariat,81.713547,7.721915,Comfort
Bangalows,OLIVE GREEN RESORT,"NO.96,NEW DUTCH BAR ROAD,KALLADY,BATTICALOA.",4,STANDARD,Batticaloa,Batticaloa,Batticaloa Divisional Secretariat,81.712474,7.723162,Comfort
Bangalows,BONGO STAY,"11, BOYD PLACE, COLOMBO 03",5,DELUXE,Colombo,Colombo,Colombo Divisional Secretariat,79.85455,6.913767,Budget
Bangalows,CHAMELIA,"WATTAHERIYA WATTA,BALLAKETUWA ROAD,ELLA",5,SUPERIOR,Badulla,Ella Pradeshiya Sabha,Ella Divisional Secretariat,NULL,NULL,Budget
Bangalows,LA- MONTANA RESORT,"""DISNA""KITHAL-ELLA,ELLA",3,SUPERIOR,Badulla,Ella Pradeshiya Sabha,Ella Divisional Secretariat,NULL,NULL,Luxury
Bangalows,VILLA RAHA,"33, MCLEOD ROAD, BAMBALAPITIYA, COLOMBO 04",7,DELUXE,Colombo,Colombo,Colombo Divisional Secretariat,79.860711,6.884798,Luxruy
Bangalows,ANYAA LIFESTYLE,"HELENA MAWATHA, WENNAPUWA.",4,SUPERIOR,Puttalam,Wennappuwa Pradeshiya Sabha,Wennappuwa Divisional Secretariat,79.839299,7.337334,Comfort
Bangalows,PLANTAGE,"PALLIWASAL PADUWA, KOTTANTIVE",4,STANDARD,Puttalam,Kalpitiya Pradeshiya Sabha,Mundalama Divisional Secretariat,NULL,NULL,Comfort
Bangalows,TASKANS VILLA,"30/17,CROCKTAIN MAWATHA, HEKITHTHA, WATTALA",5,DELUXE,Gampaha,Wattala Pradeshiya Sabha,Wattala Divisional Secretariat,NULL,NULL,Budget
Bangalows,HOTEL SISIL THERA,"NO:558/A, D.S SENANAYAKE MAWATHA, STAGE TOWN, ANURADHAPURA",4,STANDARD,Anuradhapura,Anuradhapura,Anuradhapura East,80.396271,8.319266,Budget
Bangalows,VILLA VISTA,"MIHIRI KANDA WATTA, HENWALA, MIRISSA",4,DELUXE,Matara,Weligama,Weligama Divisional Secretariat,NULL,NULL,Luxury
Bangalows,HAGGAI TOURIST BUNGALOW,"NO 20, HALGASWATTE LANE, KIRULAPONE, COLOMBO 06",5,DELUXE,Colombo,Colombo,Thimbirigasyaya Divisional Secretariat,NULL,NULL,Luxury
Bangalows,GULANAHENA TEA ESTATE BUNGALOW,"GULANAHENA TEA ESTATE,NILGAHAHENA,THINIYAWALA",3,STANDARD,Kalutara,Palindanuwara Pradeshiya Sabha,Palindanuwara Divisional Secretariat,80.321286,6.404352,Comfort
Bangalows,KORAGAHA LODGE,"23, KORAGAHA ULPATHA, RANAKELIYA, TISSAMAHARAMA",4,DELUXE,Hambantota,Thissamaharama,Thissamaharama Divisional Secretariat,81.332646,6.239433,Comfort
Bangalows,THISARA HOLIDAY BUNGALOW,"NO83,CONTINENTAL RESIDENSIES,ADNEWS ROAD,PERIYAMULLA,NEGAMBO",4,DELUXE,Gampaha,Negombo,Gampaha Divisional Secretariat,NULL,NULL,Budget
Bangalows,KURULU ESTATE,"KURUNDU WATTHA, NAGASPOLA,RAKWANA",2,STANDARD,Ratnapura,Ratnapura,Godakawela Divisional Secretariat,80.643837,6.502264,Budget
Bangalows,STAFFORD BUNGALOW,"HALGRANOYA,RAGALA",4,DELUXE,Nuwara Eliya,Nuwara Eliya,Walapane Divisional Secretariat,80.857195,7.011928,Luxury
Bangalows,SANCHAREE MOUNTAIN VIEW BUNGALOW,"SANASA HOLIDAY RESORT, NO. 495, KANDY ROAD, TOP PASS, NUWARA ELIYA",5,SUPERIOR,Nuwara Eliya,Nuwara Eliya,Nuwara Eliya Divisional Secretariat,80.748229,6.990895,Luxruy
Bangalows,NERALU UYANA VILLAS,"NERALU UYANA ESTATE, NARAWALA, THALGASYAYA, AKMEEMANA, GALLE",1,STANDARD,Galle,Akmeemana,Akmeemana Divisional Secretariat,80.243823,6.099019,Comfort
Bangalows,VILLA SUKUM,"18, QUAILS RIDGE, VICTORIA GOLF CLUB,DIGANE",6,DELUXE,Kandy,Kandy,Kandy Divisional Secretariat,80.7742644,7.2650791,Comfort
Bangalows,SKY TERRACE KANDY,20/4 A.B DAMUNUPOLA MAWATHA KANDY,6,DELUXE,Kandy,Kandy,Kandy Divisional Secretariat,NULL,NULL,Budget
Bangalows,HAWALLI VILLA,"492/2, PERADENIYA ROAD, KANDY",2,SUPERIOR,Kandy,Kandy,Kandy Divisional Secretariat,80.621635,7.282176,Budget
Bangalows,COZY NEST,"9, UPPER DICKSON ROAD, GALLE",2,DELUXE,Galle,Galle,Galle Divisional Secretariat,80.218819,6.038124,Luxury
Bangalows,PITTANIYA VILLA,"37/14, DAMRUWAN MAWATHA, MIHIRIPENNA, THALPE, GALLE",3,DELUXE,Galle,Habaraduwa,Habaraduwa Divisional Secretariat,80.27095,6.001739,Luxury
Bangalows,WELIGAMA GEDARA,"NO 5/6, BANDARANAYAKA MAWATHA, HETTIWEEDIYA, WELIGAMA",3,STANDARD,Matara,Weligama Pradeshiya Sabha,Weligama Divisional Secretariat,80.428849,5.977378,Comfort
Bangalows,APPAS BREEZY HOME STAY,"15, PUTHU MUGATHUWARAM,BATTICALOA",2,STANDARD,Batticaloa,Batticaloa,Manmunai North Divisional Secretariat,81.67473,7.730997,Comfort
Bangalows,HOTEL TOBIKO,"NO 24, MURUGAPURI ROAD, UPPUVELI, TRINCOMALEE",4,SUPERIOR,Trincomalee,Trincomalee,Trincomalee Divisional Secretariat,81.219524,8.601562,Budget
Bangalows,SAFE HEAVEN FAMILY VILLA,"29/248 SHANTHA KUMAR RANASINGHE MW, AMPITIYA RD, KANDY",3,SUPERIOR,Kandy,Kandy,Kandy Divisional Secretariat,80.651097,7.283451,Budget
Bangalows,"SPD BUNGALOW ""WATAWALA LASSANA""","MISTY RANGES, HATTON ROAD, WATAWALA.",5,STANDARD,Nuwara Eliya,Ginigathhena,Ambagamuwa Divisional Secretariat,80.546785,6.9323964,Luxury
Bangalows,VILLA KANCHANA,"WELIKADE,MUHUDU MAWATHA,THALARAMBE,KAMBURUGAMUWA,MATARA",5,DELUXE,Matara,Weligama Pradeshiya Sabha,Weligama Divisional Secretariat,80.493827,5.948646,Luxruy
Bangalows,VILLA SEVEN,"NO:07(332/1),JUBILEE LANE,WALANA,PANADURA",3,SUPERIOR,Kalutara,Panadura Pradeshiya Sabha,Panadura Divisional Secretariat,79.905723,6.730944,Comfort
Bangalows,SERENE VILLA,"245/55 BATUGEDARA MAIN ROAD,RATNAPURA",4,SUPERIOR,Ratnapura,Ratnapura,Ratnapura Divisional Secretariat,80.417443,6.675483,Comfort
Bangalows,SP TOURS AND REST,"NO:873, HOSPITAL ROAD, JAFFNA",5,STANDARD,Jaffna,Jaffna,Jaffna Divisional Secretariat,80.009362,9.667259,Budget
Bangalows,MARGOSA,"STATION ROAD, URELU NORTH, CHUNNAKAM, JAFFNA",5,DELUXE,Jaffna,Jaffna,Jaffna Divisional Secretariat,80.033083,9.746404,Budget
Bangalows,PERERA HOME,"133, 16TH LANE,LAKE CITY HOME, JA ELA",3,SUPERIOR,Gampaha,Gampaha,Ja-Ela Divisional Secretariat,80.031847,7.166809,Luxury
Bangalows,RANNA HOUSE BY FOX RESORT,"NO 2 MODARA ROAD,KAHADAMODARA,RANNA,TANGALLE.",3,DELUXE,Hambantota,Tangalle Pradeshiya Sabha,Tangalle Divisional Secretariat,80.895067,6.063352,Luxury
Bangalows,AMBANWALA TOURIST BUNGALOW,"NO 56 AMBANWALA WALAWWA,AMBANWALA,WELAMBODA",4,STANDARD,Kandy,Uhana Pradeshiya Sabha,Udunuwara Divisional Secretariat,80.544006,7.216776,Comfort
Bangalows,SIHINAYA VILLA,"273,KAPPARATOTA ROAD, KAPPARATOTA,WELIGAMA.",4,DELUXE,Matara,Weligama Pradeshiya Sabha,Weligama Divisional Secretariat,80.41658,5.958281,Comfort
Bangalows,RIVERSIDE SUITES,"52 DUTUGEMUNU MAWATHA, LEWELLA, KANDY",4,DELUXE,Kandy,Kandy,Kundasale Divisional Secretariat,80.651649,7.302483,Budget
Bangalows,SAKURA HANA,"NO/34,,PATHMINI PERIS MAWATHA,ALUTHGAMA",3,SUPERIOR,Kalutara,Beruwala Pradeshiya Sabha,Beruwala Divisional Secretariat,79.99749,6.428556,Budget
Bangalows,HOME FROM HOME,"NO 42/2,RUPASIRI MAWATHA,MIRIHANA NUGEGODA",3,DELUXE,Colombo,Kotte Muncipal Council,Kotte Divisional Secretariat,79.899679,6.864908,Luxury
Bangalows,MOUNTAIN VILLA RIVERSTON,"PITAWALA,ILLUKKUMBURA,MATALE",3,DELUXE,Matale,Matale,Laggala-Pallegama Divisional Secretariat,80.753128,7.547738,Luxruy
Bangalows,KAYJAY BEACH HOUSE,"OLD PASSIKUDHA ROAD,PASSIKUDHA",6,SUPERIOR,Batticaloa,Kalkudha,Valaichchenai Divisional Secretariat,81.569541,7.919074,Comfort
Bangalows,HEAVEN BY O,"24/4,YADDEHIMULLA ROAD, UNAWATUNA,GALLE",8,DELUXE,Galle,Habaraduwa,Habaraduwa Divisional Secretariat,80.244031,6.010155,Comfort
Bangalows,ANGEL TOWER,"NO 78/8A ,2ND LANE, HEERASSAGALA, KANDY,HEERASSAGALA ROAD,KANDY",4,SUPERIOR,Kandy,Kandy,Kandy Divisional Secretariat,80.633726,7.290572,Budget
Bangalows,ROBI GARDEN VILLA,"108,KATANA ROAD,THIMBIRIGASKATUWA, NEGAMBO, SRI-LANKA",4,DELUXE,Gampaha,Kelaniya Pradeshiya Sabha,Kelaniya Divisional Secretariat,79.858999,7.228002,Budget
Bangalows,MADUSANKA HOLYDAY HOME,"NO 15, DIGANA, RAJAWELLA,,",8,STANDARD,Kandy,Kundasle,Kundasale Divisional Secretariat,80.735452,7.296389,Luxury
Bangalows,PEACE HAVEN RESORTS LIMITED,"GOYAMBOKKA, TANGALLE.",3,DELUXE,Hambantota,Tangalle Pradeshiya Sabha,Tangalle Divisional Secretariat,NULL,NULL,Luxury
Bangalows,FRENCH LOTUS,"YADDEHIMULLA ROAD,,UNAWATUNA BEACH,,GALLE.",5,DELUXE,Galle,Habaraduwa,Galle Divisional Secretariat,80.242874,6.010178,Comfort
Bangalows,MONERATENNA,"BACK OF BEYOND,WARNAKULASURIYA MAWATHA,KAHANDAMODARA,RANNA.",7,DELUXE,Hambantota,Tangalle Pradeshiya Sabha,Tangalle Divisional Secretariat,80.891513,6.069909,Comfort
Bangalows,JOYOUS COTTAGE,"NO:62,NEELAMMAHARA ROAD, MAHARAGAMA",6,DELUXE,Colombo,Maharagama,Maharagama Divisional Secretariat,79.926314,6.837627,Budget
Bangalows,POKKULUWA TEA COTTAGE,"POKKULUWA TEA COTTAGE,POKKULUWA ESTATE,HAPPAWANA WANCHAWALA 80120 GALLE",2,DELUXE,Galle,Habaraduwa,Habaraduwa Divisional Secretariat,NULL,NULL,Budget
Bangalows,AVI GIL VILLAS PRIVATE LIMITED,"THE NUGA HOUSE,WELI ROAD, KABALANA, AHANGAMA,GALLE",6,SUPERIOR,Galle,Habaraduwa,Habaraduwa Divisional Secretariat,NULL,NULL,Luxury
Bangalows,TARU VILLAS-RIVER COTTAGE,"111,BENTOTA CIRCULAR ROAD, BENTOTA 80500",2,DELUXE,Galle,Bentota Pradeshiya Sabha,Benthota Divisional Secretariat,80.005979,6.418918,Luxruy
Classified Hotels( 1-5 Star),CINNAMON GRAND HOTEL,"NO. 77, GALLE ROAD, COLOMBO 03",501,FIVE,Colombo,Colombo,Colombo Divisional Secretariat,79.849235,6.918034,Comfort
Classified Hotels( 1-5 Star),CINNAMON LAKESIDE COLOMBO,"115, SRI CHITAMPALAM A GARDINER MAWATHA, COLOMBO 02",352,FIVE,Colombo,Colombo,Colombo Divisional Secretariat,79.849414,6.929273,Comfort
Classified Hotels( 1-5 Star),CINNAMON LODGE,"P.O. BOX 02, HABARANE",162,FIVE,Anuradhapura,Anuradhapura,Anuradhapura East,80.74881,8.034584,Budget
Classified Hotels( 1-5 Star),GALADARI HOTEL,"NO. 64, LOTUS ROAD, COLOMBO 01",408,THREE,Colombo,Colombo,Colombo Divisional Secretariat,79.843155,6.931679,Budget
Classified Hotels( 1-5 Star),EDEN RESORTS AND SPA,"KALUWAMODARA, BERUWALA",158,FIVE,Kalutara,Kalutara Pradeshiya Sabha,Kalmunai Divisional Secretariat,79.990213,6.444585,Luxury
Classified Hotels( 1-5 Star),HERITANCE KANDALAMA,"P.O. BOX 11, DAMBULLA.",162,FIVE,Matale,Matale,Matale Divisional Secretariat,80.70784,7.871055,Luxury
Classified Hotels( 1-5 Star),TAJ SAMUDRA HOTEL,"NO. 25, GALLE FACE CENTER ROAD, COLOMBO 03",291,FIVE,Colombo,Colombo,Colombo Divisional Secretariat,79.846841,6.922654,Comfort
Classified Hotels( 1-5 Star),EARLS REGENCY HOTEL,"TENNEKUMURA, KANDY",96,FIVE,Kandy,Kandy,Kandy Divisional Secretariat,80.669495,7.281795,Comfort
Classified Hotels( 1-5 Star),HILTON-COLOMBO,"LOTUS ROAD,ECHELON SQUARE,COLOMBO 01",382,FIVE,Colombo,Colombo,Colombo Divisional Secretariat,79.845193,6.932248,Budget
Classified Hotels( 1-5 Star),MAHAWELI REACH HOTEL,"35,P.B.A. WEERAKOON MAWATHA, KANDY",116,FIVE,Kandy,Kandy,Kandy Divisional Secretariat,80.631227,7.325148,Budget
Classified Hotels( 1-5 Star),CHAAYA BLU,"UPPAVELI, TRINCOMALEE",56,FOUR,Trincomalee,Trincomalee,Trincomalee Divisional Secretariat,81.217522,8.617773,Luxury
Classified Hotels( 1-5 Star),HABARANA VILLAGE BY CINNAMON,"P.O. BOX. 01, HABARANA.",108,FOUR,Anuradhapura,Hingurakgoda Pradeshiya Sabha,Polonnaruwa Divisional Secretariat,80.74991,8.036549,Luxruy
Classified Hotels( 1-5 Star),CINNAMON CITADEL,"NO.124, SRIMATH KUDA RATWATTA MAWATHA, KANDY",121,THREE,Kandy,Kandy,Kandy Divisional Secretariat,80.624274,7.305864,Comfort
Classified Hotels( 1-5 Star),HERITANCE AHUNGALLE,AHUNGALLE,154,FIVE,Galle,Galle,Galle Divisional Secretariat,80.034536,6.31218,Comfort
Classified Hotels( 1-5 Star),HERITANCE TEA FACTORY,"KANDAPOLA, NUWARAELIYA",57,FOUR,Nuwara Eliya,Nuwara Eliya,Nuwara Eliya Divisional Secretariat,80.833796,6.991101,Budget
Classified Hotels( 1-5 Star),BENTOTA BEACH HOTEL,"NATIONAL HOLIDAY RESORT, BENTOTA",133,FOUR,Galle,Bentota Pradeshiya Sabha,Benthota Divisional Secretariat,79.996543,6.424974,Budget
Classified Hotels( 1-5 Star),THE BLUE WATER,"THALPITIYA, WADDUWA",100,FIVE,Kalutara,Kalutara Pradeshiya Sabha,Kalutara Divisional Secretariat,79.920159,6.678167,Luxury
Classified Hotels( 1-5 Star),GRAND HOTEL,"GRAND HOTEL ROAD, NUWARAELIYA",155,FOUR,Nuwara Eliya,Nuwara Eliya,Nuwara Eliya Divisional Secretariat,80.764731,6.968335,Luxury
Classified Hotels( 1-5 Star),AMAYA LAKE,"P.O. BOX. 12, KANDALAMA, DAMBULLA",92,FOUR,Matale,Matale,Matale Divisional Secretariat,80.698555,7.891526,Comfort
Classified Hotels( 1-5 Star),AMAYA HILLS,"P.O. BOX. 16, HEERASSAGALA, KANDY",100,FOUR,Kandy,Kandy,Kandy Divisional Secretariat,80.619224,7.259008,Comfort
Classified Hotels( 1-5 Star),HILTON COLOMBO RESIDENCE,"NO. 200, UNION PLACE, COLOMBO 02",176,FOUR,Colombo,Colombo,Colombo Divisional Secretariat,79.856131,6.920386,Budget
Classified Hotels( 1-5 Star),MANDARA ROSEN HOTEL,"NO.57, DETAGAMUWA, KATARAGAMA",58,FOUR,Moneragala,Galle,Moneragala Divisional Secretariat,81.326364,6.401201,Budget
Classified Hotels( 1-5 Star),RAMADA - COLOMBO,"NO.30, SIR MOHAMED MACAN MARKAR MAWATHA, COLOMBO 03",94,THREE,Colombo,Colombo,Colombo Divisional Secretariat,79.84778,6.921261,Luxury
Classified Hotels( 1-5 Star),PEGASUS REEF HOTEL,"P.O.BOX. 02, HENDALA, WATTALA",140,FOUR,Gampaha,Gampaha,Gampaha Divisional Secretariat,79.868917,6.999892,Luxruy
Classified Hotels( 1-5 Star),MOUNT LAVINIA HOTEL,"NO. 100, HOTEL ROAD, MT. LAVINIA",204,FOUR,Colombo,Colombo,Colombo Divisional Secretariat,79.862043,6.833151,Comfort
Classified Hotels( 1-5 Star),CLUB PALM BAY,"THALWILAWILIA, THUDUWAWA, MARAWILA",162,THREE,Puttalam,Puttalam Pradeshiya Sabha,Puttalam Divisional Secretariat,79.812589,7.434188,Comfort
Classified Hotels( 1-5 Star),CLUB HOTEL DOLPHIN,"KAMMAL SOUTH, WAIKKAL",151,FOUR,Puttalam,Wennappuwa Pradeshiya Sabha,Wennappuwa Divisional Secretariat,79.839576,7.293789,Budget
Classified Hotels( 1-5 Star),JETWING BLUE,"LEWIS PLACE, NEGOMBO",108,FIVE,Gampaha,Negombo,Negombo Divisional Secretariat,79.841797,7.241616,Budget
Classified Hotels( 1-5 Star),THE DEER PARK HOTEL,"GIRITALE, POLONNARUWA",85,FOUR,Polonnaruwa,Polonnaruwa,Polonnaruwa Divisional Secretariat,80.9218,7.989152,Luxury
Classified Hotels( 1-5 Star),NILAVELI BEACH HOTEL,"11TH MILE POST, NILAVELI, TRINCOMALEE",53,TWO,Trincomalee,Trincomalee,Trincomalee Divisional Secretariat,81.189426,8.706269,Luxury
Classified Hotels( 1-5 Star),SOROWWA RESORT AND SPA,"LAKE ROAD, HABARANE",23,THREE,Anuradhapura,Polonnaruwa,Polonnaruwa Divisional Secretariat,80.7508775,8.0405578,Comfort
Classified Hotels( 1-5 Star),PALM BEACH HOTEL,"NO. 52, DE SERAM ROAD, MOUNT LAVINIA",43,ONE,Colombo,Dehiwala-Mount Lavinia,Colombo Divisional Secretariat,79.864858,6.836241,Comfort
Classified Hotels( 1-5 Star),GALWAY FOREST LODGE,"NO. 89, UPPER LAKE ROAD, HAVELOCK DRIVE, NUWARA ELIYA.",52,THREE,Nuwara Eliya,Nuwara Eliya,Nuwara Eliya Divisional Secretariat,80.769993,6.980005,Budget
Classified Hotels( 1-5 Star),SENANI RESTAURANT,"NO 167, RAJAPIHILLA MAWATHA, KANDY.",27,ONE,Kandy,Kandy,Kandy Divisional Secretariat,80.643433,7.285218,Budget
Classified Hotels( 1-5 Star),GLOBAL TOWERS HOTEL,"NO.11, STATION AVENUE, COLOMBO 06.",54,THREE,Colombo,Colombo,Colombo Divisional Secretariat,79.857182,6.877516,Luxury
Classified Hotels( 1-5 Star),HUNNAS FALLS HOTEL,"ELKADUWA, KANDY",31,THREE,Matale,Matale,Ukuwela Divisional Secretariat,80.690599,7.401023,Luxruy
Classified Hotels( 1-5 Star),GRAND ORIENTAL HOTEL,"NO.2, YORK STREET, COLOMBO 01.",72,TWO,Colombo,Colombo,Colombo Divisional Secretariat,79.845067,6.937474,Comfort
Classified Hotels( 1-5 Star),OLENKA SUNSIDE BEACH HOTEL,"THALWILA, MODERAWELLA, MARAWILA",40,TWO,Puttalam,Gampaha,Gampaha Divisional Secretariat,79.813377,7.42604,Comfort
Classified Hotels( 1-5 Star),HOTEL SIGIRIYA,SIGIRIYA,80,ONE,Matale,Matale,Matale Divisional Secretariat,80.763363,7.949891,Budget
Classified Hotels( 1-5 Star),THE OASIS HOTEL,"SISILASGAMA, HAMBANTOTA.",50,THREE,Hambantota,Hambantota,Hambantota Divisional Secretariat,81.123001,6.122001,Budget
Classified Hotels( 1-5 Star),ST.ANDREWS HOTEL,"NO.10,ST.ANDREWS DRIVE,NUWARA ELIYA.",52,THREE,Nuwara Eliya,Nuwara Eliya,Nuwara Eliya Divisional Secretariat,80.763855,6.979589,Luxury
Classified Hotels( 1-5 Star),CLUB BENTOTA,"PARADISE ISLAND,ALUTHGAMA.",68,TWO,Galle,Aluthgama,Aluthgama,79.991648,6.437361,Luxury
Classified Hotels( 1-5 Star),JETWING SEA,"PALAGITURAI, KOCHCHIKADE, NEGOMBO.",72,FOUR,Gampaha,Gampaha,Negombo Divisional Secretariat,79.84212,7.25177,Comfort
Classified Hotels( 1-5 Star),RANWELI HOLIDAY VILLAGE,WAIKKAL.,84,TWO,Puttalam,Negombo,Negombo Divisional Secretariat,79.840701,7.282694,Comfort
Classified Hotels( 1-5 Star),MISUKI PLAZA HOTEL,"NO.309,COLOMBO ROAD,WELISARA,RAGAMA.",26,ONE,Gampaha,Ja-Ela Pradeshiya Sabha,Ja-Ela Divisional Secretariat,79.898618,7.033237,Budget
Classified Hotels( 1-5 Star),TANGALLE BAY HOTELS,"MAHAWELA ROAD,PALLIKKUDUWA,TANGALLE.",28,TWO,Hambantota,Tangalle Pradeshiya Sabha,Tangalle Divisional Secretariat,80.789152,6.01689,Budget
Classified Hotels( 1-5 Star),THE SURF,THE SURF BENTOTA.,86,TWO,Galle,Bentota Pradeshiya Sabha,Benthota Divisional Secretariat,79.996111,6.420273,Luxury
Classified Hotels( 1-5 Star),VIVANTA BY TAJ-BENTOTA,"NATIONAL HOLIDAY RESORT, BENTOTA",162,FIVE,Galle,Bentota Pradeshiya Sabha,Benthota Divisional Secretariat,79.996423,6.417162,Luxruy
Classified Hotels( 1-5 Star),GOLDI SANDS HOTEL,"GOLDI SANDS HOTELS (PRIVATE) LIMITED, ETHUKALA, NEGOMBO",70,TWO,Gampaha,Negombo,Negombo Divisional Secretariat,79.841745,7.245416,Comfort
Classified Hotels( 1-5 Star),HOTEL SAPPHIRE,"NO.371,GALLE ROAD,COLOMBO 06.",40,TWO,Colombo,Colombo,Colombo Divisional Secretariat,79.862144,6.870956,Comfort
Classified Hotels( 1-5 Star),CENTARA CEYSANDS RESORT & SPA,"NATIONAL HOLIDAY RESORT,BENTOTA.",84,TWO,Galle,Bentota Pradeshiya Sabha,Benthota Divisional Secretariat,79.994388,6.430908,Budget
Classified Hotels( 1-5 Star),CAROLINA BEACH HOTEL,"AMBANKANDAWILA, CHILAW",45,TWO,Puttalam,Chilaw Pradeshiya Sabha,Chilaw Divisional Secretariat,79.787779,7.562663,Budget
Classified Hotels( 1-5 Star),DEVON HOTEL,"NO.51, AMPITIYA ROAD, KANDY.",25,TWO,Kandy,Kandy,Kandy Divisional Secretariat,80.649976,7.284506,Luxury
Classified Hotels( 1-5 Star),GALLE FACE HOTEL,"NO.02, GALLE ROAD, COLOMBO 03",145,THREE,Colombo,Colombo,Colombo Divisional Secretariat,79.84648,6.920125,Luxury
Classified Hotels( 1-5 Star),RENUKA HOTEL,"NO.328, GALLE ROAD, COLOMBO 03",81,THREE,Colombo,Colombo,Colombo Divisional Secretariat,79.850428,6.908535,Comfort
Classified Hotels( 1-5 Star),PALM GARDEN VILLAGE HOTEL,"POST 42,PUTTALAM ROAD, PANDULAGAMA, ANURADHAPURA.",50,THREE,Anuradhapura,Madyama Nuwaragam Palatha Pradeshiya Sabawa,Anuradhapura East,80.345324,8.314734,Comfort
Classified Hotels( 1-5 Star),SIGIRIYA VILLAGE HOTEL,"P.O.BOX 01, SIGIRIYA",120,THREE,Matale,Dambulla Pradeshiya Sabha,Dambulla Divisional Secretariat,80.761097,7.949584,Budget
Classified Hotels( 1-5 Star),THE PALMS,"N-91, 6TH LANE, MORAGALLA, BERUWALA",100,THREE,Kalutara,Beruwala Pradeshiya Sabha,Beruwala Divisional Secretariat,79.981157,6.449641,Budget
Classified Hotels( 1-5 Star),MERMAID HOTEL & CLUB,"MAHAWASKADUWA, KALUTARA",72,TWO,Kalutara,Kalutara Pradeshiya Sabha,Kalutara Divisional Secretariat,79.9449,6.61728,Luxury
Classified Hotels( 1-5 Star),HOTEL TOPAZ,"ANNIWATTE, KANDY",75,TWO,Kandy,Kandy,Ganga Ihala Korale Divisional Secretariat,80.625213,7.29056,Luxruy
Classified Hotels( 1-5 Star),CAMELOT BEACH HOTEL,"NO.345,LEWIS PLACE,NEGOMBO.",81,ONE,Gampaha,Negombo,Negombo Divisional Secretariat,79.841047,7.233243,Comfort
Classified Hotels( 1-5 Star),THE VILLAGE,NATIONAL HOLIDAY RESORT POLONNNARUWA.,36,ONE,Polonnaruwa,Polonnaruwa,Polonnaruwa Divisional Secretariat,80.993096,7.924764,Comfort
Classified Hotels( 1-5 Star),CENTAURIA LAKE,"NEW TOWN,EMBILIPITIYA.",52,ONE,Ratnapura,Embilipitiya,Embilipitiya Divisional Secretariat,80.856132,6.320182,Budget
Classified Hotels( 1-5 Star),KASSAPA LIONS ROCK,"DIGAMPATHAHA,KIMBISSA.",31,TWO,Matale,Dambulla Pradeshiya Sabha,Dambulla Divisional Secretariat,80.727282,7.979678,Budget
Classified Hotels( 1-5 Star),HERITANCE NEGOMBO,"NO.175,LEWIS PLACE,NEGOMBO.",140,FIVE,Gampaha,Negombo,Negombo Divisional Secretariat,79.838021,7.208799,Luxury
Classified Hotels( 1-5 Star),HIBISCUS BEACH HOTEL,"MAHAWASKADUWA,KALUTARA NORTH,KALUTHARA",51,ONE,Kalutara,Kalutara Pradeshiya Sabha,Kalutara Divisional Secretariat,79.946725,6.615207,Luxury
Classified Hotels( 1-5 Star),HOTEL BENTOTA VILLAGE,"ALWIS ROAD,WARAHENA,BENTOTA",14,TWO,Galle,Bentota Pradeshiya Sabha,Benthota Divisional Secretariat,80.004672,6.406818,Comfort
Classified Hotels( 1-5 Star),COLOMBO CITY HOTEL,"LEVEL 3,NO.33,CANAL ROW,COLOMBO 01.",48,ONE,Colombo,Colombo,Colombo Divisional Secretariat,79.844229,6.933327,Comfort
Classified Hotels( 1-5 Star),HOTEL KABALANA,"KATHALUWA,AHANGAMA",22,TWO,Galle,Habaraduwa,Habaraduwa Divisional Secretariat,80.347884,5.977906,Budget
Classified Hotels( 1-5 Star),RAMADIA RANMAL HOLIDAY RESORT,"346/5,GALLE ROAD,GORAKANA,MORATUWA",25,ONE,Kalutara,Moratuwa,Moratuwa Divisional Secretariat,79.8977545,6.7636079,Budget
Classified Hotels( 1-5 Star),HOTEL DULYANA,"488/18,MAITHREEPALA SENANAYAKE MW,ANURADHAPURA",30,TWO,Anuradhapura,Anuradhapura,N.P.East,80.405856,8.325802,Luxury
Classified Hotels( 1-5 Star),INDRA REGENT HOTEL,"NO.383,R.A.D.MEL MAWATHA,COLOMBO 03",26,ONE,Colombo,Colombo,Thimbirigasyaya Divisional Secretariat,79.854138,6.90434,Luxruy
Classified Hotels( 1-5 Star),HOTEL CHAMILA,"NO.85,TISSA ROAD,DETAGAMWA KATARAGAMA.",50,ONE,Moneragala,Thissamaharama,Katharagama Divisional Secretariat,81.33300018,6.416999817,Comfort
Classified Hotels( 1-5 Star),HOTEL SUSANTHAS,"NATIONAL HOLIDAY RESORT RD,PITARAMBA,BENTOTA",18,ONE,Galle,Bentota Pradeshiya Sabha,Benthota Divisional Secretariat,79.996968,6.421783,Comfort
Classified Hotels( 1-5 Star),BERJAYA MOUNT ROYAL BEACH HOTEL,"NO:36,COLLAGE AVENUE,MOUNT LAVINIA",90,ONE,Colombo,Moratuwa,Mount Lavinia,79.864017,6.838659,Budget
Classified Hotels( 1-5 Star),NILWALA HOTEL,"NILWALA HOTEL, GALLE ROAD, KALUWAMODARA, ALUTHGAMA.",10,ONE,Kalutara,Aluthgama,Aluthgama,79.993697,6.439855,Budget
Classified Hotels( 1-5 Star),PIGEON ISLAND BEACH HOTEL,"11TH MILE POST, NILAVELI, TRINCOMALEE.",38,TWO,Trincomalee,Trincomalee,Trincomalee Divisional Secretariat,81.1836029,8.712216,Luxury
Classified Hotels( 1-5 Star),GLENDOWER HOTEL,"NO:05,GRAND HOTEL ROAD,NUWARA ELIYA",20,ONE,Nuwara Eliya,Nuwara Eliya,Nuwara Eliya Divisional Secretariat,80.7663938,6.9675209,Luxury
Classified Hotels( 1-5 Star),RANDIYA HOTEL,"389,KORALAWELLA,MORATUWA",10,ONE,Colombo,Moratuwa,Moratuwa Divisional Secretariat,79.8934418,6.7504834,Comfort
Classified Hotels( 1-5 Star),TEMPLE TREE RESORT AND SPA,"NO:660,GALLE ROAD,INDURUWA",10,TWO,Galle,Bentota Pradeshiya Sabha,Benthota Divisional Secretariat,80.0088026,6.385751,Comfort
Classified Hotels( 1-5 Star),FULL MOON GARDEN HOTEL,"NO.754, COLOMBO ROAD, KATUNAYAKE.",30,ONE,Gampaha,Katana Pradeshiya Sabha,Katana Divisional Secretariat,79.874539,7.154204,Budget
Classified Hotels( 1-5 Star),BARBERYN REEF AYURVEDA RESORT,"MORAGALLA,BERUWALA",75,ONE,Kalutara,Bentota Pradeshiya Sabha,Beruwala Divisional Secretariat,79.979952,6.4500038,Budget
Classified Hotels( 1-5 Star),GIMANHALA HOTEL,754 ANURADHAPURA ROAD DAMBULLA,17,TWO,Matale,Matale,Dambulla Divisional Secretariat,80.650599,7.879954,Luxury
Classified Hotels( 1-5 Star),FIELDVIEW HOLYDAY RESORT,"ANNASIWATTE ROAD,OFF MDH,JAWARDANA MW,ATHURUGIRIYA.",10,ONE,Colombo,Colombo,Kesbewa Divisional Secretariat,79.986678,6.894121,Luxruy
Classified Hotels( 1-5 Star),LAKE SERENITY,"GONAPITIYA, KURUWITA",14,TWO,Ratnapura,Ratnapura,Ratnapura Divisional Secretariat,80.352292,6.762787,Comfort
Classified Hotels( 1-5 Star),KOGGALA BEACH HOTEL,"KOGGALA,HABARADUWA.",189,ONE,Galle,Galle,Habaraduwa Divisional Secretariat,80.3218329,5.9892056,Comfort
Classified Hotels( 1-5 Star),HOTEL SUNHILL,"NO.18 UNIQUE VIEW ROAD,NUWARAELIYA",15,ONE,Nuwara Eliya,Nuwara Eliya,Nuwara Eliya Divisional Secretariat,80.765424,6.963358,Budget
Classified Hotels( 1-5 Star),HOTEL HILL TOP,"200/21,BAHIRAVAKANDA,PERADENIYA ROAD,KANDY",81,TWO,Kandy,Kandy,Kundasale Divisional Secretariat,80.628789,7.289342,Budget
Classified Hotels( 1-5 Star),AVANI BENTOTA RESORT & SPA,"NATIONAL HOLIDAY RESORT,BENTOTA",90,TWO,Galle,Bentota Pradeshiya Sabha,Benthota Divisional Secretariat,79.996304,6.423673,Luxury
Classified Hotels( 1-5 Star),AUSTRIAN BEACH RESORT,"2/A 2, BANDARAWATTA,KEMAGODA,DICKWELLA",10,ONE,Matara,Matara,Dickwella Divisional Secretariat,80.722005,5.978461,Luxury
Classified Hotels( 1-5 Star),ROYAL LOTUS HOTEL,"GIRITHALE, POLONNARUWA.",56,TWO,Polonnaruwa,Polonnaruwa,Polonnaruwa Divisional Secretariat,80.921978,7.991502,Comfort
Classified Hotels( 1-5 Star),RIVERDALE HOTEL,"32, ANIWATTA ROAD, KANDY.",29,TWO,Kandy,Kandy,Kandy Divisional Secretariat,80.621583,7.289724,Comfort
Classified Hotels( 1-5 Star),PARADISE HOLIDAY VILLAGE,"NO. 154/9, PORUTHOTA ROAD, PALANGATHURE, KOCHCHIKADE, NEGOMBO",33,ONE,Gampaha,Negombo,Negombo Divisional Secretariat,79.8422101,7.2467725,Budget
Classified Hotels( 1-5 Star),KITHALA RESORT,"KATARAGAMA ROAD, THISSAMAHARAMA.",40,TWO,Hambantota,Thissamaharama,Thissamaharama Divisional Secretariat,81.297427,6.292455,Budget
Classified Hotels( 1-5 Star),LALITHA HOTEL,"NO.200A,GALLE ROAD, PAMBURANA, MATARA.",27,TWO,Matara,Matara,Matara Divisional Secretariat,80.5251754,5.9442652,Luxury
Classified Hotels( 1-5 Star),RATHNALOKA TOUR INN,"KOSGALA, KAHAGAMA, RATNAPURA",53,ONE,Ratnapura,Ratnapura,Ratnapura Divisional Secretariat,80.356453,6.713322,Luxruy
Classified Hotels( 1-5 Star),HOTEL CASAMARA,"NO.12, KATUGODELLA VIDIYA, KANDY.",33,TWO,Kandy,Kandy,Kandy Divisional Secretariat,80.63721,7.293367,Comfort
Classified Hotels( 1-5 Star),HOTEL YAPAHUWA PARADISE,"KINGDOM ROAD,YAPAHUWA,MAHO",20,TWO,Kurunegala,Mahawa Pradeshiya Sabha,Mahawa Divisional Secretariat,80.305903,7.82901,Comfort
Classified Hotels( 1-5 Star),RANDHOLEE RESORTS,"HEERASSAGALA, BOWALAWATTE, KANDY",25,ONE,Kandy,Kandy,Kandy Divisional Secretariat,80.616914,7.2631411,Budget
Classified Hotels( 1-5 Star),SERENE GARDEN HOTEL,"NO. 189, RAJAPIHILLA MAWATHA, KANDY",35,ONE,Kandy,Kandy,Kandy Divisional Secretariat,80.6441223,7.2848598,Budget
Classified Hotels( 1-5 Star),WILA SAFARI HOTEL,"PANNEGAMUWA,WEERAWILA",10,ONE,Hambantota,Thissamaharama,Thissamaharama Divisional Secretariat,81.236615,6.293125,Luxury
Classified Hotels( 1-5 Star),WINDSOR HOTEL,"NO.02, KANDY ROAD, NUWARA ELIYA.",50,ONE,Nuwara Eliya,Nuwara Eliya,Nuwara Eliya Divisional Secretariat,80.770061,6.970741,Luxury
Classified Hotels( 1-5 Star),HOTEL ATHGIRI,"NO. 344-350, KANDY ROAD, KURUNEGALA",23,ONE,Kurunegala,Kurunegala,Kurunegala Divisional Secretariat,80.372245,7.479005,Comfort
Classified Hotels( 1-5 Star),MIRIDIYA HOTEL,"WASALA DATHTHA MAWATHA, ANURADHAPURA",40,ONE,Anuradhapura,Anuradhapura,Anuradhapura East,80.4185724,8.3314154,Comfort
Classified Hotels( 1-5 Star),LADY HILL,"NO. 29,UPPER DICKSON ROAD, GALLE",15,ONE,Galle,Galle,Galle Divisional Secretariat,80.218668,6.038658,Budget
Classified Hotels( 1-5 Star),GIRITALE HOTEL,"NATIONAL HOLIDAY RESORT, GIRITALE",40,ONE,Polonnaruwa,Polonnaruwa,Polonnaruwa Divisional Secretariat,80.927946,7.997114,Budget
Classified Hotels( 1-5 Star),SANMIRA RENAISSANCE,"MATARA ROAD, UNAWATUNA",20,THREE,Galle,Habaraduwa,Galle Divisional Secretariat,80.255045,6.006051,Luxury
Classified Hotels( 1-5 Star),OMEGA REGENCY,"NO. 324, GALLE ROAD, COLOMBO 06",15,ONE,Colombo,Colombo,Colombo Divisional Secretariat,79.862086,6.869123,Luxruy
Classified Hotels( 1-5 Star),CHAAYA WILD YALA,"P.O. BOX. 01, KIRINDA, TISSAMAHARAMA",61,FOUR,Hambantota,Hambantota,Hambantota Divisional Secretariat,81.405281,6.259168,Comfort
Classified Hotels( 1-5 Star),CHAAYA TRANZ HOTEL,"P.O. BOX. 01, GALLE ROAD, HIKKADUWA.",150,FOUR,Galle,Hikkaduwa,Hikkaduwa Divisional Secretariat,80.100753,6.131353,Comfort
Classified Hotels( 1-5 Star),HOTEL NELLY,"NO. 84, 02ND CROSS STREET, VAUNIYA",20,ONE,Vavuniya,Vavuniya,Vavuniya,80.499954,8.751378,Budget
Classified Hotels( 1-5 Star),THE KINGSBURY,"NO 48, JANADHIPATHI MAWATHA, COLOMBO 01",229,FIVE,Colombo,Colombo,Colombo Divisional Secretariat,79.84247,6.933232,Budget
Classified Hotels( 1-5 Star),THE GRAND KANDYAN,"89/10,LADY GORDONS DRIVE, KANDY",100,FIVE,Kandy,Kandy,Kandy Divisional Secretariat,80.634571,7.3024019,Luxury
Classified Hotels( 1-5 Star),CINNAMON RED COLOMBO,"NO:59, ANANDA COOMARASWAMY MAWATHA, COLOMBO 03.",243,THREE,Colombo,Colombo,Colombo Divisional Secretariat,79.8530983,6.912114,Luxury
Classified Hotels( 1-5 Star),SHANGRI-LA S HAMBANTOTA RESORT & SPA,"SITTRAKALA WATTA, CHITHRAGALA, AMBALANTOTA",300,FIVE,Hambantota,Ambalantota Pradeshiya Sabha,Ambalantota Divisional Secretariat,81.0638697,6.1120643,Comfort
Classified Hotels( 1-5 Star),MIRAGE HOTEL,"NO: 61, MOORS ROAD, MARINE DRIVE, WELLAWATTE, COLOMBO 06",60,TWO,Colombo,Colombo,Colombo Divisional Secretariat,79.8565303,6.8705488,Comfort
Classified Hotels( 1-5 Star),THE OCEAN COLOMBO,"NO-40, MELBOURNE AVENUE, COLOMBO 04.",49,ONE,Colombo,Colombo,Thimbirigasyaya Divisional Secretariat,79.8530075,6.8853104,Budget
Classified Hotels( 1-5 Star),EARLS REGENT HOTEL,"NO. 1/40, DEVENIRAJASINGHE ROAD, PERADENIYA,KANDY",60,THREE,Kandy,Kandy,Kandy Divisional Secretariat,80.610734,7.283476,Budget
Classified Hotels( 1-5 Star),FAIRVIEW HOTEL,"NO:27, RAMKRISHNA ROAD, WELLAWATTE, COLOMBO 06",50,TWO,Colombo,Colombo,Colombo Divisional Secretariat,79.861298,6.865486,Luxury
Classified Hotels( 1-5 Star),RIU HOTEL,"GALLE ROAD, AHUNGALLE",501,FIVE,Galle,Galle,Galle Divisional Secretariat,80.0310513,6.30957,Luxruy
Classified Hotels( 1-5 Star),ANANTAYA RESORT & SPA,"COCOUNT BOARD ROAD,PASSEKUDAH,KALKUDAH",51,FIVE,Batticaloa,Batticaloa,Batticaloa Divisional Secretariat,81.5499112,7.9315158,Comfort
Classified Hotels( 1-5 Star),ANANTARA PEACE HEAVEN RESORT,"GOYAMBOKKA ESTATE,TANGALLE",152,FIVE,Hambantota,Hambantota,Hambantota Divisional Secretariat,80.783869,6.012477,Comfort
Classified Hotels( 1-5 Star),TANGERINE BEACH HOTEL,"DR ABREW ROAD,WASKADUWA,KALUTHARA",179,THREE,Kalutara,Kalutara Pradeshiya Sabha,Kalutara Divisional Secretariat,79.9472113,6.608101,Budget
Classified Hotels( 1-5 Star),BEST WESTERN ELYON COLOMBO,"102A, KIRULAPONE AVENUE, BASELINE ROAD, COLOMBO 05.",52,TWO,Colombo,Colombo,Colombo Divisional Secretariat,79.8740663,6.883736,Budget
Classified Hotels( 1-5 Star),CINNAMON BEY,"MORAGOLLA BEACH,BERUWALA",200,FOUR,Kalutara,Kalutara Pradeshiya Sabha,Kalutara Divisional Secretariat,79.9768792,6.4522247,Luxury
Classified Hotels( 1-5 Star),PEARL GRAND HOTEL,"#09,EDWARD LANE,COLOMBO 03.",90,ONE,Colombo,Colombo,Colombo Divisional Secretariat,79.8531936,6.8961858,Luxury
Classified Hotels( 1-5 Star),OCEAN EDGE SUITES,"24,10TH LANE,MARINE DRIVE,COLOMBO3",78,THREE,Colombo,Colombo,Colombo Divisional Secretariat,79.8499153,6.898455,Comfort
Classified Hotels( 1-5 Star),COCO ROYAL BEACH,"WASKADUWA, KALUTHARA NORTH",70,TWO,Kalutara,Kalutara Pradeshiya Sabha,Kalutara Divisional Secretariat,79.9449985,6.6137006,Comfort
Classified Hotels( 1-5 Star),PARADISE BEACH HOTEL,"NO:289, LEWIS PLACE,NEGOMBO",61,ONE,Gampaha,Gampaha,Gampaha Divisional Secretariat,79.8386973,7.231262,Budget
Classified Hotels( 1-5 Star),COLOMBO COURTYARD,"435,R.A DE MEL MAWATHA,COLOMBO 03",32,THREE,Colombo,Colombo,Colombo Divisional Secretariat,79.8542653,6.897765,Budget
Classified Hotels( 1-5 Star),HOTEL JANAKI,"43, FIFE ROAD, THIMBIRIGASYAYA,COLOMBO 05",43,ONE,Colombo,Colombo,Colombo Divisional Secretariat,79.8676014,6.8907555,Luxury
Classified Hotels( 1-5 Star),VILLA OCEAN VIEW,"200/1, MOLLIGODAWATTA,WADDUWA",143,ONE,Kalutara,Kalutara Pradeshiya Sabha,Kalutara Divisional Secretariat,79.9286243,6.6552759,Luxruy
Classified Hotels( 1-5 Star),SHANGRI- LA HOTEL COLOMBO,"NO-01, CENTRE ROAD, GALLE FACE, COLOMBO 02",541,THREE,Colombo,Colombo,Colombo Divisional Secretariat,79.844619,6.928216,Comfort
Classified Hotels( 1-5 Star),PANDANUS BEACH RESORT & SPA,"GALLE ROAD,YALEGAMA,INDURUWA 80510",76,THREE,Galle,Galle,Galle Divisional Secretariat,80.0076288,6.3797342,Comfort
Classified Hotels( 1-5 Star),JETWING LAKE,"WIJEKUMARATHUNGA MAWATHA,YAPAGAMA,DAMBULLA.",94,FOUR,Matale,Matale,Matale Divisional Secretariat,80.6465143,7.839867,Budget
Classified Hotels( 1-5 Star),THE LAKESIDE AT NUWARAWEWA,"NEW TOWN,ANURADHAPURA",70,TWO,Anuradhapura,Anuradhapura,Anuradhapura East,80.4129173,8.337355,Budget
Classified Hotels( 1-5 Star),THE SANCTUARY AT TISSAWEWA,"OLD TOWN,ANURADHAPURA",22,TWO,Anuradhapura,Anuradhapura,Anuradhapura East,80.3879227,8.3423584,Luxury
Classified Hotels( 1-5 Star),OZO KANDY,"NO31,SARANANKARA ROAD,KANDY",122,THREE,Kandy,Kandy,Kandy Divisional Secretariat,80.6405117,7.2883697,Luxury
Classified Hotels( 1-5 Star),THE GOLDEN CROWN HOTEL,"322,UDAGAMA,AMPITIYA",63,THREE,Kandy,Gagawata Koralya,Gagawata,80.655418,7.277162,Comfort
Classified Hotels( 1-5 Star),GRAND UDAWALAWE SAFARI RESORT,"NO 912, THANAMALVILA ROAD,UDAWALAWA",57,FOUR,Ratnapura,Udawalawa,Embilipitiya Divisional Secretariat,80.8040993,6.419811,Comfort
Classified Hotels( 1-5 Star),LAVANGA RESORT AND SPA,"GALLE ROAD,PATHUWATHA,HIKKADUWA",20,TWO,Galle,Hikkaduwa,Hikkaduwa Divisional Secretariat,80.1175713,6.115437,Budget
Guest Houses,ALMAMALI HOTEL,"HEDAKETIYA,ANGUNUKOLAPELESSA",12,B,Hambantota,Batticaloa,Angunakolapelessa Divisional Secretariat,80.8983713,6.164142,Budget
Guest Houses,BUWANEKA HOTEL AND RESTAURANT,"NO 01,DAMBULLA ROAD,KURUNEGALA",7,B,Kurunegala,Kurunegala,Kurunegala Divisional Secretariat,80.3626379,7.4893989,Luxury
Guest Houses,HOTEL LAGOON PARADISE,"NO. 12/7,RAJAWATTE,PAMUNUGAMA",8,A,Gampaha,Negombo,Negombo Divisional Secretariat,79.838623,7.135494,Luxruy
Guest Houses,AMBASEVANA WALAUWA,"ARANAYAKE ROAD,USSAPITIYA,KEGALLE.",7,A,Kegalle,Kegalle,Aranayaka Divisional Secretariat,80.442372,7.248193,Comfort
Guest Houses,ACME GUEST HOUSE,"NO.90,POLONNARUWA ROAD,HABARANA",5,B,Polonnaruwa,Polonnaruwa,Polonnaruwa Divisional Secretariat,NULL,NULL,Comfort
Guest Houses,AHANGAMA EASY BEACH,"NO.12,AHANGAMA GALLE.",8,A,Galle,Habaraduwa,Habaraduwa Divisional Secretariat,NULL,NULL,Budget
Guest Houses,SHANGRELA BEACH RESORT,"38, SEA BEACH ROAD, AMBALANGODA",19,B,Galle,Ambalangoda,Galle Divisional Secretariat,80.051208,6.237265,Budget
Guest Houses,GRAND CROWN HOTEL,"891,MILAGAS JUNCTION,ANURADHAPURA",10,A,Anuradhapura,Anuradhapura,Anuradhapura East,80.4063884,8.3208563,Luxury
Guest Houses,SAKURA TOURIST INN,"7/1,OLD STATION ROAD,MOUNT LAVINIA.",12,B,Colombo,Dehiwala-Mount Lavinia,Mount Lavinia,NULL,NULL,Luxury
Guest Houses,JAYALATH INN,"NO.269,WELIGAMPITIYA, JAELA",6,C,Gampaha,Gampaha,Ja-Ela Divisional Secretariat,79.894116,7.068365,Comfort
Guest Houses,NUGASEWANA EDEN GUEST HOUSE AND RESTAURANT,"""NUGASEWANA"",PALLIKKUDAWA,TANGALLE.",6,B,Hambantota,Tangalle Pradeshiya Sabha,Tangalle Divisional Secretariat,80.788431,6.017925,Comfort
Guest Houses,VIVEKA GUEST HOUSE,"64,NORTH LAKE ROAD,KURUNAGALA.",5,A,Kurunegala,Kurunegala,Kurunegala Divisional Secretariat,80.364746,7.496378,Budget
Guest Houses,HOTEL NATURE GARDENS,"NO.31,KANDY ROAD,YAKKALA",9,A,Gampaha,Gampaha,Gampaha Divisional Secretariat,NULL,NULL,Budget
Guest Houses,JULIANA HOTEL,"NO.316,GALLE ROAD,COLOMBO 3",51,A,Colombo,Colombo,Colombo Divisional Secretariat,79.850259,6.90929,Luxury
Guest Houses,FINOMINAL GUEST,"MULANAGODA ROAD, ANGUNUKOLAPELASSA.",6,A,Hambantota,Angunakolapelessa,Angunakolapelessa Divisional Secretariat,NULL,NULL,Luxruy
Guest Houses,THALAGALA HOLIDAY INN,"222/A,THALAGALAWATTA ROAD,KIRIWATTUDUWA.",9,B,Kalutara,Horana Pradeshiya Sabha,Horana Divisional Secretariat,NULL,NULL,Comfort
Guest Houses,HOTEL RAJIU PALACE,"NO. 69, GREEN STATE, BINGIRIYA",12,A,Kurunegala,Bingiriya Pradeshiya Sabha,Bingiriya Divisional Secretariat,NULL,NULL,Comfort
Guest Houses,THE BLUE MAGPIE,"KUDAWA WEDDAGALA, KALAWANA",12,A,Ratnapura,Ratnapura,Kalawana Divisional Secretariat,80.417373,6.443468,Budget
Guest Houses,RAMBODA FALLS HOTEL,"76, ROCK FALL ESTATE, NUWARA ELIYA ROAD, RAMBODA",24,A,Nuwara Eliya,Nuwara Eliya,Nuwara Eliya Divisional Secretariat,80.698155,7.055811,Budget
Guest Houses,LAKE LODGE GUEST HOUSE,"NO.20, ALWIS TERRACE, COLOMBO 03.",13,A,Colombo,Colombo,Thimbirigasyaya Divisional Secretariat,79.854373,6.914976,Luxury
Guest Houses,ASNARA VILLAGE,"MORAGASWEWA,HABARANA.",12,A,Polonnaruwa,Hingurakgoda Pradeshiya Sabha,Hingurakgoda Divisional Secretariat,80.779024,8.031269,Luxury
Guest Houses,POLWATHTHA ECO-LODGES,"69/1, WEPATHANA, GOMAGODA.",5,B,Kandy,Kandy,Kundasale Divisional Secretariat,80.73704,7.326892,Comfort
Guest Houses,HOTEL SANDA DIYA,"POLONNARUWA ROAD,PELWEHERA,DAMBULLA.",6,A,Matale,Dambulla Pradeshiya Sabha,Dambulla Divisional Secretariat,80.677257,7.910221,Comfort
Guest Houses,NEW PANORAMA,"NO 302/1, MARADANA ROAD, MORAGALLA, BERUWALA",9,B,Kalutara,Beruwala Pradeshiya Sabha,Beruwala Divisional Secretariat,79.97774,6.457364,Budget
Guest Houses,BATTICALOA HOLIDAY RESORT,"KALMUNAI MAIN ROAD, KALUWANCHIKUDI",7,A,Batticaloa,Batticaloa,Batticaloa Divisional Secretariat,NULL,NULL,Budget
Guest Houses,MARINA BENTOTA,"PARADISE ISLAND, NATIONAL HOLIDAY RESORT, BENTOTA.",13,A,Galle,Bentota Pradeshiya Sabha,Benthota Divisional Secretariat,79.994808,6.428809,Luxury
Guest Houses,PEARL CLIFF HOTEL,"NO.25C, BROWNS HILL, MATARA",10,A,Matara,Matara,Matara Divisional Secretariat,80.565161,5.942197,Luxruy
Guest Houses,HOTEL REHANS,KANDALAMA MIRIGAMA,6,A,Gampaha,Gampaha,Mirigama Divisional Secretariat,NULL,NULL,Comfort
Guest Houses,CANTALOUPE VILLAS,"MATARA ROAD, PALATUGAHA JUNCTION, HABARADUWA",16,A,Galle,Habaraduwa,Habaraduwa Divisional Secretariat,80.294133,5.994196,Comfort
Guest Houses,ROYAL GARDEN GUEST HOUSE,"200,HOROWAPOTHANA ROAD,VAVUNIYA",5,B,Vavuniya,Vavuniya,Vavuniya,80.501698,8.754049,Budget
Guest Houses,DAMPE VILLAGE,"222,DAMPE,MADAPATHA.",11,A,Colombo,Kesbewa,Kesbewa Divisional Secretariat,79.915921,6.771875,Budget
Guest Houses,LUFORTUNE,"NO.108,108/1,108/B, SIRIBOPURA, HAMBANTOTA.",10,B,Hambantota,Hambantota,Hambantota Divisional Secretariat,NULL,NULL,Luxury
Guest Houses,JASMINE INN,"MATARA ROAD, TALPE",12,B,Galle,Habaraduwa,Habaraduwa Divisional Secretariat,80.266027,5.999494,Luxury
Guest Houses,HOTEL CANOLACK,"NO.10,PILANA ROAD,HABARADUWA.",8,A,Galle,Habaraduwa,Habaraduwa Divisional Secretariat,NULL,5.99471,Comfort
Guest Houses,AQUA PEARL LAKE RESORT,"201, GALKANUWA ROAD, GORAKANA MORATUWA",20,A,Colombo,Moratuwa,Moratuwa Divisional Secretariat,79.909622,6.763687,Comfort
Guest Houses,AQUARIUS RESORT,"BEACH ROAD, MARAWILA.",20,A,Puttalam,Puttalam Pradeshiya Sabha,Mahawewa Divisional Secretariat,NULL,NULL,Budget
Guest Houses,SEA PORT GUEST HOUSE,"NO.70, ETHUKALA, NEGOMBO",10,A,Gampaha,Negombo,Negombo Divisional Secretariat,79.841867,7.240334,Budget
Guest Houses,BRIGHTEN REST,"214/2, MESSENGER STREET , COLOMBO 12",24,A,Colombo,Colombo,Colombo Divisional Secretariat,79.863959,6.94154,Luxury
Guest Houses,COTTAGE TOURIST REST,"388/38, HARISCHANDRA MAWATHA, ANURADHAPURA",6,B,Anuradhapura,Anuradhapura,Anuradhapura East,80.416088,8.332007,Luxruy
Guest Houses,SHESHESU GUEST HOUSE & WEDDING HALL,"SHESHESU GUEST HOUSE,OLD BATAPOLA ROAD,KURUDUGAHA HATAPMA,ELPITIYA.",6,B,Galle,Ambalangoda,Karandeniya Divisional Secretariat,NULL,NULL,Comfort
Guest Houses,SHEHARA HOTEL,"KOLAWAGAHAKANATHTHA,KOMANGODA,THIHAGODA.",5,B,Matara,Thihagoda Pradeshiya Sabha,Thihagoda Divisional Secretariat,NULL,NULL,Comfort
Guest Houses,GIHANS FAMILY RESTAURANT AND GUEST,"NO 90, S. D. S JAYASINGHE MAWATHA, KOHUWALA",5,B,Colombo,Dehiwala-Mount Lavinia,Colombo Divisional Secretariat,79.908237,6.857903,Budget
Guest Houses,LINROSE HOTEL,"175/1, KANDY ROAD, ALUTHGAMA, BOGAMUWA, YAKKALA",9,A,Gampaha,Gampaha,Gampaha Divisional Secretariat,80.048479,7.109119,Budget
Guest Houses,DHARSHANA RESTAURANT,"MATARA ROAD, MAKANDURA",5,B,Matara,Mulatiyana Pradeshiya Sabha,Mulatiyana Divisional Secretariat,80.556558,6.138621,Luxury
Guest Houses,VILLA YASMIN,"VILLA YASMIN, MARADANA ROAD, MORAGALLA, BERUWALA",6,A,Kalutara,Beruwala Pradeshiya Sabha,Kalutara Divisional Secretariat,NULL,NULL,Luxury
Guest Houses,JADE WAY HOTEL & RESORT,"VIDYALOKA MAWATHA, PALLEGAMA EMBILIPITIYA",11,B,Ratnapura,Embilipitiya,Embilipitiya Divisional Secretariat,NULL,NULL,Comfort
Guest Houses,MONREPO GUEST HOUSE AND RESTAURANT,"NO 107, GALA JUNCTION KANDY ROAD KIRIBATHGODA",17,B,Gampaha,Mahara Pradeshiya Sabha,Gampaha Divisional Secretariat,79.932947,6.984369,Comfort
Guest Houses,THE OTHER CORNER,"LAKSIRIGAMA, PALIGASWEWA, HABARANA",9,A,Anuradhapura,Anuradhapura,Anuradhapura East,80.742822,8.038626,Budget
Guest Houses,NEW KOTHMALE HOLIDAY RESORT,"RIVER SIDE,MAWATURA,GAMPOLA.",5,A,Kandy,Gampola,Kandy Divisional Secretariat,80.594895,7.063906,Budget
Guest Houses,HOTEL GREEN PALACE,"57/30, NITTAMBUWA ROAD, VEYANGODA",15,A,Gampaha,Attanagalla Pradeshiya Sabha,Attanagalla Divisional Secretariat,NULL,NULL,Luxury
Guest Houses,WAGON WHEEL,"245/1, HILL HOUSE GARDENS,DEHIWALA.",5,A,Colombo,Dehiwala-Mount Lavinia,Dehiwala Divisional Secretariat,79.866431,6.851757,Luxruy
Guest Houses,JAFFNA REST,"NO.16.RAJESHWARI WEETHI,NAYANAMARKADU,JAFFNA.",5,B,Jaffna,Jaffna,Thirukkovil Divisional Secretariat,NULL,NULL,Comfort
Guest Houses,SOUTH STAR HOTEL,"KABALANA ROAD,KATHALUWA,AHANGAMA.",12,A,Galle,Habaraduwa,Habaraduwa Divisional Secretariat,NULL,NULL,Comfort
Guest Houses,SOBA LANKA HOLIDAY RESORT,"BALAWATTALA ROAD, MELSIRIPURA.",9,B,Kurunegala,Ibbagamuwa Pradeshiya Sabha,Ibbagamuwa Divisional Secretariat,80.505763,7.626349,Budget
Guest Houses,NEW WADDUWA BEACH RESORT,"NO 14, RATHNAYAKA PLACE, THALPITIYA SOUTH, WADDUWA",11,A,Kalutara,Panadura Pradeshiya Sabha,Panadura Divisional Secretariat,79.922276,6.673997,Budget
Guest Houses,COLOMBO SWIMMING CLUB,"STORM LODGE, NO 148, GALLE ROAD, COLOMBO 03",17,A,Colombo,Colombo,Thimbirigasyaya Divisional Secretariat,79.847602,6.914766,Luxury
Guest Houses,RIVERDALE VILLAS,"NO 46, GALLE ROAD, MORAGALLA, ALUTHGAMA",8,A,Kalutara,Beruwala Pradeshiya Sabha,Beruwala Divisional Secretariat,79.990433,6.445542,Luxury
Guest Houses,NITHILA INN,"228/J, BANDARAGAMA ROAD, KESBEWA",6,B,Colombo,Kesbewa,Kesbewa Divisional Secretariat,79.940755,6.794258,Comfort
Guest Houses,DIL REST,"RATNAPURA ROAD, GURUGODA, HORANA",6,A,Kalutara,Horana Pradeshiya Sabha,Horana Divisional Secretariat,80.099906,6.730412,Comfort
Guest Houses,LAGOON VIEW GUEST HOUSE AND RESTAURANT,"STATION KANDA, HORAWALA, HABURUGALA",5,A,Galle,Bentota Pradeshiya Sabha,Benthota Divisional Secretariat,NULL,NULL,Budget
Guest Houses,OCEAN VILLA,"NO. 14, JOHN KEELS HOUSING COMPLEX, PINWATTA, PANADURA",4,A,Kalutara,Panadura Pradeshiya Sabha,Panadura Divisional Secretariat,79.930813,6.655353,Budget
Guest Houses,HILL TOP HOLIDAY INN,"NO. 150, KANDALANDA, HIGH LEVEL ROAD, HOMAGAMA",10,B,Colombo,Homagama Pradeshiya Sabha,Homagama Divisional Secretariat,NULL,NULL,Luxury
Guest Houses,SYZYGY GARDEN,"NO. 475, KURUNDANKULAMA ANURADHAPURA",7,B,Anuradhapura,Anuradhapura,Anuradhapura East,80.446212,8.346319,Luxruy
Guest Houses,KANRO HOLIDAY RESORT,"NO. 117, HANWELLA ROAD, TITTAPATHTHARA",7,B,Gampaha,Gampaha,Gampaha Divisional Secretariat,80.084443,6.930542,Comfort
Guest Houses,THE MOUNTAIN HEAVENS,"KITHAL ELLA, ELLA",9,A,Badulla,Ella Pradeshiya Sabha,Ella Divisional Secretariat,81.046036,6.871162,Comfort
Guest Houses,SOLIS TOURIST REST,"NO. 217, NUPE, MATARA",10,A,Matara,Matara,Matara Divisional Secretariat,80.536898,5.948347,Budget
Guest Houses,ANON REST,"YAPAGAMA, MATALE ROAD, DAMBULLA",18,A,Matale,Dambulla Pradeshiya Sabha,Dambulla Divisional Secretariat,80.653899,7.846443,Budget
Guest Houses,HOTEL WESTEERN,"NO. 35, FRANKFURT PLACE, COLOMBO 04",44,A,Colombo,Colombo,Colombo Divisional Secretariat,79.855433,6.883914,Luxury
Guest Houses,HOTEL GREEN VALLEY,"OLD COLOMBO ROAD, HANWELLA",18,A,Colombo,Colombo,Colombo Divisional Secretariat,80.077071,6.909187,Luxury
Guest Houses,LAGOON GARDEN,"KALAWILAWATTA, MORAGALLA, ALUTHGAMA",5,B,Kalutara,Beruwala Pradeshiya Sabha,Beruwala Divisional Secretariat,79.991388,6.445224,Comfort
Guest Houses,GREENLANDS HOTEL,"3A, SHRUBERY GARDENS, BAMBALAPITIYA, COLOMBO 04",16,A,Colombo,Colombo,Thimbirigasyaya Divisional Secretariat,NULL,NULL,Comfort
Guest Houses,HOTEL ELEPHANT VIEW,"PINNAWALA, RAMBUKKANA",4,A,Kegalle,Rambukkana Pradeshiya Sabha,Rambukkana Divisional Secretariat,80.385921,7.298837,Budget
Guest Houses,HOTEL ROSILU,"NO. 60/5/A, KANDY ROAD, THIHARIYA, KALAGEDIHENA",6,B,Gampaha,Attanagalla Pradeshiya Sabha,Attanagalla Divisional Secretariat,80.068738,7.124225,Budget
Guest Houses,ISHAN HOTEL,"NO. 583, COLOMBO ROAD, UTUWANKANDA, MAWANELLA",10,A,Kegalle,Kegalle,Mawanella Divisional Secretariat,80.428744,7.2519,Luxury
Guest Houses,SURFING VILLA,"WELHANGODA, AHANGAMA,",6,B,Galle,Habaraduwa,Habaraduwa Divisional Secretariat,80.348913,5.978203,Luxruy
Guest Houses,HOTEL BLUE NOTE,"NO. 424, GALLE ROAD, HIKKADUWA",9,B,Galle,Hikkaduwa,Hikkaduwa Divisional Secretariat,80.104097,6.12801,Comfort
Guest Houses,OLANKA HOTEL AND RESTAURANT,"NO. 9TH LANE, MILE POST, KARUWALAGASWEWA, PUTTLAM",8,B,Puttalam,Karuwalagaswewa Pradeshiya,Karuwalagaswewa Divisional Secretariat,79.959919,8.057558,Comfort
Guest Houses,OASIS GREEN GARDEN TOURISRT GUEST HOUSE,"UDUGAMPOLAWATTA, PAHALAGAMA, GAMPAHA",10,A,Gampaha,Gampaha,Gampaha Divisional Secretariat,NULL,NULL,Budget
Guest Houses,HOTEL SUMADAI,"NO. 61, BANDARAWATHTHA, BERUWALA",21,A,Kalutara,Beruwala Pradeshiya Sabha,Beruwala Divisional Secretariat,79.975532,6.467535,Budget
Guest Houses,VILLA PALMA BEACH RESORT,"BEACH ROAD, PAMUNUGAMA, JA-ELA",19,A,Gampaha,Gampaha,Ja-Ela Divisional Secretariat,79.84844,7.085179,Luxury
Guest Houses,AIR LINK REST INN,"NO. 580, NEGOMBO ROAD, SEEDUWA",15,A,Gampaha,Katunayake-Seeduwa,Katana Divisional Secretariat,79.877075,7.12633,Luxury
Guest Houses,AUBRONA HOTEL,"NO. 81, NEW ROAD, HUNUPITIYA WATTALA",50,A,Gampaha,Kelaniya Pradeshiya Sabha,Kelaniya Divisional Secretariat,79.907996,6.982729,Comfort
Guest Houses,HOTEL DHAMMIKA,"YADDEHIMULLA ROAD, UNAWATUNA, GALLE",6,B,Galle,Habaraduwa,Habaraduwa Divisional Secretariat,80.246331,6.009779,Comfort
Guest Houses,AMICO RESTAURANT AND GUEST HOUSE,"NO. 138/1, GAMPOLA ROAD, NAWALAPITIYA.",5,B,Kandy,Pasbage Korale Pradeshiya Sabha,Koralai Pattu Divisional Secretariat,NULL,NULL,Budget
Guest Houses,AMALYA REACH RESORT,"NO. 556, MORAGAHAHENA ROAD, PITIPANA NORTH, HOMAGAMA",16,A,Colombo,Homagama Pradeshiya Sabha,Homagama Divisional Secretariat,80.021092,6.840281,Budget
Guest Houses,ASIAN JEWEL HOTEL,"""FIELD VIEW"", BADDEGAMA ROAD, NALAGASDENIYA, HIKKADUWA",7,B,Galle,Hikkaduwa,Hikkaduwa Divisional Secretariat,80.118417,6.14168,Luxury
Guest Houses,NIPPON INN,"NO. 466, ARTIGALA ROAD, MEEGODA",6,A,Colombo,Homagama Pradeshiya Sabha,Homagama Divisional Secretariat,NULL,NULL,Luxruy
Guest Houses,TRANSEND HOLIDAY RESORT,"""THUSITHA"" , SIYAMBALAGODA, POLGASOWITA",5,B,Colombo,Homagama Pradeshiya Sabha,Homagama Divisional Secretariat,NULL,NULL,Comfort
Guest Houses,LEOPARD DEN,"WILPATTU JUNCTION, PAHALAMARAGAHAWEWA",12,A,Anuradhapura,Anuradhapura,Anuradhapura East,80.202998,8.260678,Comfort
Guest Houses,NEW EVEREST CHINESE RESTAURANT AND GUEST HOUSE,"NO. 11/3, MANKADA ROAD, KADAWATHA",8,A,Gampaha,Biyagama Pradeshiya Sabha,Biyagama Divisional Secretariat,NULL,NULL,Budget
Guest Houses,NEW IMPERIAL GUEST HOUSE,"NO. 500, GALLE ROAD, WEWALA, HIKKADUWA",5,B,Galle,Hikkaduwa,Hikkaduwa Divisional Secretariat,80.10559,6.127181,Budget
Guest Houses,SADAMIN GUEST HOUSE,"NO. 11, WEWELDUWA ROAD, HUNUPITIYA, WATTALA",10,A,Gampaha,Kelaniya Pradeshiya Sabha,Kelaniya Divisional Secretariat,NULL,NULL,Luxury
Guest Houses,NADEESHA HOLIDAY INN AND RESTAURANT,"MATHARA ROAD, KAMBURUPITIYA",6,B,Matara,Kamburupitiya Pradeshiya Sabha,Kamburupitiya Divisional Secretariat,NULL,NULL,Luxury
Guest Houses,NEDAGAMUWA VILLAGE INN,"NO. 76, UDUGAMPOLA ROAD, NEDUGAMUWA, KOTUGODA",7,A,Gampaha,Minuwangoda Pradeshiya Sabha,Minuwangoda Divisional Secretariat,79.94518,7.122843,Comfort
Guest Houses,NEW DRAGON RESTAURANT AND GUEST HOUSE,"NO. 448, GALLE ROAD, NALLURUWA, PANADURA",5,B,Kalutara,Panadura Pradeshiya Sabha,Kalutara Divisional Secretariat,NULL,NULL,Comfort
Guest Houses,DIYALUMA FALLS INN,"NO. 14, DIYALUMA, KOSLANDA",9,A,Badulla,Haldummulla Pradeshiya Sabha,Haldummulla Divisional Secretariat,81.030733,6.72828,Budget
Guest Houses,NATHALIA TOURIST HOTEL,"NO. 636/1, LIYANAGEMULLA, SEEDUWA",12,B,Gampaha,Katana Pradeshiya Sabha,Katana Divisional Secretariat,79.874098,7.146048,Budget
Guest Houses,RAASHI LAKE RESORT,"374/4, GALLE ROAD, GORAKANA, KESELWATTE",16,B,Kalutara,Panadura Pradeshiya Sabha,Panadura Divisional Secretariat,79.896623,6.764255,Luxury
Guest Houses,HOTEL THUSHARA,"WELIMADA ROAD, BORALANDA",10,B,Badulla,Welimada Pradeshiya Sabha,Welimada Divisional Secretariat,NULL,NULL,Luxruy
Guest Houses,SRI GEMUNU GUEST HOUSE,"DALAWELLA, UNAWATUNA, GALLE",20,A,Galle,Habaraduwa,Habaraduwa Divisional Secretariat,80.262016,6.000509,Comfort
Guest Houses,VICTORIYA REACH TOURIST GUEST HOUSE,"133/2, HANGURANKETHA ROAD, GURUDENIYA.",6,B,Kandy,Kandy,Kandy Divisional Secretariat,80.673613,7.275099,Comfort
Guest Houses,VICTORY INN,"NO. 65, WELLAWAYA ROAD, MONARAGALA",12,A,Moneragala,Thissamaharama,Moneragala Divisional Secretariat,81.347934,6.868747,Budget
Guest Houses,VARNIAS BEACH VILLA,"NO. 6/1, SEA VIEW ROAD, LEWIS PLACE, NEGOMBO",6,A,Gampaha,Negombo,Negombo Divisional Secretariat,NULL,NULL,Budget
Guest Houses,SUMMER CLUB,"RIVER VIEW ROAD, HIRANA, PANADURA",5,B,Kalutara,Panadura Pradeshiya Sabha,Panadura Divisional Secretariat,79.945353,6.743163,Luxury
Guest Houses,SASELL GUEST HOUSE,"NO. 224, OLD GALLE ROAD, PALLIMULLA, PANADURA",8,A,Kalutara,Panadura Pradeshiya Sabha,Panadura Divisional Secretariat,NULL,NULL,Luxury
Guest Houses,SANHINDA REST,"NO. 10, REGIS ILLEPERUMA MAWATHA, ULUVITIKE, GALLE",5,B,Galle,Bope,Bope-Poddala Divisional Secretariat,NULL,NULL,Comfort
Guest Houses,SOLIS TOURIST GUEST HOUSE,"NO. 533 1/1, NAWALA ROAD, RAJAGIRIYA",14,A,Colombo,Sri Jayawardenapura-Kotte,Colombo Divisional Secretariat,NULL,NULL,Comfort
Guest Houses,SOUTH BEACH RESORT,"POLOYAMODARA WATTHA, KATHALUWA, AHANGAMA",22,A,Galle,Habaraduwa,Habaraduwa Divisional Secretariat,80.336367,5.982629,Budget
Guest Houses,ST. LACHLAN HOTEL AND SUITES,"NO. 25, ST ANTHONYS LANE, ETHUKALA, NEGOMBO",16,A,Gampaha,Negombo,Negombo Divisional Secretariat,79.842631,7.24018,Budget
Guest Houses,SEA VIEW GUEST HOUSE,"DEVALA ROAD, UNAWATUNA, GALLE",12,B,Galle,Habaraduwa,Habaraduwa Divisional Secretariat,80.243747,6.010399,Luxury
Guest Houses,SANOWIN GUEST HOUSE AND RESTAURANT,"NO. 223/1, KANDALANDU, HIGH LEVEL ROAD, HOMAGAMA",5,B,Colombo,Homagama Pradeshiya Sabha,Homagama Divisional Secretariat,NULL,NULL,Luxruy
Guest Houses,RAINBOW BEACH VILLA,"NO. 30/1, DHARMAPALA ROAD, MOUNT LAVINIA",18,B,Colombo,Dehiwala-Mount Lavinia,Mount Lavinia,NULL,NULL,Comfort
Guest Houses,SERENE BRIDGE RESORT,"NO. 182/2, HIGH LEVEL ROAD, WATARAKA, PADUKKA",10,A,Colombo,Homagama Pradeshiya Sabha,Homagama Divisional Secretariat,80.078141,6.854048,Comfort
Guest Houses,HOTEL MIYORA,"YATIBERIYA, PITAWALA, NAWALAPITIYA",22,A,Nuwara Eliya,Nawalapitiya,Nuwara Eliya Divisional Secretariat,80.43517,6.990179,Budget
Guest Houses,OLD FASHION GUEST HOUSE,"NO. 18, GAMPAHA ROAD, AMBAGAHAWATTA, MINUWANGODA",5,B,Gampaha,Minuwangoda Pradeshiya Sabha,Minuwangoda Divisional Secretariat,79.94703,7.163702,Budget
Guest Houses,HOTEL WINDSURF,"NO. 15A, DE ZOYSA AVANUE, MOUNT LAVINIYA",12,B,Colombo,Colombo,Ratmalana Divisional Secretariat,NULL,NULL,Luxury
Guest Houses,HIDEAWAY RESORT,"ULLE, POTTUVIL",13,B,Ampara,Ampara,Pottuvil Divisional Secretariat,81.831908,6.841615,Luxury
Guest Houses,SUNRAY INN,"NO. 156, KANDY ROAD, DAMBULLA",8,A,Matale,Dambulla Pradeshiya Sabha,Dambulla Divisional Secretariat,80.652218,7.861287,Comfort
Guest Houses,OCEAN VIEW TOUR INN,"NO. 34/4, DE SERAM ROAD, MOUNT LAVINIYA",23,A,Colombo,Colombo,Mount Lavinia,79.863653,6.839774,Comfort
Guest Houses,GREEN INN RESTAURANT,"NO.60, KANDY ROAD, CHUNDIKULI, JAFFNA",7,B,Jaffna,Jaffna,Aluthgama,80.027023,9.660214,Budget
Guest Houses,NEW GREEN INN RESTAURANT,"NO.258/3, KANDY ROAD, JAFFNA",7,B,Jaffna,Jaffna,Jaffna Divisional Secretariat,80.027023,9.660209,Budget
Guest Houses,PILLAIAR INN AND PILLAIAR STORES,"NO. 31, MANIPAY ROAD, JAFFNA",22,A,Jaffna,Jaffna,Jaffna Divisional Secretariat,80.009551,9.670069,Luxury
Guest Houses,NILARA INN,"AMBAGAMUWA, UDABULATHGAMA",12,A,Nuwara Eliya,Ambagamuwa Pradeshiya Sabha,Ambagamuwa Divisional Secretariat,NULL,NULL,Luxruy
Guest Houses,JAYS HOLIDAY RESORT,"THREESINGHAGAMA, MORAGASWAWE, HABARANA",8,A,Polonnaruwa,Hingurakgoda Pradeshiya Sabha,Hingurakgoda Divisional Secretariat,80.76564,8.029694,Comfort
Guest Houses,HOTEL REFRESH,"KATHARAGAMA ROAD, PUNCHI AKURUGODA, THISSAMAHARAMA",5,A,Hambantota,Thissamaharama,Thissamaharama Divisional Secretariat,NULL,NULL,Comfort
Guest Houses,J.CS VILLAGE,"NO. 175, KANDY ROAD, KAPUWATTA, DAMBULLA",12,A,Matale,Dambulla Pradeshiya Sabha,Dambulla Divisional Secretariat,80.655484,7.838936,Budget
Guest Houses,JAFFNA CITY HOTEL,"NO. 70/06, K. K. S ROAD, JAFFNA",8,A,Jaffna,Jaffna,Jaffna Divisional Secretariat,80.009635,9.665792,Budget
Guest Houses,JOES HABARANA VILLAGE,"NO. 107, MILE POST, KIMBISSA.",12,A,Matale,Dambulla Pradeshiya Sabha,Dambulla Divisional Secretariat,80.72963,7.997661,Luxury
Guest Houses,NATURE TRAILS HOTEL,"NO. 234, POLONNARUWA ROAD, GIRITHALE",6,B,Polonnaruwa,Hingurakgoda Pradeshiya Sabha,Hingurakgoda Divisional Secretariat,80.959299,8.029267,Luxury
Guest Houses,SUPERSTAR TOURIST INN,"NO. 23/1, YARD ROAD, KALMUNAI 01",15,B,Ampara,Kalmunai,Kalmunai Divisional Secretariat,81.824219,7.420669,Comfort
Guest Houses,HOTEL SANSU,"NO.651/31- B, ELVITIGALA MAWATHA, COLOMBO 05",18,A,Colombo,Colombo,Thimbirigasyaya Divisional Secretariat,79.877542,6.888832,Comfort
Guest Houses,KINGDOM REST INN,"NO. 174/3, MEEPE JUNCTION, PADUKKA",5,B,Colombo,Colombo,Padukka Divisional Secretariat,NULL,NULL,Budget
Guest Houses,CEYLAN HOTEL,"""IVIES B"",HATTON ROAD,YATIYANTOTA",11,A,Kegalle,Yatiyantota Pradeshiya Sabha,Kegalle Divisional Secretariat,NULL,NULL,Budget
Guest Houses,GREEN GRASS HOTEL & RESTAURANT,"NO. 33, ASEERVATHAM LANE, HOSPITAL ROAD, JAFFNA",25,A,Jaffna,Jaffna,Jaffna Divisional Secretariat,80.021882,9.664293,Luxury
Guest Houses,K. J SENIOR CITIZENS RECREATION CLUB,"NO:100 E,BOPITIYA ROAD,USWETAKEIYAWA",7,B,Gampaha,Wattala Pradeshiya Sabha,Wattala Divisional Secretariat,NULL,NULL,Luxruy
Guest Houses,OCEAN DREAMS HOTEL,"JANISGEWATTA,""ARANWALA"",MATARA RD,AHANGAMA",13,A,Galle,Habaraduwa,Habaraduwa Divisional Secretariat,80.376404,5.966579,Comfort
Guest Houses,ROYAL GRAND HOTEL AND RESTAURANT,"PUTTALAM ROAD ,KELIMUNE,MAHAKELIYA",6,A,Kurunegala,Wariyapola Pradeshiya Sabha,Bamunakotuwa Divisional Secretariat,NULL,NULL,Comfort
Guest Houses,S.T .RAAJ RESTAURANT AND GUEST HOUSE,"OLD HOSPITAL ROAD,AKKARAIPATTU-09",6,C,Ampara,Ampara,Alayadiwembu Divisional Secretariat,81.856883,7.206247,Budget
Guest Houses,WASANTHA GUEST HOUSE & RESTAURANT,"AMBALANGODA ROAD,ELPITIYTA.",18,B,Galle,Ambalangoda,Elpitiya Divisional Secretariat,80.054295,6.232812,Budget
Guest Houses,SEVENTH HEAVEN HOTEL,"26TH MILE,KANDY ROAD,NITTAMBUWA.",14,B,Gampaha,Attanagalla Pradeshiya Sabha,Attanagalla Divisional Secretariat,NULL,NULL,Luxury
Guest Houses,LALUNA HOTEL,"NO.6,KALUWAMODARA,ALUTHGAMA.",14,B,Kalutara,Aluthgama,Aluthgama,79.994732,6.435952,Luxury
Guest Houses,BEACH VIEW GUEST HOUSE,"LION PUB,220 GALLE ROAD,MOUNT LAVINIA.",14,B,Colombo,Dehiwala-Mount Lavinia,Ratmalana Divisional Secretariat,NULL,NULL,Comfort
Guest Houses,HOTEL SELLA REST,"NO.46, KANAKAPURAM ROAD, UTHAYANGAR WEST, KILINOCHCHI.",10,B,Kilinochchi,Karachchi,Karachchi,80.396111,9.383397,Comfort
Guest Houses,"TAPROSPA ""TISSA""","NO.15,TISSAWEWA ROAD,TISSAMAHARAMA.",15,A,Hambantota,Thissamaharama,Thissamaharama Divisional Secretariat,81.290697,6.291296,Budget
Guest Houses,PALACE MIRISSA,"KOPPARAMULLA,MIRISSA.",13,A,Matara,Weligama Pradeshiya Sabha,Weligama Divisional Secretariat,80.454304,5.94293,Budget
Guest Houses,LOON TAO,"43\12 BEACH ROAD,MOUNT LAVINIA.",5,B,Colombo,Dehiwala-Mount Lavinia,Colombo Divisional Secretariat,79.863186,6.839039,Luxury
Guest Houses,BEACH HOTEL BLACK ORCHID,"GALLE ROAD, KIKAWALA, INDURUWA",10,A,Galle,Bentota Pradeshiya Sabha,Benthota Divisional Secretariat,80.009809,6.381604,Luxruy
Guest Houses,CHAYANIKA BEACH HOTEL,"NO. 21, FONSEKA LANE, KALUTARA NORTH",22,A,Kalutara,Kalutara Pradeshiya Sabha,Kalutara Divisional Secretariat,79.954171,6.595533,Comfort
Guest Houses,SERENDIPITY HOLIDAY RESORT,"NO. 73/1 A, KALAVILAWATTA, KALUWAMODARA, ALUTHGAMA",9,B,Kalutara,Beruwala Pradeshiya Sabha,Beruwala Divisional Secretariat,79.989221,6.447703,Comfort
Guest Houses,SEOUL HOTEL,"NO.72, ORUTHOTA ROAD, GAMPAHA",5,B,Gampaha,Gampaha,Gampaha Divisional Secretariat,NULL,NULL,Budget
Guest Houses,SANDAKELUM TOURIST GUEST HOUSE,"NO. 29, PARK AVANUE, DANGOLLA, KANDY",13,A,Kandy,Kandy,Kandy Divisional Secretariat,80.61017,7.267498,Budget
Guest Houses,DAMBULLA REST HOUSE,DAMBULLA,4,B,Matale,Dambulla Pradeshiya Sabha,Dambulla Divisional Secretariat,NULL,NULL,Luxury
Guest Houses,HANWELLA REST HOUSE,HANWELLA,8,B,Colombo,Seethawaka Pradeshiya Sabha,Seethawaka Divisional Secretariat,80.082467,6.910321,Luxury
Guest Houses,HABARANA REST HOUSE,HABARANA,4,B,Anuradhapura,Dambulla Pradeshiya Sabha,Dambulla Divisional Secretariat,NULL,NULL,Comfort
Guest Houses,REGGIES GUEST HOUSE AND RESTAURANT,"NO.177,PORUTHOTA ROAD,PALAGATHURAI,KOCHCHIKADE,NEGOMBO.",10,B,Gampaha,Negombo,Negombo Divisional Secretariat,79.841888,7.249863,Comfort
Guest Houses,AYURVEDA SHUNYATA VILLA,"NO:660/A,GALLE ROAD,GALABODA,INDURUWA",5,A,Galle,Bentota Pradeshiya Sabha,Benthota Divisional Secretariat,80.008527,6.384861,Budget
Guest Houses,SIGIRIYA REST HOUSE,SIGIRIYA,14,A,Matale,Dambulla Pradeshiya Sabha,Dambulla Divisional Secretariat,NULL,NULL,Budget
Guest Houses,MEDAWACHCHIYA REST HOUSE,MEDAWACHCHIYA,4,B,Anuradhapura,Anuradhapura,Anuradhapura East,80.415532,8.323678,Luxury
Guest Houses,KITHULGALA REST HOUSE,KITHULGALA,19,A,Kegalle,Yatiyantota Pradeshiya Sabha,Yatiyanthota Divisional Secretariat,80.405998,6.995549,Luxruy
Guest Houses,POLONNARUWA REST HOUSE,POLONNARUWA,10,A,Polonnaruwa,Tamankaduwa Pradeshiya Sabha,Thamankaduwa Divisional Secretariat,NULL,NULL,Comfort
Guest Houses,BAY INN,WELIGAMA,10,B,Matara,Weligama,Weligama Divisional Secretariat,NULL,NULL,Comfort
Guest Houses,BELIHULOYA REST HOUSE,BELIHULOYA,15,A,Ratnapura,Ratnapura,Ratnapura Divisional Secretariat,80.769503,6.717253,Budget
Guest Houses,CHANUKA TOURIST GUEST HOUSE,"NO:29,FRANCES ROAD,WELLAWATTA,COLOMBO 06",10,B,Colombo,Colombo,Colombo Divisional Secretariat,79.858306,6.875813,Budget
Guest Houses,BROOKSIDE NATURE RESORT,"ELKADUWA,WATTEGAMA",16,A,Kandy,Kandy,Pathadumbara Divisional Secretariat,NULL,NULL,Luxury
Guest Houses,GOLDEN COCONUT CABANAS,"WELLADDAYA,REKEWA,RANNA",5,B,Hambantota,Tangalle Pradeshiya Sabha,Tangalle Divisional Secretariat,NULL,NULL,Luxury
Guest Houses,SINEL GUEST HOUSE,"NO:172/14,MEEPE WATTE,MEEPE,PADUKKA",10,B,Colombo,Seethawaka Pradeshiya Sabha,Padukka Divisional Secretariat,NULL,NULL,Comfort
Guest Houses,KAMVELTA HOLIDAY RESORT,"KINDELPITIYA JUNCTION,WELMILLA,BANDARAGAMA",6,A,Kalutara,Bandaragama Pradeshiya Sabha,Bandaragama Divisional Secretariat,79.957457,6.751599,Comfort
Guest Houses,ELEMENTS WATER SPORTS & NATURE RESORT,"KAPPALADY,KALPITIYA.",5,B,Puttalam,Kalpitiya Pradeshiya Sabha,Kalpitiya Divisional Secretariat,79.705919,8.134297,Budget
Guest Houses,GUNNERS' CLUB,"ARTILLERY COMPLEX ,MINNERIYA",16,A,Polonnaruwa,Hingurakgoda Pradeshiya Sabha,Hingurakgoda Divisional Secretariat,80.90291,8.061251,Budget
Guest Houses,THE OCEAN PEARL HOTEL NEGOMBO.,"NO:262,PORUTHOTA ROAD,PALAGETHURE,KOCHCHIKADE.",12,C,Gampaha,Negombo,Negombo Divisional Secretariat,79.842497,7.254093,Luxury
Guest Houses,NEW YORK BEACH CLUB,"PORUTHOTA ROAD,NEGAMBO",5,C,Gampaha,Negombo,Negombo Divisional Secretariat,79.84165,7.238395,Luxruy
Guest Houses,B.N.C GUEST HOUSE,"POLKOTUWA,GALLE ROAD,BERUWALA",13,A,Kalutara,Beruwala Pradeshiya Sabha,Beruwala Divisional Secretariat,79.983553,6.482415,Comfort
Guest Houses,A9 SPOT,"158,A9 ROAD,THONDAMAN NAGAR, KILINOCHCHI.",8,A,Kilinochchi,Karachchi,Karachchi,80.408421,9.360176,Comfort
Guest Houses,SUN AND MOON RESORT,"104/8, GALLE ROAD, KALUWAMODARA, ALUTHGAMA.",8,A,Kalutara,Beruwala Pradeshiya Sabha,Beruwala Divisional Secretariat,79.994143,6.438851,Budget
Guest Houses,HOTEL KINTOP,"UKOWITA,UDUGAMA",12,B,Galle,Galle,Nagoda Divisional Secretariat,NULL,NULL,Budget
Guest Houses,CLUB PENTHOUSE ISLAND RESORT,"NO:22/1,TUDUWA JUNCTION,DAMPE ,PILIYANDALA",8,A,Colombo,Kesbewa,Kesbewa Divisional Secretariat,79.924172,6.756206,Luxury
Guest Houses,APSARA RESORT,"539,KANDY ROAD,MALWATTA, NITTAMBUWA.",10,A,Gampaha,Attanagalla Pradeshiya Sabha,Attanagalla Divisional Secretariat,80.07915,7.133494,Luxury
Guest Houses,SHANTHI GUEST HOUSE,"DALAWELLA,UNAWATUNA,GALLE.",13,B,Galle,Habaraduwa,Habaraduwa Divisional Secretariat,80.261613,6.000796,Comfort
Guest Houses,CHANDRA GUEST HOUSE,"NO:92,MAIN STREET,TANGALLA",25,B,Hambantota,Tangalle Pradeshiya Sabha,Tangalle Divisional Secretariat,NULL,NULL,Comfort
Guest Houses,MAWELLA BEACH RESORT,"MAHAWELA ROAD,MORAKETIYA,NAKULUGAMA,TANGALLE",10,B,Hambantota,Tangalle Pradeshiya Sabha,Tangalle Divisional Secretariat,80.747598,5.999027,Budget
Guest Houses,GRAND ELLA MOTEL,ELLA,14,A,Badulla,Ella Pradeshiya Sabha,Ella Divisional Secretariat,81.049067,6.871321,Budget
Guest Houses,HOTEL NILKETHA VILLA,"NO:139,OLD MIHINTALE ROAD,ANURADHAPURA",15,A,Anuradhapura,Anuradhapura,Anuradhapura East,80.411506,8.354155,Luxury
Guest Houses,RICHMOND GUEST HOUSE,"NO:5/1/1,BANDARANAYAKA MAWATHA,RATHNAPURA",5,A,Ratnapura,Ratnapura,Mawanella Divisional Secretariat,NULL,NULL,Luxruy
Guest Houses,BIG JOHN GUEST HOUSE,"NO. 47, ALBERT PLACE, DEHIWALA,",17,A,Colombo,Dehiwala-Mount Lavinia,Dehiwala Divisional Secretariat,79.860757,6.858268,Comfort
Guest Houses,CONCORD GUEST HOUSE,"NO. 141, GALLE ROAD, DEHIWALA",30,A,Colombo,Dehiwala-Mount Lavinia,Dehiwala Divisional Secretariat,79.865687,6.855363,Comfort
Guest Houses,HOTEL ELEPHANT BAY,"PINNAWALA, RAMBUKKANA",20,A,Kegalle,Rambukkana Pradeshiya Sabha,Rambukkana Divisional Secretariat,80.38509,NULL,Budget
Guest Houses,HORIZON TOUR INN,"NO. 204/8, GANEMULLA ROAD, BATAGAMA NORTH,WELIGAMPITIYA, JA-ELA",10,A,Gampaha,Gampaha,Gampaha Divisional Secretariat,NULL,NULL,Budget
Guest Houses,SEA VIEW HOTEL & GUEST HOUSE,"10TH MILE POST, GOPALAPURAM, NILAVALI, TRINKOMALEE",11,A,Trincomalee,Trincomalee,Kuchchaveli Divisional Secretariat,79.915124,6.688123,Luxury
Guest Houses,POLLAN HOTEL AND GUEST HOUSE,"NO. 201, ANURADHAPURA ROAD, THAMBUTTEGAMA",20,A,Anuradhapura,Talawa Pradeshiya Sabha,Anuradhapura East,NULL,NULL,Luxury
Guest Houses,RIVER VIEW WATSALA INN,"ADAMSPEAK, DELHOUSE, MASKELIYA",31,B,Nuwara Eliya,Ambagamuwa Pradeshiya Sabha,Nuwara Eliya Divisional Secretariat,80.526538,6.827108,Comfort
Guest Houses,SIGN OF LIFE RESORT,"ATURUWELLA, INDURUWA",9,B,Galle,Bentota Pradeshiya Sabha,Benthota Divisional Secretariat,80.009084,6.377266,Comfort
Guest Houses,DREAM RESTAURANT & GUEST HOUSE,"NO. 453, MATARA ROAD, DEAWATA, KATUGODA, GALLE",16,B,Galle,Galle,Galle Divisional Secretariat,NULL,NULL,Budget
Guest Houses,KANDYAN ARTS RESIDENCY,"NO: 839, PERADENIYA ROAD, KANDY",13,A,Kandy,Kandy,Gagawata,80.615529,7.276996,Budget
Guest Houses,RASILKA HOTEL,"NO. 435, GALLE ROAD, WADDUWA",12,B,Kalutara,Panadura Pradeshiya Sabha,Panadura Divisional Secretariat,NULL,NULL,Luxury
Guest Houses,SAMARATHUNGA CITY INN,"MATARA ROAD, KAMBURUPITIYA",11,B,Matara,Matara,Kamburupitiya Divisional Secretariat,NULL,NULL,Luxruy
Guest Houses,K.G.A.ARIYAWAN REST,"K.P.66, 1ST AVANUE, NAWAGAMPURA,AMPARA.",31,A,Ampara,Ampara,Ampara Divisional Secretariat,81.69295,7.294888,Comfort
Guest Houses,NETHMINA GUEST HOUSE,"82\35,UDARA MAWATHA,AKURESSA",7,B,Matara,Akuressa Pradeshiya Sabha,Akuressa Divisional Secretariat,NULL,NULL,Comfort
Guest Houses,HAPPY GUEST HOUSE,"NO:190/4,NEW ROAD,HUNUPITIYA,WATTALA",35,A,Gampaha,Kelaniya Pradeshiya Sabha,Kelaniya Divisional Secretariat,NULL,NULL,Budget
Guest Houses,GAMPAHA VILLAGE INN,"NO.63/28 A, WEERA KEPPETIPOLA MAWATHA, BANDARAWATTA ESTATE, GAMPAHA.",14,A,Gampaha,Gampaha,Gampaha Divisional Secretariat,NULL,NULL,Budget
Guest Houses,KETHUMATHIYA GUEST HOUSE,"1ST MILE POST, BEMMULLA, YAKKALA.",12,C,Gampaha,Gampaha,Gampaha Divisional Secretariat,NULL,NULL,Luxury
Guest Houses,LIYANKA GUEST HOUSE,"NO:110/1,SRI DEVANANDA ROAD,PILIYANDALA.",6,B,Colombo,Kesbewa,Kesbewa Divisional Secretariat,79.918339,6.803928,Luxury
Guest Houses,SINLEKA REST,"NO.573,MORAGAHAHENA ROAD, PITIPANA SOUTH, HOMAGAMA.",5,C,Colombo,Homagama Pradeshiya Sabha,Homagama Divisional Secretariat,NULL,NULL,Comfort
Guest Houses,DINARA GUEST HOUSE,"269,GALLE ROAD,MASSALA,BERUWALA",7,B,Kalutara,Beruwala Pradeshiya Sabha,Beruwala Divisional Secretariat,NULL,NULL,Comfort
Guest Houses,ASIRI REST HOUSE,"242,WIJENAYAKE MAWATHA,EHELIYAGODA.",5,A,Ratnapura,Eheliyagoda Pradeshiya Sabha,Eheliyagoda Divisional Secretariat,79.95363,6.596046,Budget
Guest Houses,ARALIYA HOTEL,"GALLE ROAD, KALUWAMODARA, ALUTHGAMA.",20,A,Kalutara,Aluthgama,Aluthgama,NULL,NULL,Budget
Guest Houses,BLUE RAKERS GUEST AND RESTUARANT,"NO.103,DOCTOR N.M PERERA MAWATHA,BORELLA,COLOMBO 08.",5,B,Colombo,Colombo,Thimbirigasyaya Divisional Secretariat,NULL,NULL,Luxury
Guest Houses,BASTIAN HOTEL,"37/11,KANDY ROAD,JAFFNA",13,A,Jaffna,Jaffna,Jaffna Divisional Secretariat,80.025745,9.659292,Luxruy
Guest Houses,LAVENDISH BEACH RESORT,"GANAHENA,UNAWATUNA,GALLE",15,A,Galle,Habaraduwa,Habaraduwa Divisional Secretariat,80.252783,6.007163,Comfort
Guest Houses,BOPATH FALLS RESTAURANT,"KEERAGALA, KURUWITA.",6,A,Ratnapura,Kuruwita Pradeshiya Sabha,Kuruvita Divisional Secretariat,NULL,NULL,Comfort
Guest Houses,BRIGHT BRAVO HOTEL,"3RD FLOOR,MUNICIPAL SHOPPING COMPLEX,KURUNEGALA",12,A,Kurunegala,Kurunegala,Kurunegala Divisional Secretariat,80.36472,7.487292,Budget
Guest Houses,BEACH VIEW TOURIST GUEST HOUSE,"57,PORUTHOTA RD,ETHUKALA,NEGOMBO",15,B,Gampaha,Negombo,Negombo Divisional Secretariat,79.840878,7.227449,Budget
Guest Houses,BEERIDEWALA ESTATE BUNGALOW,"DEEVILLA RD,ALUVIHARA,MATALE",5,A,Matale,Matale,Matale Divisional Secretariat,NULL,NULL,Luxury
Guest Houses,BADULLA NEW TOURIST INN,"122, MAHIYANGANA ROAD, BADULLA.",10,B,Badulla,Badulla,Badulla Divisional Secretariat,NULL,NULL,Luxury
Guest Houses,CENTAURIA HILL RESORT,"305/2, COLOMBO ROAD, WERALUPA, RATHNAPURA.",14,A,Ratnapura,Ratnapura,Ratnapura Divisional Secretariat,80.390439,6.697089,Comfort
Guest Houses,CHANDIMA GUEST HOUSE.,"MAIN STREET, ELPITIYA.",5,B,Galle,Galle,Elpitiya Divisional Secretariat,NULL,NULL,Comfort
Guest Houses,CRYSTAL VILLAS,"GALLE - MATARA ROAD, PELENA, WELIGAMA.",6,A,Matara,Weligama Pradeshiya Sabha,Weligama Divisional Secretariat,80.429656,5.975737,Budget
Guest Houses,NEW CHAMARA REST,"7/5,KARAUKETIYA ROAD,BALANGODA.",11,B,Ratnapura,Balangoda,Balangoda Divisional Secretariat,80.699252,6.646762,Budget
Guest Houses,CEYBANK REST - ANURADHAPURA,"JAYANTHI MAWATHA, ANURADHAPURA.",20,A,Anuradhapura,Anuradhapura,Anuradhapura East,80.4077,8.340685,Luxury
Guest Houses,JAGATH CABANA INN,"50, ACRE BLOCK, HALWATHURA ESTATE, INGIRIYA.",8,B,Kalutara,Bulathsinhala Pradeshiya Sabha,Bulathsinhala Divisional Secretariat,NULL,NULL,Luxruy
Guest Houses,JKAB PARK HOTEL,"NO.93, LOVE LANE, NILAVELI ROAD, TRINCOMALEE.",13,A,Trincomalee,Trincomalee,Trincomalee Divisional Secretariat,81.216748,8.593913,Comfort
Guest Houses,DESHAKA GATEWAY HOTEL,"37/1, NEGOMBO ROAD, GIRIULLA.",5,B,Kurunegala,Pannala Pradeshiya Sabha,Pannala Divisional Secretariat,NULL,NULL,Comfort
Guest Houses,DEE ELLA TOURIST INN,"HELAGALA, DANOWITA, WARAKAPOLA.",8,B,Gampaha,Gampaha,Mirigama Divisional Secretariat,NULL,NULL,Budget
Guest Houses,DEPHANI BEACH GUEST HOUSE & RESTAURANT,"189/15,LEWIS PLACE,NEGOMBO",12,B,Gampaha,Negombo,Negombo Divisional Secretariat,79.839924,7.22777,Budget
Guest Houses,DALMANUTA,"21, MEEGAMA, ROAD, WARAPITIYA, DHARGATOWN.",9,A,Kalutara,Beruwala Pradeshiya Sabha,Beruwala Divisional Secretariat,80.022022,6.434796,Luxury
Guest Houses,DHANAWWA TOURIST RESORT,"NO:46,COLOMBO ROAD,MALPITIYA,BOYAGANE",5,A,Kurunegala,Kurunegala,Kurunegala Divisional Secretariat,80.341247,7.443756,Luxury
Guest Houses,DEUTSCH LANKA HOTEL & RESTAURANT,"GODAGAMA, THELWATTA",10,B,Galle,Hikkaduwa,Hikkaduwa Divisional Secretariat,NULL,NULL,Comfort
Guest Houses,FLOWER VILLA GUEST HOUSE,"223, KADURUDUWA ROAD, GORAKANA, PANADURA.",5,B,Kalutara,Panadura Pradeshiya Sabha,Panadura Divisional Secretariat,NULL,NULL,Comfort
Guest Houses,FLAMINGOS BUNDALA SAFARI GUEST HOUSE,"WELLAWAYA ROAD, WEERAWILA, THISSAMAHARAMAYA.",8,B,Hambantota,Thissamaharama,Thissamaharama Divisional Secretariat,NULL,NULL,Budget
Guest Houses,EAGLE NEST HOLIDAY INN,"NO.159, LOWER STREET, BADULLA.",10,B,Badulla,Badulla,Badulla Divisional Secretariat,NULL,NULL,Budget
Guest Houses,GALKIRIYAGAMA VILLAGE,"NO.23, NEW, TOWN, GALKIRIYAGAMA.",5,B,Anuradhapura,Palagala Pradeshiya Sabha,Anuradhapura East,NULL,NULL,Luxury
Guest Houses,GANGA GARDEN,"126/27, GALLE ROAD, KALUWAMODARA, ALUTHGAMA.",5,B,Kalutara,Aluthgama,Beruwala Divisional Secretariat,79.99412,6.437746,Luxruy
Guest Houses,GAYAN GUEST HOUSE,"ELAKAKA ROAD, KANAHENTOTA, HABURUGALA.",5,B,Galle,Bentota Pradeshiya Sabha,Benthota Divisional Secretariat,80.798941,6.031898,Comfort
Guest Houses,GRAND STAR CHINESE RESTAURANT,"NO.105, GALA JUNCTION, KIIBATHGODA, KELANIYA",6,B,Gampaha,Kelaniya Pradeshiya Sabha,Kelaniya Divisional Secretariat,NULL,NULL,Comfort
Guest Houses,GURULUPOTHA REST HOUSE,"GURULUPOTHA, HASALAKA.",4,A,Kandy,Kandy,Minipe Divisional Secretariat,NULL,NULL,Budget
Guest Houses,GRAND MUSIC AND CUISINE,"NO.102, REID AVENUE, COLOMBO 07.",7,A,Colombo,Colombo,Thimbirigasyaya Divisional Secretariat,NULL,NULL,Budget
Guest Houses,GREEN WOODS HOLIDAY INN,"NO.301, BANDARAWELA ROAD, BADULLA.",14,B,Badulla,Badulla,Badulla Divisional Secretariat,81.055286,6.990582,Luxury
Guest Houses,GAMUNU REST INN,"412, COLOMBO ROAD, SEEDUWA.",5,B,Gampaha,Katana Pradeshiya Sabha,Katana Divisional Secretariat,NULL,NULL,Luxury
Guest Houses,GAJAMADARA WALAUWA,"75, KURUNEGALA ROAD, POLGAHAWELA.",8,A,Kurunegala,Polgahawela Pradeshiya Sabha,Polgahawela Divisional Secretariat,80.30267,7.340999,Comfort
Guest Houses,GOVERNORS CHALETS,"BADULLA, ROAD, NUWARAELIYA.",6,A,Nuwara Eliya,Nuwara Eliya,Nuwara Eliya Divisional Secretariat,80.777807,6.956578,Comfort
Guest Houses,GAMPAHA HOLIDAY INN,"NO:143,MATHAMMANA,MINUWANGODA",14,C,Gampaha,Minuwangoda Pradeshiya Sabha,Minuwangoda Divisional Secretariat,NULL,NULL,Budget
Guest Houses,HOTEL SILANMO,"BANDARAMULLA,MIRISSA",15,A,Matara,Weligama,Weligama Divisional Secretariat,80.461384,5.944065,Budget
Guest Houses,HAPPY KENT HOTEL,"MAHASENPURA,KATARAGAMA RD,TISSAMAHARAMA",19,B,Hambantota,Hambantota,Hambantota Divisional Secretariat,81.29623,6.292301,Luxury
Guest Houses,HOTEL ORCHID INN,"NO.571/6, GALLE ROAD, COLOMBO 06.",20,B,Colombo,Colombo,Colombo Divisional Secretariat,79.86393,6.865113,Luxruy
Guest Houses,HOTEL GARDEN BEACH,"643/19, THALGAHAPITYA ROAD, KOSGODA.",10,A,Galle,Galle,Balapitiya Divisional Secretariat,NULL,NULL,Comfort
Guest Houses,HOTEL ATLANTIC,"237,GALLE ROAD,COLOMBO 4",16,B,Colombo,Colombo,Colombo Divisional Secretariat,NULL,NULL,Comfort
Guest Houses,HOTEL OSHIN,"NO.621, KANDY ROAD,ANDANKULAMA, TRINCOMALEE.",8,A,Trincomalee,Trincomalee,Trincomalee Divisional Secretariat,81.194631,8.588839,Budget
Guest Houses,HOTEL CHAMPIS,"KEGALLE ROAD,HIRIWADUNNA",8,A,Kegalle,Rambukkana Pradeshiya Sabha,Rambukkana Divisional Secretariat,NULL,NULL,Budget
Guest Houses,HASARA GUEST HOUSE,"NO.01, WEKUNUGODA ROAD, GALLE.",20,A,Galle,Galle,Galle Divisional Secretariat,80.206286,6.04959,Luxury
Guest Houses,HOTEL TISSA,"KACHCHERIYAGAMA, THISSAMAHARAMAYA.",8,B,Hambantota,Thissamaharama,Thissamaharama Divisional Secretariat,NULL,NULL,Luxury
Guest Houses,HANGURANKETHA REST HOUSE,"REST HOUSE, HANGURANKETHA.",4,B,Nuwara Eliya,Nuwara Eliya,Hanguranketha Divisional Secretariat,NULL,NULL,Comfort
Guest Houses,HOTEL LAGONE,"05, HATHARALIYEDDA ROAD, POTTAPITIYA, MANIKDIWELA.",11,A,Kandy,Kandy,Yatinuwara Divisional Secretariat,NULL,NULL,Comfort
Guest Houses,HOTEL DEKATANA VILLAGE,"NO.126, MALWANA ROAD, DEKATANA.",10,B,Gampaha,Dompe Pradeshiya Sabha,Dompe Divisional Secretariat,NULL,NULL,Budget
Guest Houses,HOTEL MAPURA,"61,COLOMBO ROAD,KIRIBATHKUMBURA",6,A,Kandy,Kandy,Kandy Divisional Secretariat,80.574673,7.267232,Budget
Guest Houses,HOTEL DAMBADENIYA,"ATURUWALA, DAMBADENIYA.",5,A,Kurunegala,Kurunegala,Narammala Divisional Secretariat,NULL,NULL,Luxury
Guest Houses,HOTEL PANCHI VILLA,"KURUWATTA, WARAHENA, BENTOTA.",8,A,Galle,Bentota Pradeshiya Sabha,Benthota Divisional Secretariat,80.005938,6.400549,Luxruy
Guest Houses,HOTEL SILVER SANDS,"229,LEWIS PLACE,NEGOMBO",15,B,Gampaha,Negombo,Negombo Divisional Secretariat,79.840374,7.228771,Comfort
Guest Houses,ILEY GARDEN RESTAURANT,"NO.14, STATION ROAD, BAMBALAPITIYA.",6,B,Colombo,Colombo,Thimbirigasyaya Divisional Secretariat,NULL,NULL,Comfort
Guest Houses,KALLA BONGO LAKE RESORT,"22/8K FEILD VIEW, BADDEGAMA ROAD, NALAGASDENIYA, HIKKADUWA.",15,A,Galle,Hikkaduwa,Hikkaduwa Divisional Secretariat,NULL,NULL,Budget
Guest Houses,KANDY HOLIDAY HOME,"51/30, BANGALAWATTA, LEWELLA, KANDY.",10,A,Kandy,Kandy,Kandy Divisional Secretariat,80.653874,7.297828,Budget
Guest Houses,INNAMALUWA INN,"SIGIRIYA RD,INNAMALUWA",10,B,Matale,Dambulla Pradeshiya Sabha,Dambulla Divisional Secretariat,80.693661,7.927465,Luxury
Guest Houses,KALU S HIDEAWAY,"WALAWEGAMA, UDAWALAWA.",7,A,Moneragala,Embilipitiya,Moneragala Divisional Secretariat,NULL,NULL,Luxury
Guest Houses,KOTTAWATTA VILLAGE INN,"THIMBOLKETIYA, KOLAMBAGEARA.",6,B,Ratnapura,Embilipitiya,Embilipitiya Divisional Secretariat,80.80106,6.406341,Comfort
Guest Houses,KETETHENNA TOUR INN,"635,RATHNAPURA ROAD, KETETHENNA, KAHAWATTA.",9,B,Ratnapura,Ratnapura,Ratnapura Divisional Secretariat,NULL,NULL,Comfort
Guest Houses,KUSUM NADIYA,"NEGOMBO ROAD, KURUNEGALA.",10,B,Kurunegala,Kurunegala,Kurunegala Divisional Secretariat,80.335617,7.476941,Budget
Guest Houses,RASARA GUEST HOUSE,"NO:251,POTHUWIL ROAD,MONARAGALA",8,B,Moneragala,Hambantota,Moneragala Divisional Secretariat,NULL,NULL,Budget
Guest Houses,LAKE VIEW GARDEN HOTEL,"KANDY ROAD,MATALE JUNCTION, KURUNDANKULAMA, ANURADHAPURA.",6,B,Anuradhapura,Anuradhapura,Anuradhapura East,80.444118,8.347579,Luxury
Guest Houses,HOTEL LION INN,"BINDUNUWEWA, BANDARAWELA.",19,A,Badulla,Bandarawela Pradeshiya Sabha,Bandarawela Divisional Secretariat,81.003221,6.837185,Luxruy
Guest Houses,ISURU GUEST HOUSE,"NO:27,AKURASSA ROAD,KAMBURUPITIYA",6,B,Matara,Matara,Matara Divisional Secretariat,NULL,NULL,Comfort
Guest Houses,LAGOON PARADISE BEACH RESORT,"MORAKOLIYA,TANGALLE",13,A,Hambantota,Hambantota,Tangalle Divisional Secretariat,NULL,NULL,Comfort
Guest Houses,LONDON GUEST HOUSE,"REST HOUSE ROAD, KALMUNAI.",7,B,Ampara,Kalmunai,Kalmunai Divisional Secretariat,NULL,NULL,Budget
Guest Houses,LAKE VIEW INN,"06, LIOYDS AVENUE, BATTICALOA.",9,B,Batticaloa,Batticaloa,Manmunai North Divisional Secretariat,81.697994,7.715671,Budget
Guest Houses,LILY RESTAURENT AND INN,"123/12,DE ABREW ROAD,KALUTARA NORTH,KALUTARA",5,A,Kalutara,Kalutara Pradeshiya Sabha,Kalutara Divisional Secretariat,NULL,NULL,Luxury
Guest Houses,LUNUGALA REST HOUSE,"REST HOUSE, LUNUGALA.",3,B,Badulla,Badulla,Lunugala Divisional Secretariat,81.201067,7.038551,Luxury
Guest Houses,LUCKY TOURIST INN,"ULPOTHAYAYA,NARANWALA,GALAGEDARA",5,A,Kandy,Thumpane Pradeshiya Sabha,Thumpane Divisional Secretariat,NULL,NULL,Comfort
Guest Houses,LARKHCHEIN GUEST,"92/10,YOUWN MAWATHA,KANTHALE",8,B,Trincomalee,Trincomalee,Trincomalee Divisional Secretariat,NULL,NULL,Comfort
Guest Houses,MOUNT GAP HOTEL,"NO.609/1, PELMADULLA ROAD, THIRIWANAKETIYA, KETENDOLA, RATHNAPURA.",7,C,Ratnapura,Ratnapura,Ratnapura Divisional Secretariat,NULL,NULL,Budget
Guest Houses,MILLENIUM PARK INN & RESTAURANT,"1594, KADUWELA ROAD, ATHURUGIRIYA.",5,B,Colombo,Kaduwela Pradeshiya Sabha,kaduwela Divisional Secretariat,NULL,NULL,Budget
Guest Houses,MAHAWELI VIEW RESIDENCE,"184/2 MADAWALA ROAD, KATUGASTOTA.",6,B,Kandy,Kandy,Ganga Pahala Korale Divisional Secretariat,NULL,NULL,Luxury
Guest Houses,MANGALA GUEST HOUSE,"14, ROSITA ESTATE, DAMBULLA ROAD, THORAYAYA, KIRIWAWLA.",6,B,Kurunegala,Kurunegala,Mallawapitiya Divisional Secretariat,NULL,NULL,Luxruy
Guest Houses,MIDLAND GUEST HOUSE,"NO.930/1, SAW MILL JUNCTION, KADURUWELA, POLONNARUWA.",8,A,Polonnaruwa,Polonnaruwa,Thamankaduwa Divisional Secretariat,NULL,NULL,Comfort
Guest Houses,WARAHENA BEACH HOTEL,"GALLE ROAD,WARAHENA,BENTOTA.",6,B,Galle,Bentota Pradeshiya Sabha,Benthota Divisional Secretariat,NULL,NULL,Comfort
Guest Houses,NEW MEEWELLAWA REST,"577/1, 1ST LANE NIKAWERATIYA.",5,B,Kurunegala,Nikaweratiya Pradeshiya Sabha,Nikaweratiya Divisional Secretariat,NULL,NULL,Budget
Guest Houses,MAYURA BEACH RESORT,"NO.33A, BEACH ROAD, MATARA.",16,B,Matara,Matara,Matara Divisional Secretariat,80.553861,5.942909,Budget
Guest Houses,MIYURASA HOTEL,"1613, AVISSAWELLA ROAD, RANALA.",10,A,Colombo,Kaduwela Pradeshiya Sabha,kaduwela Divisional Secretariat,NULL,NULL,Luxury
Guest Houses,MILANO TOURIST REST,"596/40, STAGE 01, ANURADHAPURA.",8,A,Anuradhapura,Anuradhapura,Anuradhapura East,80.417125,8.325037,Luxury
Guest Houses,MODERN SEMI LUXURY TOURIST HOTEL,"NO.361, NEW ROAD, DALUGAMA, KELANIYA.",48,B,Gampaha,Kelaniya Pradeshiya Sabha,Kelaniya Divisional Secretariat,NULL,NULL,Comfort
Guest Houses,MEMENTO TOURIST GUEST HOUSE,"NO.24, VIJAYA ROAD, GAMPAHA.",9,B,Gampaha,Gampaha,Gampaha Divisional Secretariat,NULL,NULL,Comfort
Guest Houses,MAMAS CORAL BEACH,"NO:338,GALLE ROAD,HIKKADUWA",9,B,Galle,Hikkaduwa,Hikkaduwa Divisional Secretariat,NULL,NULL,Budget
Guest Houses,HOTEL RANKETHA,"NO:160,BATTICALOA ROAD,POLONNARUWA",11,B,Polonnaruwa,Polonnaruwa,Thamankaduwa Divisional Secretariat,NULL,NULL,Budget
Guest Houses,OLD BRIDGE INN,"NO.84, COLOMBO ROAD, ALAWWA.",7,B,Kegalle,Alawwa Pradeshiya Sabha,Warakapola Divisional Secretariat,NULL,NULL,Luxury
Guest Houses,NIMALI HOLIDAY INN,"AMBAWATTA,ELLA ROAD,WELLAWAYA",10,B,Moneragala,N/A,Wellawaya Divisional Secretariat,NULL,NULL,Luxruy
Guest Houses,NA - MALA HOLIDAY RESORT,"KURUNEGALA ROAD, DMBULLA.",6,A,Matale,Dambulla Pradeshiya Sabha,Dambulla Divisional Secretariat,NULL,NULL,Comfort
Guest Houses,NEW VIWEKA INN,"NO.180, NUWARAELIYA ROAD, WELIMADA.",5,B,Badulla,Welimada Pradeshiya Sabha,Welimada Divisional Secretariat,NULL,NULL,Comfort
Guest Houses,REST HOUSE HETTIPOLA,"REST HOUSE ,KULLIYA PITIYA ROAD,HETTIPOLA.",2,B,Kurunegala,Kurunegala,Kurunegala Divisional Secretariat,NULL,NULL,Budget
Guest Houses,PANWILA REST HOUSE,"PANWILA REST HOUSE,PANWILA",5,B,Kandy,Kandy,Panvila Divisional Secretariat,80.723812,7.364177,Budget
Guest Houses,PANORAMA GUEST HOUSE,"NO.395/11C, MUDITHA MAWATHA, ANURADHAPURA.",5,B,Anuradhapura,Anuradhapura,Anuradhapura East,NULL,NULL,Luxury
Guest Houses,REST HOUSE-PADUKKA,"REST HOUSE,HORANA ROAD,PADUKKA",3,B,Colombo,Colombo,Padukka Divisional Secretariat,80.092341,6.841294,Luxury
Guest Houses,PARADIES HOLIDAY INN,"539/4,SAMUDRI MAWATHA,MALAWANA,BIYAGAMA",8,C,Gampaha,Gampaha,Gampaha Divisional Secretariat,80.003701,6.961295,Comfort
Guest Houses,POINT DE GALLE,"MIHIRIPENNA, TALPE, UNAWATUNA.",9,A,Galle,Habaraduwa,Habaraduwa Divisional Secretariat,NULL,NULL,Comfort
Guest Houses,REST HOUSE-KALPITIYA,"REST HOUSE,KALPITIYA",3,B,Puttalam,Kalpitiya Pradeshiya Sabha,Kalpitiya Divisional Secretariat,NULL,NULL,Budget
Guest Houses,PLANTATION HOTEL,"NO. 250,KALUKOHUTHENNA,KITHULGALA",12,A,Kegalle,Yatiyantota Pradeshiya Sabha,Yatiyanthota Divisional Secretariat,NULL,NULL,Budget
Guest Houses,REST HOUSE -KAKIRAWA,"THLAWA ROAD,KAKIRAWA",3,B,Anuradhapura,Anuradhapura,Anuradhapura East,80.593785,8.041418,Luxury
Guest Houses,PARADISE BEACH CLUB,"140, GUNASIRI NAHIMI MAWATHA, MIRISSA.",40,A,Matara,Weligama Pradeshiya Sabha,Weligama Divisional Secretariat,80.457395,5.945335,Luxruy
Guest Houses,RIVERSIDE INN,"RIVERSIDE INN,NO.114,ELLATOTA,BANDARAWELA",12,A,Badulla,Bandarawela Pradeshiya Sabha,Bandarawela Divisional Secretariat,NULL,NULL,Comfort
Guest Houses,RIVER SIDE HOLIDAY INN,"NO.27,LOWER KINGS STREET,BADULLA",16,B,Badulla,Badulla,Badulla Divisional Secretariat,NULL,NULL,Comfort
Guest Houses,RIVERSTAN HOLIDAY VILLAGE,"19TH MILE POST,BAMBARAGALA,RATTOTA",12,B,Matale,Matale,Rattota Divisional Secretariat,NULL,NULL,Budget
Guest Houses,RAIN FOREST LODGE,"RAIN FOREST LODGE, GALKUBURA HENYAYA, TEMPLE ROAD, DENIYAYA",9,B,Matara,Matara,Kotapola Divisional Secretariat,80.549579,6.343899,Budget
Guest Houses,ROBEENA PALACE REST AND GUEST,"32B,PANSALA WATTA,BANGAMA ROAD,AKURESSA",9,A,Matara,Matara,Akuressa Divisional Secretariat,NULL,NULL,Luxury
Guest Houses,SARATHCHANDRA TOURIST GUEST HOUSE,"PALLEGAMA, EMBILIPITIYA.",16,B,Ratnapura,Embilipitiya,Embilipitiya Divisional Secretariat,NULL,NULL,Luxury
Guest Houses,SEA SPRAY BEACH RESORT,"NO:45,VIHARA LANE,MOUNT LAVINIA",7,A,Colombo,Colombo,Mount Lavinia,NULL,NULL,Comfort
Guest Houses,REST HOUSE - HINGURAKGODA,"MEDIRIGIRIYA ROAD,HINGURAKGODA.",4,B,Polonnaruwa,Hingurakgoda Pradeshiya Sabha,Hingurakgoda Divisional Secretariat,NULL,NULL,Comfort
Guest Houses,SISILA TOURIST INN,"KURUNAGALA RD,AMBEPUSSA,WARAKAPOLA",15,A,Kegalle,Kegalle,Warakapola Divisional Secretariat,80.213027,7.244146,Budget
Guest Houses,RESTAURANT LE VILLAGE & GUEST HOUSE,"KURUNEGALA ROAD,MAKANDURA,GONAWILA.",7,B,Kurunegala,Pannala Pradeshiya Sabha,Pannala Divisional Secretariat,NULL,NULL,Budget
Guest Houses,RAKWANA REST HOUSE,"DENIYAYA ROAD,RAKWANA",4,B,Ratnapura,Ratnapura,Godakawela Divisional Secretariat,NULL,NULL,Luxury
Guest Houses,ROCK HOUSE,"16/17A HULANGAMUWA ROAD,MATALE.",7,A,Matale,Matale,Matale Divisional Secretariat,NULL,NULL,Luxruy
Guest Houses,REST HOUSE MARAWILA,"REST HOUSE, MARAWILA",4,A,Puttalam,Nattandiya Pradeshiya Sabha,Mahawa Divisional Secretariat,NULL,NULL,Comfort
Guest Houses,RUHUNU RESORT,"TISSA ROAD,AMBALANTOTA",5,B,Hambantota,Ambalantota Pradeshiya Sabha,Ambalangoda Divisional Secretariat,NULL,NULL,Comfort
Guest Houses,MOUNT BAY SEA SIDE INN,"NO:26/11,DE SERAM ROAD,MOUNT LAVINIA",6,C,Colombo,Dehiwala-Mount Lavinia,Dehiwala Divisional Secretariat,NULL,NULL,Budget
Guest Houses,RANAPRIYA HOTEL,"WEWAGEDERA WATTE, GANEWATTE ROAD,WARIYAPOLA",14,A,Kurunegala,Kurunegala,Wariyapola Divisional Secretariat,NULL,NULL,Budget
Guest Houses,SANWA INN & RESTAURANT,"NO:20,DEHIWALA ROAD,BORALESGAMUWA",5,B,Colombo,Boralesgamuwa,Colombo Divisional Secretariat,NULL,NULL,Luxury
Guest Houses,RIVIERA RESORT,"NEW DUTCH BAR ROAD,KALLADY,BATTICALOA",12,B,Batticaloa,Batticaloa,Manmunai North Divisional Secretariat,NULL,NULL,Luxury
Guest Houses,REST INN-GAMPAHA,"NO.20 ,SUDARSHANA MAWATHA,GAMPAHA.",10,B,Gampaha,Gampaha,Gampaha Divisional Secretariat,NULL,NULL,Comfort
Guest Houses,SANAS BEACH GUEST HOUSE,"NO:212,LEWIS PLACE,NEGOMBO",8,A,Gampaha,Negombo,Negombo Divisional Secretariat,NULL,NULL,Comfort
Guest Houses,ROY VILLA BEACH HOTEL,"NAINNAWATTA,1ST CROSS STREET,PAYAGALA.",12,A,Kalutara,Beruwala Pradeshiya Sabha,Beruwala Divisional Secretariat,79.973852,6.535184,Budget
Guest Houses,SALA FACTORY HOTEL & RESTAURANT,"SALAWA,KOSGAMA",5,A,Colombo,Seethawaka Pradeshiya Sabha,Hanwella,NULL,NULL,Budget
Guest Houses,STAR BEACH GUEST HOUSE,"83/3,LEWIS PLACE,NEGOMBO",16,A,Gampaha,Negombo,Negombo Divisional Secretariat,NULL,NULL,Luxury
Guest Houses,SHALIMAR GUEST HOUSE,"NO.46,PANCHIKAWATTA ROAD,COLOMBO 10",21,A,Colombo,Colombo,Colombo Divisional Secretariat,NULL,NULL,Luxruy
Guest Houses,INGINIYAGALA SAFARI INN,INGINIYAGALA,5,B,Moneragala,N/A,Madulla Divisional Secretariat,NULL,NULL,Comfort
Guest Houses,SHALIMAR BEACH HOTEL,"POTUPITIYA,WADDUWA",25,A,Kalutara,Kalutara Pradeshiya Sabha,Kalutara Divisional Secretariat,NULL,NULL,Comfort
Guest Houses,SAMAN REST,"235,NEW ROAD,AMBALANGODA",5,B,Galle,Ambalangoda,Ambalangoda Divisional Secretariat,80.054098,6.237236,Budget
Guest Houses,SUBASI TOURIST RESORT,"269/1,ASSEDDUMA,KULIYAPITIYA",5,B,Kurunegala,Kuliyapitiya Pradeshiya Sabha,Kuliyapitiya East Divisional Secretariat,NULL,NULL,Budget
Guest Houses,SAN VILLA,"NO:405/2,PILIYANDALA ROAD,MAHARAGAMA",15,B,Colombo,Maharagama,Maharagama Divisional Secretariat,79.932747,6.835733,Luxury
Guest Houses,SORABORA GEDARA,"SORABORA WAWA ROAD,MAHIYANGANA",10,A,Badulla,Badulla,Mahiyanganaya Divisional Secretariat,NULL,NULL,Luxury
Guest Houses,SHEEN GUEST HOUSE,"NO:454,NEGOMBO ROAD,WELISARA",10,A,Gampaha,Wattala Pradeshiya Sabha,Wattala Divisional Secretariat,NULL,NULL,Comfort
Guest Houses,SUN SHINE BEACH HOTEL,"235/5,ABREW ROAD,KALUTARA NORTH.",5,B,Kalutara,Kalutara Pradeshiya Sabha,Kalutara Divisional Secretariat,NULL,NULL,Comfort
Guest Houses,SUITE LANKA HOTEL,"THIRANAGAMA,HIKKADAWA",7,A,Galle,Hikkaduwa,Hikkaduwa Divisional Secretariat,80.115549,6.119985,Budget
Guest Houses,SELSAN HOTEL,"114/1,RANALA ROAD,HABARAKADA,HOMAGAMA",5,A,Colombo,Homagama Pradeshiya Sabha,Homagama Divisional Secretariat,NULL,NULL,Budget
Guest Houses,SANDY RIVER INN,"NO 16/1,DEVANI RAJASINGHE MW,GATAMBE,KANDY",9,B,Kandy,Kandy,Kandy Divisional Secretariat,80.606801,7.277312,Luxury
Guest Houses,SEA LINE,"NO.1/108,PETTIGALAWATTA,GALLE",12,B,Galle,Galle,Galle Divisional Secretariat,80.223402,6.036901,Luxruy
Guest Houses,SIRIMADURA RESTAURENT & GUEST HOUSE,"HIRIPITIYA ROAD,MEDDEGAMA,MELLAWA",5,B,Kurunegala,Kurunegala,Mallawapitiya Divisional Secretariat,NULL,NULL,Comfort
Guest Houses,THAMPA TOURIST HOTEL & INN,"10,1ST LANE,SINNAPUTHUKULAM,VAUNIYA",19,A,Vavuniya,Vavuniya,Vavuniya,80.510586,8.745916,Comfort
Guest Houses,WELIGAMA BAY RESORT,"MATARA ROAD,PELENA,WELIGAMA",24,A,Matara,Weligama,Weligama Divisional Secretariat,80.440137,5.972813,Budget
Guest Houses,TIVERTON TOURIST GUEST,"60,2ND RAJASINNGHE MW,KANDY",2,B,Kandy,Kandy,Gagawata,NULL,NULL,Budget
Guest Houses,TAPROSPA LABOOKELLIE VILLA,"LABOOKELLIE ESTATE,LABOOKELLIE,NUWARAELIYA",5,A,Nuwara Eliya,Nuwara Eliya,Kothmale Divisional Secretariat,80.718587,7.024754,Luxury
Guest Houses,WELLASSA-INN,"REST HOUSE,WELLAWAYA ROAD,MONERAGALA",6,B,Moneragala,N/A,Moneragala Divisional Secretariat,NULL,NULL,Luxury
Guest Houses,THAMBAPANNI RETREAT,"YADDEHIMULLA,UNAWATUNA,GALLE",18,A,Galle,Habaraduwa,Habaraduwa Divisional Secretariat,80.243394,6.011141,Comfort
Guest Houses,THAPROBAN ROOMS AND RESTAURANT,"72,YADDEHIMULLA,UNAWATUNA",14,A,Galle,Galle,Galle Divisional Secretariat,80.240417,6.009545,Comfort
Guest Houses,SUN ROO BEACH,"NO:22,SAMARAWEERA PLACE,WELIGAMA",8,B,Matara,Weligama Pradeshiya Sabha,Weligama Divisional Secretariat,NULL,NULL,Budget
Guest Houses,WICKS RIVER INN,"SINHGAPURA,BOGAHAMADITHA,HALI ELA,BADULLA",6,B,Badulla,Badulla,Hali-Ela Divisional Secretariat,NULL,NULL,Budget
Guest Houses,THUSHARA TOURIST HOTEL,"34,BANDARWELA ROAD,WELIMADA.",10,A,Badulla,Welimada Pradeshiya Sabha,Welimada Divisional Secretariat,NULL,NULL,Luxury
Guest Houses,REST HOUSE - WELLAWAYA,"ELLA ROAD,WALLAWAYA",5,B,Moneragala,N/A,Moneragala Divisional Secretariat,81.101003,6.732291,Luxruy
Guest Houses,YPSYLON GUEST HOUSE,"MORAGALLA 12070,BERUWELA",25,A,Kalutara,Beruwala Pradeshiya Sabha,Beruwala Divisional Secretariat,NULL,NULL,Comfort
Guest Houses,UNAWATUNA NOR-LANKA HOTEL,"PALUGEDARAWATTA,PEELLAGODA,UNAWATUNA",14,A,Galle,Habaraduwa,Habaraduwa Divisional Secretariat,80.249097,6.012171,Comfort
Guest Houses,VENUS LANKA,"26,PALMYRAH AVENUE.COLOMBO 03.",20,B,Colombo,Colombo,Colombo Divisional Secretariat,NULL,NULL,Budget
Guest Houses,UP COUNTRY REST & HOLIDAY HOME,"WELAMITA WANGUWA,GUNETHANNA,HINGULA",10,B,Kegalle,N/A,Mawanella Divisional Secretariat,NULL,NULL,Budget
Guest Houses,VILLA GUEST HOUSE,"NO.22,LOWER ROAD,ORRS HILL,TRINCOMALEE.",16,B,Trincomalee,Trincomalee,Trincomalee Divisional Secretariat,NULL,NULL,Luxury
Guest Houses,UDAYANGA GUEST HOUSE,"WELLAWAYA ROAD,ELLA",5,B,Badulla,Ella Pradeshiya Sabha,Ella Divisional Secretariat,NULL,NULL,Luxury
Guest Houses,VIBRATION HOTEL,"495,,GALLE ROAD,WEWALA,HIKKADUWA.",6,B,Galle,Galle,Hikkaduwa Divisional Secretariat,80.106735,6.126787,Comfort
Guest Houses,THINAKKURAL REST,"45,CHETTY STREET LANE,NALLUR,JAFFNA",12,B,Jaffna,Jaffna,Jaffna Divisional Secretariat,80.031402,9.670557,Comfort
Guest Houses,UPPER GLENCAIRN BUNGALOW,"MASKELIYA ROAD,DICKOYA,HATTON",5,A,Nuwara Eliya,Nuwara Eliya,Nuwara Eliya Divisional Secretariat,80.602731,6.853385,Budget
Guest Houses,RANKETH RESTAURANT & INN,"RANWALA,KEGALLE.",6,B,Kegalle,Kegalle,Kegalle Divisional Secretariat,NULL,NULL,Budget
Guest Houses,NILDIYA HOTEL,"82/5 B GALLE ROAD,MOUNT LAVANIYA",7,B,Colombo,Dehiwala-Mount Lavinia,Ratmalana Divisional Secretariat,NULL,NULL,Luxury
Guest Houses,ARUGAMBAY SURF RESORT,"ARUGAMBAY, POTUVIL.",11,B,Ampara,Ampara,Pottuvil Divisional Secretariat,81.832602,6.841493,Luxruy
Guest Houses,FIELD VIEW INN,"ATHURA,BULATHSINGHALA",7,B,Kalutara,Bulathsinhala Pradeshiya Sabha,Bulathsinhala Divisional Secretariat,79.986677,6.89414,Comfort
Guest Houses,BOA VISTA,"NO. 142, OLD PUTTALAM ROAD, TISSAWEWA, ANURADHAPURA",11,A,Anuradhapura,Anuradhapura,Anuradhapura East,80.385222,8.342905,Comfort
Guest Houses,ALTA ITALIAN GUEST HOUSE AND RESTAURANT,"NO 36,PORUTHOTA,ETHTHUKALA,NEGOMBO",5,B,Gampaha,Gampaha,Negombo Divisional Secretariat,NULL,NULL,Budget
Guest Houses,BOJANGLES BEACH HOUSE,"BARANIGEWATTA,WELHENGODA,AHANGAMA",5,A,Galle,Habaraduwa,Habaraduwa Divisional Secretariat,NULL,NULL,Budget
Guest Houses,BONN BONN GUEST HOUSE,"NO. 104/3, KATUVANA ROAD, HOMAGAMA",16,A,Colombo,Homagama Pradeshiya Sabha,Homagama Divisional Secretariat,NULL,NULL,Luxury
Guest Houses,ASIRI HOLIDAY RESORT,"NO 28/1,THUDUWA ROAD,MADAPATHA,PILIYANDALA",5,B,Colombo,Colombo,Colombo Divisional Secretariat,NULL,NULL,Luxury
Guest Houses,ALL IN ONE REST,"INNER ROAD,KILLINOCHCHI",5,B,Kilinochchi,Jaffna,Jaffna Divisional Secretariat,NULL,NULL,Comfort
Guest Houses,AMERICAN STAR HOTEL,"NO.126/3,BADULLA ROAD,MAHAGASTOTA JUNCTION,NUWARA-ELIYA",15,A,Nuwara Eliya,Nuwara Eliya,Nuwara Eliya Divisional Secretariat,NULL,NULL,Comfort
Guest Houses,A-PRIMA TOURIST HOTEL,"173,ST SEBESTIAN ROAD,KATUKURUNDA-KALUTARA",8,A,Kalutara,Kalutara Pradeshiya Sabha,Kalutara Divisional Secretariat,79.962124,6.563892,Budget
Guest Houses,AQUA INNS,"NO.12,ALLES GARDEN,SAMBALTHIVE,TRINCOMLEE",31,A,Trincomalee,Trincomalee,Trincomalee Divisional Secretariat,NULL,NULL,Budget
Guest Houses,GALAXY LOUNGE,"ARUGAMBAY,SINNAVLLOVI,POTTUWIL -18",8,B,Ampara,Ampara,Pottuvil Divisional Secretariat,81.831418,6.849136,Luxury
Guest Houses,BROWNS BEACH REST,"NO. 39B, BEACH ROAD, MATARA",14,A,Matara,Matara,Matara Divisional Secretariat,NULL,NULL,Luxruy
Guest Houses,HOTEL BLUE SKY,"NO. 242, NEGOMBO ROAD, PUWAKGASHANDIYA, KURUNEGALA",18,A,Kurunegala,Kurunegala,Kurunegala Divisional Secretariat,NULL,NULL,Comfort
Guest Houses,BANDU RIVER INN,"RIVERSIDE ROAD, PALATOTA, KALUTARA NORH",10,B,Kalutara,Kalutara Pradeshiya Sabha,Kalutara Divisional Secretariat,79.96806,6.59447,Comfort
Guest Houses,RUPAS BEACH HOTEL,"ARUGAMBAY,POTTUVIL",13,B,Ampara,Ampara,Pottuvil Divisional Secretariat,81.833644,6.839223,Budget
Guest Houses,C.I.C. AGRI HOLIDAY RESORT,"C I C SEEDS FARM, HINGURAKGODA",8,A,Polonnaruwa,Hingurakgoda Pradeshiya Sabha,Hingurakgoda Divisional Secretariat,NULL,NULL,Budget
Guest Houses,PLEDGE SCAPE,"NO. 3/2, SENAVIRATNA ROAD, KUDAPADUWA, NEGOMBO",25,A,Gampaha,Negombo,Negombo Divisional Secretariat,NULL,NULL,Luxury
Guest Houses,TSUNAMI HOTEL,"ARUGAMBAY,ULLE,POTHUWIL",10,B,Ampara,Ampara,Pottuvil Divisional Secretariat,81.831613,6.846344,Luxury
Guest Houses,BEACHWAY GUEST HOUSE,"NO. 02, BEACH ROAD, MOUNT LAVINIA",6,B,Colombo,Colombo,Mount Lavinia,NULL,NULL,Comfort
Guest Houses,CANAL VIEW GARDEN HOTEL,"NO 105, ANDERSON ROAD, NEGOMBO",9,B,Gampaha,Negombo,Negombo Divisional Secretariat,79.844292,7.226329,Comfort
Guest Houses,BIMSARA GUEST HOUSE,"NO. 79, ATTANAGOLLA, LUNUGALA",5,B,Badulla,Badulla,Lunugala Divisional Secretariat,NULL,NULL,Budget
Guest Houses,CAPRI MOON REST INN,"60/4, NEW ROAD , HALGASTHOTO ,KATUNAYAKA",12,A,Gampaha,Katunayake-Seeduwa,Katana Divisional Secretariat,NULL,NULL,Budget
Guest Houses,OCEAN BEACH HOTEL,"ARUGAMBAY,POTTUVIL-18",11,B,Ampara,Ampara,Pottuvil Divisional Secretariat,NULL,NULL,Luxury
Guest Houses,CAROLINE REST,"CHANKANAI ROAD, ALLUKAI , ALAVEDI",6,B,Jaffna,Jaffna,Jaffna Divisional Secretariat,NULL,NULL,Luxruy
Guest Houses,GECKO RESTAURANT & ROOMS,"MAIN STREET,ARUGAMBAY,POTTUWIL",6,B,Ampara,Ampara,Pottuvil Divisional Secretariat,81.832523,6.841218,Comfort
Guest Houses,DEVASI REST,"PARANAKANNDA ROAD, ARAMA PATUMAGA, KATARAGAMA",18,B,Moneragala,Hambantota,Hambantota Divisional Secretariat,NULL,NULL,Comfort
Guest Houses,DUNE INN HOTEL,"NO.97,BORELLA ROAD,ATHURUGIRIYA",6,A,Colombo,Kaduwela Pradeshiya Sabha,kaduwela Divisional Secretariat,NULL,NULL,Budget
Guest Houses,COUNTRY GARDEN RESORT,"PANABOKKE, WATTAPPOLA",5,A,Kandy,Udunuwara Pradeshiya Sabha,Udunuwara Divisional Secretariat,80.544262,7.222993,Budget
Guest Houses,ALOHA CABANAS,"SINNA ULLAI,ARUGAMBAY",10,B,Ampara,Ampara,Pottuvil Divisional Secretariat,81.830823,6.845218,Luxury
Guest Houses,BIYAGAMA ZONE,"NO. 533/2, WALGAMA, MALWANA, BIYAGAMA",10,B,Gampaha,Biyagama Pradeshiya Sabha,Biyagama Divisional Secretariat,NULL,NULL,Luxury
Guest Houses,DEANS GUEST HOUSE,"MAIN STREET,ARUGAMBAY,POTTUWIL",14,B,Ampara,Ampara,Pottuvil Divisional Secretariat,NULL,NULL,Comfort
Guest Houses,CYPRESS GARDENS,"NO 64, PARAKRAMA ROAD, WELISARA.",8,A,Gampaha,Wattala Pradeshiya Sabha,Wattala Divisional Secretariat,NULL,NULL,Comfort
Guest Houses,BLUE HORIZON,"NO. 129,HIGH BEACH ROAD, AMBALANGODA",10,B,Galle,Ambalangoda,Ambalangoda Divisional Secretariat,NULL,NULL,Budget
Guest Houses,CITIZEN REST,"221/9, ELBADA ROAD, INGIRIYA",5,B,Kalutara,Kalutara Pradeshiya Sabha,Kalutara Divisional Secretariat,NULL,NULL,Budget
Guest Houses,BEACH HUT,"ARUGAMBAY,POTTUVIL.",9,B,Ampara,Ampara,Pottuvil Divisional Secretariat,NULL,NULL,Luxury
Guest Houses,CLOSENBURG HOTEL,"11, CLOSEDBERG ROAD,MAGALLE ,GALLE",20,A,Galle,Galle,Galle Divisional Secretariat,80.235093,6.031424,Luxruy
Guest Houses,FANTASY HOTEL,"MAIN STREET,ARUGAMBAY SINNA ULLAI,POTTUVIL.",11,B,Ampara,Ampara,Pottuvil Divisional Secretariat,NULL,NULL,Comfort
Guest Houses,DHARSHANI RIVER VIEW,"15/1,KITHALANDALUWA ROAD,WILLORAWATTE,MORATUWA",7,B,Colombo,Moratuwa,Moratuwa Divisional Secretariat,NULL,NULL,Comfort
Guest Houses,EASTERN EATING HOUSE,"NO. 7, 2ND CROSS STREET, BATTICALOA",4,C,Batticaloa,Batticaloa,Batticaloa Divisional Secretariat,NULL,NULL,Budget
Guest Houses,ARUGAMBAY PACIFIC HOTEL,"MAIN STREET,ARUGAMBAY,POTTUVIL",12,B,Ampara,Ampara,Pottuvil Divisional Secretariat,81.831438,6.842457,Budget
Guest Houses,ELLA GAP TOURIST INN,"PASSARA ROAD, ELLA",5,A,Badulla,Ella Pradeshiya Sabha,Badulla Divisional Secretariat,81.049619,6.87272,Luxury
Guest Houses,EURO STAR,"KATUNAYAKA ROAD, PEELLAWATTA,MINUWANGODA",30,A,Gampaha,Minuwangoda Pradeshiya Sabha,Minuwangoda Divisional Secretariat,79.919841,7.178291,Luxury
Guest Houses,THE DANISH VILLA,"SINNA ULLAI,ARUGAMBAY",7,B,Ampara,Ampara,Pottuvil Divisional Secretariat,81.83063,6.845058,Comfort
Guest Houses,DILUXSHAN REST,"BEACH ROAD, KALUWANCHIKUDY",10,B,Batticaloa,Batticaloa,Batticaloa Divisional Secretariat,81.804181,7.518212,Comfort
Guest Houses,EARL'S CHATEAU,"NO. 09, WINSTONE, WICKRAMASINGHE MAWATHA, KEGALLE",5,A,Kegalle,Kegalle,Kegalle Divisional Secretariat,NULL,NULL,Budget
Guest Houses,GALOYA HOTEL,"NILIATUGODA, ETTAMPITIYA",5,A,Badulla,Badulla,Badulla Divisional Secretariat,81.385645,7.301744,Budget
Guest Houses,HAREESHA HOLIDAY RESORT,"IMADUWA ROAD,YAKKALAMULLA",23,A,Galle,Galle,Yakkalamulla Divisional Secretariat,80.351037,6.102983,Luxury
Guest Houses,FAMOUS GUEST HOUSE,"NO. 66/5, NEW RATHNAPURA ROAD, SEETHAWAKAPURA, AVISSSAWELLA.",18,A,Colombo,Seethawaka Pradeshiya Sabha,Hanwella,80.212044,6.94904,Luxruy
Guest Houses,GANGA ADDARA HOTEL,"NO.295,PEEKWELLA,MATARA",7,B,Matara,Matara,Matara Divisional Secretariat,80.559379,5.947097,Comfort
Guest Houses,HAUS CHANDRA HOTEL,"NO.37,BEACH ROAD,MT.LAVINIA",16,A,Colombo,Dehiwala-Mount Lavinia,Mount Lavinia,79.864768,6.842547,Comfort
Guest Houses,HOTEL SADEEPA,"GANETENNA, HINGULLA",26,B,Kegalle,Kegalle,Mawanella Divisional Secretariat,NULL,NULL,Budget
Guest Houses,GARDEN BEACH CLUB,"NO.430,MATHARA ROAD,DALAWELLA,UNAWATUNA",6,B,Galle,Galle,Galle Divisional Secretariat,NULL,NULL,Budget
Guest Houses,SANJEEWA HOTEL,"NO. 72, KALAWEWA ROAD, GALEWELA",5,B,Matale,Matale,Galewela Divisional Secretariat,80.368872,8.286864,Luxury
Guest Houses,GOLDEN NEST GUEST HOUSE,"NO.21, CRIPPS ROAD, GALLE",5,B,Galle,Galle,Galle Divisional Secretariat,NULL,NULL,Luxury
Guest Houses,HOTEL LIONS DEN,"NO:523/11,D.S.SENANAYAKE MW,STAGE II,ANURADHAPURA",5,B,Anuradhapura,Anuradhapura,Anuradhapura East,80.398222,8.317564,Comfort
Guest Houses,GOLDEN FLOWER GUEST HOUSE,"AIRPORT ROAD, HINGURAKGODA",5,A,Polonnaruwa,Hingurakgoda Pradeshiya Sabha,Hingurakgoda Divisional Secretariat,NULL,NULL,Comfort
Guest Houses,HOTEL SUNRICH,"NO. 260/4, HEDENIYA, WERELLAGAMA",36,A,Kandy,Harispattuwa Pradeshiya Sabha,Harispattuwa Divisional Secretariat,80.558646,7.338127,Budget
Guest Houses,HESHAN HOLIDAY REST,"740/5,ROMIYAL MAWATHA,PANAGODA,HOMAGAMA",15,B,Colombo,Homagama Pradeshiya Sabha,Homagama Divisional Secretariat,80.021918,6.855338,Budget
Guest Houses,HOTEL LOVUSI,"NO:584,HOSPITAL ROAD,JAFFNA",12,B,Jaffna,Jaffna,Jaffna Divisional Secretariat,80.015791,9.664856,Luxury
Guest Houses,HIGH CLIFFE HOTEL,"NO.15,STATION ROAD,,HAPUTHALE",9,B,Badulla,Haputale,Haputale Divisional Secretariat,80.959676,6.768795,Luxruy
Guest Houses,HAMILTON DELI,"NO:2,ASARAPPA ROAD,NEGAMBO",8,A,Gampaha,Negombo,Negombo Divisional Secretariat,79.838128,7.21129,Comfort
Guest Houses,GREEN HOUSE RESTAURANT AND LODGING HOUSE,"MUTALIYAR ROAD, AKKARAIPATTUWA 8",5,B,Ampara,AKKARAIPATTU,Akkaraipattu Divisional Secretariat,NULL,NULL,Comfort
Guest Houses,HOTEL COCKPIT,"660/36,ARALIYA LANE,LIYANAGEMULLA,SEEDUWA.",5,B,Gampaha,Gampaha,Gampaha Divisional Secretariat,79.873992,7.14831,Budget
Guest Houses,ROYAL MEAL HOLIDAY HOME & RESTAURANT,"NO:540 A/2,SAMURDHI MAWATHA,WALAGAMA,MALWANA",10,A,Gampaha,Biyagama Pradeshiya Sabha,Biyagama Divisional Secretariat,NULL,NULL,Budget
Guest Houses,HOTEL SURASA,"NEGOMBO ROAD, ALAKOLADENIYA, KURUNEGALA",17,B,Kurunegala,Kurunegala,Kurunegala Divisional Secretariat,NULL,NULL,Luxury
Guest Houses,HOTEL CROWN FIELD,"KURUNEGALA ROAD,NARAMMALA",8,A,Kurunegala,Kurunegala,Narammala Divisional Secretariat,80.217317,7.43409,Luxury
Guest Houses,HOTEL TARAGON,"NO. 546, KURUNEGALA ROAD, THULHIRIYA",16,A,Kegalle,Kegalle,Warakapola Divisional Secretariat,NULL,NULL,Comfort
Guest Houses,HOTEL JASMINE LANKA,"MIRIGAMA RD,PASYALA",12,B,Gampaha,Gampaha,Mirigama Divisional Secretariat,NULL,NULL,Comfort
Guest Houses,HOTEL FAMOUS,"NO.41,SCHOOL LANE,EHELIYAGODA",16,A,Ratnapura,Eheliyagoda Pradeshiya Sabha,Eheliyagoda Divisional Secretariat,NULL,NULL,Budget
Guest Houses,HOTEL KINKINI,"306,BADULLA RD,BIBILE",15,A,Moneragala,N/A,Bibile Divisional Secretariat,81.223353,7.15441,Budget
Guest Houses,HOTEL FLOWER GARDEN,"NO.14,WELLA DEWALA ROAD,UNAWATUNA,GALLE",25,A,Galle,Galle,Galle Divisional Secretariat,80.248556,6.013972,Luxury
Guest Houses,JAFFNA FORT,"NO. 56, 1ST CROSS STREET, JAFFNA",6,B,Jaffna,Jaffna,Jaffna Divisional Secretariat,80.00808,9.663071,Luxruy
Guest Houses,JAYABIMA GUEST HOUSE,"NO. 124, KOTMALE ROAD, NAWALAPITIYA",5,A,Kandy,Pasbage Korale Pradeshiya Sabha,Pasbage Korale Divisional Secretariat,NULL,NULL,Comfort
Guest Houses,HOTEL GANGAADDARA,"NO.11/A.DEWENI RAJASINGHE MAWATHA,GETABE,KANDY",13,A,Kandy,Kandy,Kandy Divisional Secretariat,80.607066,7.274586,Comfort
Guest Houses,KAMARO HOLIDAY RESORT,"NO. 05, BOLGODA, BANDARAGAMA",6,A,Kalutara,Bandaragama Pradeshiya Sabha,Bandaragama Divisional Secretariat,NULL,NULL,Budget
Guest Houses,HOTEL NEW SEA LORD,"3RD MILE POST,UPPAVELI,TRINCOMALEE",25,B,Trincomalee,Trincomalee,Trincomalee Divisional Secretariat,81.220295,8.60287,Budget
Guest Houses,HOMELY GUEST HOUSE,"GOLAHENAWATTE JUNCTION,MAHAWELA 21140,MATALE",9,A,Matale,Matale,Matale Divisional Secretariat,NULL,NULL,Luxury
Guest Houses,KANDY PANORAMA RESORT,"NO. 352/H, DHARMARAJA MAWATHA, KANDY",10,A,Kandy,Kandy,Gagawata,80.655409,7.287736,Luxury
Guest Houses,KAVI GUEST HOUSE,"TRINCO ROAD, AMMATHANAWELY, KATHIRAWELY, VAKARAI",8,B,Batticaloa,Batticaloa,Koralai Pattu Divisional Secretariat,NULL,NULL,Comfort
Guest Houses,HORIZON HILL HOTEL,"NO.33,GOTABAYA MAWATHA,HUNUPITIYA,WATTALA",12,A,Gampaha,Kelaniya Pradeshiya Sabha,Kelaniya Divisional Secretariat,79.906688,6.982057,Comfort
Guest Houses,HOTEL BABIE & CATERS,"DALADAGAMA,BALALLA,MAHO",18,B,Kurunegala,Kurunegala,Kurunegala Divisional Secretariat,80.249934,7.810201,Budget
Guest Houses,HEMADAN,"NO:25,RIVER AVENUE,ALUTHGAMA",10,A,Kalutara,Beruwala Pradeshiya Sabha,Beruwala Divisional Secretariat,79.997708,6.42923,Budget
Guest Houses,KURULUKELAY INN,"NO. 17, ALBERT SENEVIRATNA MAWATHA, KEGALLE",8,B,Kegalle,Kegalle,Kegalle Divisional Secretariat,80.334834,7.252171,Luxury
Guest Houses,MONTY GUEST,"C 32,1ST AVEUNE,AMPARA",42,A,Ampara,Ampara,Ampara Divisional Secretariat,81.67794,7.286339,Luxruy
Guest Houses,HOTEL BRIDGE VIEW,"63/24,NEW DUTCH BAR ROAD,KALLADY,BATTICALOA",21,B,Batticaloa,Batticaloa,Batticaloa Divisional Secretariat,81.710739,7.721854,Comfort
Guest Houses,HOTEL HESHANI,"NO:176/1,WALAWWATTE,KEGALLE",8,B,Kegalle,Kegalle,Kegalle Divisional Secretariat,80.459473,7.140422,Comfort
Guest Houses,HOTEL CANBO,"NO.98,MAHIYANGANA ROAD,BIBILE",9,A,Moneragala,N/A,Bibile Divisional Secretariat,81.222902,7.164342,Budget
Guest Houses,KURUNDUWATTA HOLIDAY RESORT,"THOTUPOLA ROAD, PITIGALA",20,A,Galle,Galle,Niyagama Divisional Secretariat,80.222378,6.343892,Budget
Guest Houses,NANDANA REST,"NO. 50, AVISSAWELLA ROAD, WELIVITA, KADUWELA",20,B,Colombo,Kaduwela Pradeshiya Sabha,kaduwela Divisional Secretariat,NULL,NULL,Luxury
Guest Houses,HOTEL HOME FEEL,"166, RAJA MAWATHA, UDAMMITA, JA-ELA",8,B,Gampaha,Gampaha,Ja-Ela Divisional Secretariat,NULL,NULL,Luxury
Guest Houses,MATALE TOURIST GUEST HOUSE,"NO.145,M.C.ROAD,MATALE",5,B,Matale,Matale,Matale Divisional Secretariat,NULL,NULL,Comfort
Guest Houses,NIPUNA REST,"NO.821,MEEPITIYA,KEGALLE.",5,A,Kegalle,Kegalle,Kegalle Divisional Secretariat,80.367042,7.251071,Comfort
Guest Houses,THE NATURE'S RESORT,"NO. 80, PAHALA MABULA, MAWALGAMA ROAD, WAGA",8,A,Colombo,Colombo,Hanwella,80.127534,6.908823,Budget
Guest Houses,REST HOUSE - MATHUGAMA,"NO.53,ALUTHGAMA ROAD,MATHUGAMA",14,A,Kalutara,Mathugama Pradeshiya Sabha,Mathugama Divisional Secretariat,80.116599,6.520195,Budget
Guest Houses,MEZZALUNA REST,"12A,JAYA MAWATHA,WALANA,PANADURA",6,B,Kalutara,Panadura Pradeshiya Sabha,Panadura Divisional Secretariat,NULL,NULL,Luxury
Guest Houses,HOTEL NEPTUNE BAY,"YADDHIMULLA ROAD, UNAWATUNA, GALLE",12,A,Galle,Habaraduwa,Habaraduwa Divisional Secretariat,80.245628,6.009925,Luxruy
Guest Houses,LAKE SIDE TOURIST INN,"AKURUGODA,THISSAMAHARAMA",22,A,Hambantota,Thissamaharama,Thissamaharama Divisional Secretariat,81.292314,6.284998,Comfort
Guest Houses,LAKHIRU HOLIDAY RESORT AND RESTAURANT,"NO:218/B,KURUKUTHTHALA,KADUGANNAWA",8,B,Kandy,Kandy,Udunuwara Divisional Secretariat,NULL,NULL,Comfort
Guest Houses,LANKA INN TOURIST REST,"NO.67,DUMBARA ROAD,HATTON",11,B,Nuwara Eliya,Hatton-Dickoya,Nuwara Eliya Divisional Secretariat,NULL,NULL,Budget
Guest Houses,LAKE REACH HOTEL,"NO.59, LOUIS PEIRIS MAWATHA, KANDY.",8,B,Kandy,Kandy,Kandy Divisional Secretariat,80.647375,7.289019,Budget
Guest Houses,LIHINIYA SEA VIEW GUEST HOUSE,"39/A,DE SERAM ROAD,MOUNT LAVINIA",20,A,Colombo,Dehiwala-Mount Lavinia,Mount Lavinia,NULL,NULL,Luxury
Guest Houses,OASIS BEACH HOTEL,"NO.10/26,PORUTOTA ROAD,NEGOMBO",6,A,Gampaha,Gampaha,Negombo Divisional Secretariat,79.841541,7.23972,Luxury
Guest Houses,LOTUS REST,"162/19, WATHUREGAMA, AHUNGALLA",20,A,Galle,Galle,Balapitiya Divisional Secretariat,80.035455,6.305251,Comfort
Guest Houses,LUCKY STAR GUEST HOUSE,"31,TUDUWEWATTA GOYAMBOKKA,TANGALLE",9,B,Hambantota,Tangalle Pradeshiya Sabha,Tangalle Divisional Secretariat,NULL,NULL,Comfort
Guest Houses,PABASARA GUEST HOUSE,"PANSAL WATTE, BANGAMA ROAD, AKURESSA",5,B,Matara,Akuressa Pradeshiya Sabha,Akuressa Divisional Secretariat,80.474981,6.101911,Budget
Guest Houses,OLD REST HOUSE,"OLD ELLA ROAD,WELLAWAYA",10,A,Moneragala,N/A,Wellawaya Divisional Secretariat,81.101002,6.732293,Budget
Guest Houses,PABASARA REST,"NO. 4/3, KOSWATTA, KIRIBATHGODA, KELANIYA",10,B,Gampaha,Kelaniya Pradeshiya Sabha,Kelaniya Divisional Secretariat,79.926224,6.976251,Luxury
Guest Houses,PAIVAS CITY HOTEL,"NO. 37, YATINUWARA VEEDIYA, KANDY",5,A,Kandy,Kandy,Ganewatta Divisional Secretariat,80.635766,7.293828,Luxruy
Guest Houses,PARADISE INN,"NO. 238/2, NUWARA ELIYA ROAD, WELIMADA",5,B,Badulla,Welimada Pradeshiya Sabha,Welimada Divisional Secretariat,NULL,NULL,Comfort
Guest Houses,PRI - KIN RESTAURANT & GUEST HOUSE,"NO:10, PORUTHOTA ROAD, ETHTHUKALA,NEGOMBO",5,B,Gampaha,Negombo,Negombo Divisional Secretariat,NULL,NULL,Comfort
Guest Houses,PARADISE INN,"NO. 8, DANGOLLA ROAD,PERADENIYA",19,A,Kandy,Kandy,Gagawata,80.60789,7.269178,Budget
Guest Houses,PARADISE REST,"NO. 76, REST HOUSE ROAD, NIKAWERATIYA.",14,B,Kurunegala,Nikaweratiya Pradeshiya Sabha,Nikaweratiya Divisional Secretariat,80.120044,7.751355,Budget
Guest Houses,PULEY S BALMORAL HOTEL,"OPPOSITE TO RAILWAY STATION ,VAUNIYA.",14,A,Vavuniya,Vavuniya,Vavuniya,80.494247,8.753839,Luxury
Guest Houses,PARK VIEW HOLIDAY RESORT,"NO. 03, SITHULPAUWA ROAD, KATARAGAMA",11,B,Moneragala,N/A,Moneragala Divisional Secretariat,NULL,NULL,Luxury
Guest Houses,HOTEL PARADISO,"406,GALLE ROAD,HIKKADUWA",1,B,Galle,Hikkaduwa,Hikkaduwa Divisional Secretariat,80.102908,6.128799,Comfort
Guest Houses,PUNSISI,"NO:207/4/A, MEEAMBEWATHNA ROAD,THIHARIYA, KALAGEDIHENA",12,B,Gampaha,Attanagalla Pradeshiya Sabha,Attanagalla Divisional Secretariat,NULL,NULL,Comfort
Guest Houses,PEACE HEAVEN INN,"NO. 18, PEELIPOTHAGAMA ROAD, BADULLA",7,B,Badulla,Badulla,Badulla Divisional Secretariat,NULL,NULL,Budget
Guest Houses,HOTEL RANDIV,"562/1A,KANDY RD,MEEPITIYA,KEGALLE",5,A,Kegalle,Kegalle,Kegalle Divisional Secretariat,80.384047,7.281209,Budget
Guest Houses,PEARL INN GUEST HOUSE,"POWER HOUSE LANE,MANALKUDIERAPPU,MULLAITIVU",5,B,Mullaitivu,Vavuniya,Vavuniya,NULL,NULL,Luxury
Guest Houses,REST HOUSE DENIYAYA,"REST HOUSE,DENIYAYA",4,B,Matara,Kotapola Pradeshiya Sabha,Kotapola Divisional Secretariat,80.557427,6.339833,Luxruy
Guest Houses,PRASADA GUEST HOUSE,"NO:181/A, KANDY ROAD, PASYALA.",10,A,Gampaha,Gampaha Pradeshiya Sabha,Gampaha Divisional Secretariat,NULL,NULL,Comfort
Guest Houses,PRASANNA GUEST HOUSE,"NO:1042,KANDY ROAD, ANURADHAPURA JUNTION,TRINCOMALEE",18,B,Trincomalee,Trincomalee,Trincomalee Divisional Secretariat,81.208747,8.585838,Comfort
Guest Houses,RAJ REST,"WORD NO. 7, PUTHUKUDIYIRUPPU, MULAITIVU",8,B,Mullaitivu,N/A,N/A,NULL,NULL,Budget
Guest Houses,RAINBOW,"NO. 526, NEGOMBO ROAD, HANDALA, WATTALA",5,B,Gampaha,Wattala Pradeshiya Sabha,Wattala Divisional Secretariat,NULL,NULL,Budget
Guest Houses,SIAM VIEW HOTEL,"ARUGAMBAY,POTTUVIL.",5,A,Ampara,Ampara,Pottuvil Divisional Secretariat,NULL,,Luxury
Guest Houses,SILVIKRIS,"32/9A,RAYMOND ROAD, NUGEGODA",5,A,Colombo,Dehiwala-Mount Lavinia,Dehiwala Divisional Secretariat,79.882293,6.871275,Luxury
Guest Houses,SIYANCO HOLIDAY RESORT,"1ST CANAL ROAD,POLONNARUWA",17,A,Polonnaruwa,Polonnaruwa,Polonnaruwa Divisional Secretariat,80.99859,7.940886,Comfort
Guest Houses,RANGANA REST,"KANDY ROAD, WARAKAPOLA",6,A,Kegalle,Kegalle,Warakapola Divisional Secretariat,NULL,NULL,Comfort
Guest Houses,SATHMALA ELLA,"GAMMADUWELA, PALLEGAMA, DENIYAYA",12,A,Matara,Matara,Matara Divisional Secretariat,NULL,NULL,Budget
Guest Houses,HINIDUMA REST HOUSE,"REST HOUSE,HINIDUMA",3,B,Galle,Galle,Thawalama Divisional Secretariat,80.320077,6.304647,Budget
Guest Houses,SOLAR GARDEN RESTAURENT & GUEST HOUSE,"NO:86,GALLE ROAD,PIYADIGAMA,AHANGAMA.",5,B,Galle,Habaraduwa,Habaraduwa Divisional Secretariat,NULL,NULL,Luxury
Guest Houses,RAN KETHA HOLIDAY INN,"DALADAGAMA, MAHAWA",22,B,Kurunegala,Mahawa Pradeshiya Sabha,Mahawa Divisional Secretariat,NULL,NULL,Luxruy
Guest Houses,SOROWWA RESORT & SPA,"LAKE ROAD,HABARANA.",22,A,Anuradhapura,Anuradhapura,Anuradhapura East,80.75079,8.040575,Comfort
Guest Houses,SENIC SUMMIT GUEST HOUSE,"102/132A, HEWAHETA ROAD, TALWATTE, KANDY",6,A,Kandy,Kandy,Kandy Divisional Secretariat,NULL,NULL,Comfort
Guest Houses,STAR REST,"KANDY ROAD,PARANTHAN",6,B,Kilinochchi,N/A,N/A,80.407352,9.426661,Budget
Guest Houses,SIDDHALEPA MEDICINAL HOUSE,"GANGULATANNA, ADAM'S PEAK ROAD,NALLATANNIYA",10,B,Nuwara Eliya,Nuwara Eliya,Nuwara Eliya Divisional Secretariat,NULL,NULL,Budget
Guest Houses,REST HOUSE - MORAGALA,"MORAGALA,MEEGAHATENNA",4,B,Kalutara,Walallawita Pradeshiya Sabha,Kalutara Divisional Secretariat,80.178349,6.461504,Luxury
Guest Houses,SENKADA REST,"NO 108, HEWAHATE ROAD,TALWATTE, KANDY",8,B,Kandy,Kandy,Kandy Divisional Secretariat,80.655699,7.28974,Luxury
Guest Houses,RANKETHA REST,"NO. 1108/A, MATUGAMA ROAD, NAGODA, KALUTARA",5,B,Kalutara,Kalutara Pradeshiya Sabha,Kalutara Divisional Secretariat,NULL,NULL,Comfort
Guest Houses,SERENE GARDEN,"173/5, RAJAPIHIALLA MAWATHA, KANDY",12,B,Kandy,Kandy,Kandy Divisional Secretariat,80.64412,7.284872,Comfort
Guest Houses,PUSSELLAWA REST HOUSE,"PUSSELLAWA REST HOUSE,PUSSELLAWA",3,B,Kandy,Kandy,Kandy Divisional Secretariat,NULL,NULL,Budget
Guest Houses,RANTHARU,"NO. 193/14, NEW TOWN, ARALAGANWILA",5,B,Polonnaruwa,Polonnaruwa,Dimbulagala Divisional Secretariat,NULL,NULL,Budget
Guest Houses,GSH COLOMBO,"NO. 382, GALLE ROAD, COLOMBO 06",32,A,Colombo,Colombo,Thimbirigasyaya Divisional Secretariat,79.862452,6.867818,Luxury
Guest Houses,S.L.R.HOLIDAY HOME AND GUEST HOUSE,"NO:42,BATTICALOA ROAD, KALMUNAI",21,B,Ampara,Kalmunai,Kalmunai Divisional Secretariat,NULL,NULL,Luxruy
Guest Houses,THARANA GUEST HOUSE,"NO.28,GANGASIRIWATTA,SIRIMALWATTA,GUNNEPANA",5,B,Kandy,Kandy,Kundasale Divisional Secretariat,80.721233,7.289313,Comfort
Guest Houses,GIRIULLA RESORT,"SATHUTU UYANA ,NALLE, DIWULDENIYA.",20,A,Gampaha,Gampaha,Mirigama Divisional Secretariat,NULL,NULL,Comfort
Guest Houses,TANIYA NATURE RESORT,"PUTTALAM ROAD,KALPITIYA",14,A,Puttalam,Kalpitiya Pradeshiya Sabha,Kalpitiya Divisional Secretariat,79.744219,8.217138,Budget
Guest Houses,AMBEPUSSA REST HOUSE,"AMBEPUSSA, WARAKAPOLA",6,A,Kegalle,Kegalle,Warakapola Divisional Secretariat,NULL,NULL,Budget
Guest Houses,SANA GUEST HOUSE,"NO:279,BARATHI NAGAR,MALLAVI,YOGAPURAM",5,B,Mullaitivu,Vavuniya,Vavuniya,NULL,NULL,Luxury
Guest Houses,THANU REST,"UDAYA NAGAR WEST ,OFF KANDY ROAD,KILLINOCHCHI",6,B,Kilinochchi,N/A,N/A,NULL,NULL,Luxury
Guest Houses,SANA GUEST HOUSE,"NO:105, KOLLAVILANKULAM, PALI NAGAR, VAVUNIKKULAM",5,B,Mullaitivu,Vavuniya,Vavuniya,NULL,NULL,Comfort
Guest Houses,THE ALBATROSS GOLFING & HOLIDAY RESORT,"C/O VICTORIA GOLF& COUNTRY RESORT,P.O. BOX 07,RAJAWELLA",5,A,Kandy,Kandy,Medadumbara Divisional Secretariat,80.772308,7.265746,Comfort
Guest Houses,MAHAGAMA REST HOUSE,"MAHAGAMA REST HOUSE, MAHAGAMA",4,B,Kalutara,Bulathsinhala Pradeshiya Sabha,Bulathsinhala Divisional Secretariat,80.159812,6.62073,Budget
Guest Houses,REST HOUSE - ANAMADUWA,"REST HOUSE,ANAMADUWA",5,B,Puttalam,Anamaduwa Pradeshiya Sabha,Anamaduwa Divisional Secretariat,80.011116,7.903239,Budget
Guest Houses,THE BELFRY GUEST HOUSE,"NO. 13/4, POLKATUWA, GALLE ROAD, BERUWALA",6,A,Kalutara,Beruwala Pradeshiya Sabha,Beruwala Divisional Secretariat,79.985959,6.468166,Luxury
Guest Houses,ROSA RESTAURENT,"MAVADY MOOLAI ROAD, VADDU WEST, VADDUK KODDAI.",15,B,Jaffna,Jaffna,Jaffna Divisional Secretariat,79.946031,9.744691,Luxruy
Guest Houses,THE VILLA HOTEL,"YADDHEMULLA,UNAWATUNA",6,A,Galle,Habaraduwa,Habaraduwa Divisional Secretariat,NULL,NULL,Comfort
Guest Houses,ROYAL PARK INN,"36/1, DE SERAM RD, MT. LAVINIA",6,B,Colombo,Colombo,Ratmalana Divisional Secretariat,NULL,NULL,Comfort
Guest Houses,TRI STAR BEACH HOTEL,"ARUGAMBAY,POTTUVIL",20,A,Ampara,Puttalam Pradeshiya Sabha,Pottuvil Divisional Secretariat,NULL,NULL,Budget
Guest Houses,POLGAHAWELA REST HOUSE,"NO. 76, KEGALLE ROAD, POLGAHAWELA",18,B,Kurunegala,Polgahawela Pradeshiya Sabha,Polgahawela Divisional Secretariat,80.299345,7.331108,Budget
Guest Houses,TISSA VILLAGE,"UDUWILA,THISSAMAHARAMA",6,B,Hambantota,Thissamaharama,Thissamaharama Divisional Secretariat,81.285821,6.278132,Luxury
Guest Houses,VERONA HOTEL,"ZAVIER ROAD, WENNAPPUWA",10,A,Puttalam,Wennappuwa Pradeshiya Sabha,Chilaw Divisional Secretariat,79.83491,7.34757,Luxury
Guest Houses,ROYAL REST,"MANNAR ROAD, VEPPANKULAM, VAVUNIYA",7,B,Vavuniya,Vavuniya,Vavuniya,NULL,NULL,Comfort
Guest Houses,VICTORIA GOLF & COUNTRY RESORT,"P.O.BOX 07, RAJAWELLA",25,A,Kandy,Kandy,Kandy Divisional Secretariat,80.774256,7.265143,Comfort
Guest Houses,WATERS EDGE,"NO.316,ATHUL KOTTE ROAD,BATTARAMULLA",5,A,Colombo,Colombo,kaduwela Divisional Secretariat,NULL,NULL,Budget
Guest Houses,VISAKA HOTEL,"NO:34, SELLAKATARAGAMA ROAD, KATARAGAMA",22,A,Moneragala,Hambantota,Hambantota Divisional Secretariat,81.31888,6.420677,Budget
Guest Houses,WET WATER RESORT,"NO.136/D,LUMBINIWATTA,JA-ELA ,GAMPAHA",12,A,Gampaha,Ja-Ela Pradeshiya Sabha,Ja-Ela Divisional Secretariat,79.95547,7.090865,Luxury
Guest Houses,RIVER GARDERN GUEST,BELIHULOYA,5,B,Ratnapura,Ratnapura,Imbulpe Divisional Secretariat,NULL,NULL,Luxruy
Guest Houses,RICO SHADOW GUEST HOUSE & RESTAURENT,"KAMMALA NORTH, WAIKKALA",10,A,Puttalam,Wennappuwa Pradeshiya Sabha,Wennappuwa Divisional Secretariat,79.83965,7.298235,Comfort
Guest Houses,HOTEL WONDER BAR,"CHANDANA VILLA,ROBOLGODA,BENTHOTA",6,A,Galle,Bentota Pradeshiya Sabha,Benthota Divisional Secretariat,80.000133,6.411683,Comfort
Guest Houses,YATHUSAN GUEST HOUSE,"KADDUWAN ROAD, MALLAKAM, JAFFNA",5,B,Jaffna,Jaffna,Jaffna Divisional Secretariat,NULL,NULL,Budget
Guest Houses,ROYAL REST,"KANDY ROAD, MANGULLAM",6,B,Jaffna,Jaffna,Jaffna Divisional Secretariat,NULL,NULL,Budget
Guest Houses,WIJAYA HOLIDAY RESORT,"THALGAHAHENA ESTATE,EPITAWALA,KIRIELLA",12,A,Ratnapura,Ratnapura,Kiriella Divisional Secretariat,80.243828,6.743553,Luxury
Guest Houses,CLARION HUB,"NO: 1374, COLOMBO ROAD, KURANA, KATUNAYAKA.",20,A,Gampaha,Gampaha,Gampaha Divisional Secretariat,NULL,NULL,Luxury
Guest Houses,YALA EDGE,"KOCHIPOTHANA, SITHULPAHUWA ROAD, KATHARAGAMA",5,B,Moneragala,Polonnaruwa,Moneragala Divisional Secretariat,81.38107,6.402011,Comfort
Guest Houses,PUBS AND PLACES,"1837, NEW GALLE ROAD, MORATUWA",5,B,Colombo,Moratuwa,Moratuwa Divisional Secretariat,NULL,NULL,Comfort
Guest Houses,ROYAL PARK GUEST,"NO:121, GALA JUNCTION, KIRIBATHGODA",16,B,Colombo,Colombo,Colombo Divisional Secretariat,79.933777,6.984793,Budget
Guest Houses,THE TALDUWA MANOR,"MALWATTE LEISURE RESORTS, TALDUWA ESTATE, IRRACHT DIIVISION, HATTON ROAD, DEHIOWITA",12,B,Kegalle,Dehiowita Pradeshiya Sabha,Dehiovita Divisional Secretariat,80.249924,6.974722,Budget
Guest Houses,SPRING OF LIFE,"NO. 57/A, GANGABODA ROAD, WEWELA, PILIYANDALA",11,A,Colombo,Kesbewa,Kesbewa Divisional Secretariat,79.904251,6.803964,Luxury
Guest Houses,SUN N SEA HOTEL,"NO. 324, MATARA ROAD, GANAHENA, UNAWATUNA",10,B,Galle,Habaraduwa,Habaraduwa Divisional Secretariat,80.252304,6.007165,Luxruy
Guest Houses,COSY HOTEL & RESTAURANT,"NO.15,SIRAMPIYADI LANE,JAFFNA.",15,A,Jaffna,Jaffna,Jaffna Divisional Secretariat,80.017311,9.667941,Comfort
Guest Houses,J.J.GUEST HOUSE,"KANDY ROAD,PALAI",6,B,Kilinochchi,Jaffna,Jaffna Divisional Secretariat,NULL,NULL,Comfort
Guest Houses,HERITAGE GARDEN,"NO:687,GALLE ROAD,MOLLIGODA,WADDUWA,",5,B,Kalutara,Panadura Pradeshiya Sabha,Panadura Divisional Secretariat,79.931446,6.66238,Budget
Guest Houses,GOMEZ PLACE,"NO:22/6B,PORUTHOTA ROAD,ETTUKALA,NEGAMBO",11,B,Gampaha,Negombo,Negombo Divisional Secretariat,79.843826,7.240576,Budget
Guest Houses,N T P GREEN HOUSE STAR,"MAIN STREET,PUTHUKKUDIYIRUPPU - 05, PUTHUKKUDIYIRUPPU",10,C,Batticaloa,Batticaloa,Manmunai Pattu Divisional Secretariat,NULL,NULL,Luxury
Guest Houses,PENARA HOTEL AND RESTAURANT,"NO.779,WARAGODA ROAD, KELANIYA.",10,B,Gampaha,Kelaniya Pradeshiya Sabha,Kelaniya Divisional Secretariat,NULL,NULL,Luxury
Guest Houses,WALPOLA RESTAURANT & GUEST HOUSE,"WALPOLA RESTAURANT,ATUELA,PITABADDARA.",5,C,Matara,Pitabeddara Pradeshiya Sabha,Pitabeddara Divisional Secretariat,NULL,NULL,Comfort
Guest Houses,HOTEL SHANTHI,"NO:114/1,MORAGOLLAGAMA ROAD,MAHO",14,A,Kurunegala,Kurunegala,Kurunegala Divisional Secretariat,NULL,NULL,Comfort
Guest Houses,HOTEL ALAKAMANDA,"NO:11/1,NAGASENA MAWATHA,ANURADHAPURA",6,A,Anuradhapura,Anuradhapura,Anuradhapura East,80.417471,8.308622,Budget
Guest Houses,SHINE GUEST HOUSE & RESTAURANT,"NO:157/7,PADILIYATUDUWA ROAD,HUNUPITIYA,WATTALA",7,C,Gampaha,Gampaha,Mahara Divisional Secretariat,NULL,NULL,Budget
Guest Houses,HOTEL THE PARADISE,"PUTTALAM ROAD,WALAGANE,MASPOTHA.",6,B,Kurunegala,Kurunegala,Maspotha Divisional Secretariat,NULL,NULL,Luxury
Guest Houses,BINURI HOTEL & GUEST HOUSE,"WADIYA WATTA,MAPALAGAMA,GALLE",12,B,Galle,Galle,Nagoda Divisional Secretariat,NULL,NULL,Luxruy
Guest Houses,DECO ON FORTY FOUR,"NO:44,LIGHT HOUSE STREET,FORT,GALLE",7,A,Galle,Galle,Galle Divisional Secretariat,80.216486,6.026811,Comfort
Guest Houses,DICKWELLA RESTAURANT,"NO:121/1,MAIN STREET,AMBALANTOTA",6,C,Hambantota,Ambalantota Pradeshiya Sabha,Ambalantota Divisional Secretariat,NULL,NULL,Comfort
Guest Houses,BANDAGIRI VILLAGE ECO RESORTS,"GONNORUWA ROAD,HAMBANTOTA",22,A,Hambantota,Hambantota,Hambantota Divisional Secretariat,81.142757,6.234207,Budget
Guest Houses,KIRUWANA ELLA GUEST,"URUBOKKA ROAD,MORAGALA,KIRILIPANA",6,B,Matara,Matara,Pasgoda Divisional Secretariat,NULL,NULL,Budget
Guest Houses,MOULINI HOTEL,"KODIKAMAM NORTH,KODIKAMAM",5,C,Jaffna,Jaffna,Jaffna Divisional Secretariat,NULL,NULL,Luxury
Guest Houses,CEYBANK REST - KATARAGAMA,"TISSAMAHARAMA ROAD,KATARAGAMA.",26,A,Moneragala,Katharagama,Katharagama Divisional Secretariat,81.330985,6.412627,Luxury
Guest Houses,SANULA GUEST HOUSE,"SANULA GUEST HOUSE,BANDARWATHTHA,WATHTHAGAMA,SOUTH DICKWELLA",7,B,Matara,Dickwella,Dickwella Divisional Secretariat,NULL,NULL,Comfort
Guest Houses,THUDUWA CAMP,"SAMAGIPURA,KIRIIBBANWEWA,SEWANAGALA",6,B,Moneragala,Thanamalwila Pradeshiya Sabha,Sewanagala Divisional Secratariat,NULL,NULL,Comfort
Guest Houses,HETTIARACHCHI FAMILY RESTURANT & GUEST HOUSE,"NO 151,MATHUGAMA ROAD,PELAWATHTHA",6,A,Kalutara,Walallawita Pradeshiya Sabha,Walallavita Divisional Secretariat,NULL,NULL,Budget
Guest Houses,SEA MOON GARDEN GUEST HOUSE,"KALMUNAI ROAD, MAIN STREET, KIRANKULAM 06 NORTH, BATTICALOA",7,A,Batticaloa,N/A,Manmunai Pattu Divisional Secretariat,81.763094,7.613703,Budget
Guest Houses,VILLA LANKA PEARL,"23/13, GHANATHILAKA MAWATHA, WELLABODA, BALAPITIYA",6,B,Galle,N/A,Balapitiya Divisional Secretariat,NULL,NULL,Luxury
Guest Houses,HOTEL HONEY MOON,"KANDY ROAD,NAVATKULI,KAITHDY.",7,B,Jaffna,Kalmunai,Jaffna Divisional Secretariat,NULL,NULL,Luxruy
Guest Houses,SUN RISE GUEST,UDAKALAGAMA.POLONNARUWA ROAD.HABARANA,6,C,Polonnaruwa,Hingurakgoda Pradeshiya Sabha,Hingurakgoda Divisional Secretariat,80.747548,8.027473,Comfort
Guest Houses,REST HOUSE - BOGAWANTALAWA,"11O.MAIN STREET,BOGAWANTALAWA",3,B,Nuwara Eliya,Ambagamuwa Pradeshiya Sabha,Ginigathhena,80.678775,6.795292,Comfort
Guest Houses,DALAWELLA BEACH RESORT,NO448.DALAWELLA.UNAWATUNA,8,B,Galle,Habaraduwa,Habaraduwa Divisional Secretariat,80.259485,6.002037,Budget
Guest Houses,SARANGA HOLIDAY INN,37.ELLA ROAD.WELLAWAYA.,10,A,Moneragala,Wellawaya,Wellawaya Divisional Secretariat,81.100217,6.733045,Budget
Guest Houses,NEW GROSVENOR HOTEL,KANDY ROAD.HELAGALA.DANOWITA,8,A,Gampaha,Madurawala Pradeshiya Sabha,Mirigama Divisional Secretariat,NULL,NULL,Luxury
Guest Houses,HOTEL SHANIKA,NO 175.BALAGOLLA.KENGALLA,10,B,Kandy,Kundasle,Kundasale Divisional Secretariat,NULL,NULL,Luxury
Guest Houses,SAYURIMA HOTEL & GUEST HOUSE,"GOVIYAPANA, AHANGAMA",7,B,Galle,Habaraduwa,Habaraduwa Divisional Secretariat,80.380499,5.965326,Comfort
Guest Houses,HOTEL SAMENRA,520/5.COLOMBO ROAD.KADUWELA,5,A,Colombo,Kaduwela Pradeshiya Sabha,kaduwela Divisional Secretariat,NULL,NULL,Comfort
Guest Houses,GREEN B CORNER,MAKATHMAKANTHY VEETHY.CHAVAKACHCHERI,5,B,Jaffna,Chavakacheri,Chavakachcheri,NULL,NULL,Budget
Guest Houses,MANDARA ROYAL RESORT,"253, HORAGOLLA, NITTAMBUWA",5,B,Gampaha,Attanagalla Pradeshiya Sabha,Attanagalla Divisional Secretariat,80.08492,7.134154,Budget
Guest Houses,COPPENRATH GUEST HOUSE & RESTAURENT,NO 61 A.WIJAYA ROAD.TANGALLE,6,B,Hambantota,Tangalle Pradeshiya Sabha,Tangalle Divisional Secretariat,80.800652,6.032977,Luxury
Guest Houses,GING OYA LODGE,KAMMALA NORTH.WAIKKALA,6,A,Puttalam,Wennappuwa Pradeshiya Sabha,Wennappuwa Divisional Secretariat,NULL,NULL,Luxruy
Guest Houses,THUSHARA RESTAURANT & GUEST HOUSE,NO 02.NUWARAELIYA RD.WELIMADA.,6,B,Badulla,Welimada Pradeshiya Sabha,Welimada Divisional Secretariat,80.912443,6.907542,Comfort
Guest Houses,PINE VILLAGE GUEST HOUSE,"VELEGAMA, UVA - THANNA",10,A,Badulla,Haldummulla Pradeshiya Sabha,Haldummulla Divisional Secretariat,NULL,NULL,Comfort
Guest Houses,ROYAL MOUNT HOTEL,NUWARAELIYA ROAD.PARADEKA,7,A,Kandy,Udapalatha,Gampola Divisional Secretariat,NULL,NULL,Budget
Guest Houses,ROYAL GARDEN RESTAURANT,"903/18, WILLIOM GOPALLAWA MAWATHA, KANDY",25,A,Kandy,Gagawata Koralya,Gagawata,80.61308,7.274373,Budget
Guest Houses,SIKURU GARDEN HOTEL,KUSUM POKUNA ROAD.DIULANKADAWALA. MEDIRIGIRIYA,8,A,Polonnaruwa,Medirigiriya Pradeshiya Sabha,Medirigiriya Divisional Secretariat,NULL,NULL,Luxury
Guest Houses,PANORAMA HOTEL,"9/3, NAOTUNNA, TALALLA",7,A,Matara,Devinuwara Pradeshiya Sabha,Devinuwara Divisional Secretariat,80.630098,5.946184,Luxury
Guest Houses,AMILA GUEST HOUSE,"NO 5,LOVE LANE.CROSS ROAD,UPPUWELI,TRINCOMALEE",5,C,Trincomalee,Trincomalee,Trincomalee Divisional Secretariat,81.215846,8.594559,Comfort
Guest Houses,PARADISE RESORT,"15/ 8 A, DANGOLLA ROAD, GATAMBE,KANDY",18,C,Kandy,Kandy,GANGAWATA KORALAYA,80.608277,7.270056,Comfort
Guest Houses,DELMAR MOUNT VIEW HOTEL,"NO :213/7, ALADENIYA, WERELLAGAM, KANDY",8,A,Kandy,Harispattuwa Pradeshiya Sabha,Harispattuwa Divisional Secretariat,80.565804,7.337839,Budget
Guest Houses,DELTHOTA VILLAGE,"154, BOPITIYA ROAD, DELTOTA",8,B,Kandy,Pathahewaheta,Pathahewaheta Divisional Secretariat,80.699216,7.174126,Budget
Guest Houses,M.B GUEST HOUSE & RESTAURENT,NO :100/2. PALANGATURE. KOCHCHIKADE,5,B,Gampaha,Negombo,Negombo Divisional Secretariat,NULL,NULL,Luxury
Guest Houses,RAN SEA HOTEL,"WATTHEGAMA, DICKWELLA.",12,B,Matara,Dickwella,Dickwella Divisional Secretariat,NULL,NULL,Luxruy
Guest Houses,HOTEL BINOTA,NO 21. BONAVISTA ROAD. KELEGALA. NUWARA ELIYA,9,A,Nuwara Eliya,Nuwara Eliya,Nuwara Eliya Divisional Secretariat,80.774704,6.955417,Comfort
Guest Houses,NETHMINI GUEST & REST,"1ST MILE POST ,AMPARA ROAD,SIYABALANDUWA",15,C,Moneragala,Ampara,Moneragala Divisional Secretariat,81.558596,6.918292,Comfort
Guest Houses,PARADISE INN-,"NO 67,GANGABODA ROAD,DELTARA",19,A,Colombo,Kesbewa,Kesbewa Divisional Secretariat,NULL,NULL,Budget
Guest Houses,CHOYS WATER FRONT RESIDENCE,"NO31,CUSTOM HOUSE ROAD,NEGOMBO",8,A,Gampaha,Negombo,Negombo Divisional Secretariat,79.835564,7.208541,Budget
Guest Houses,NONAGAMA VILLAGE TOURIST GUEST HOUSE,"NO 275,TANGALLE ROAD,EKKASSE,AMBALANTOTA",7,B,Hambantota,Ambalantota Pradeshiya Sabha,Ambalantota Divisional Secretariat,80.992906,6.114312,Luxury
Guest Houses,HOTEL RED ROSE,"NO 32B,CEMETRY ROAD,KUDAPADUWA,NEGOMBO",7,A,Gampaha,Negombo,Negombo Divisional Secretariat,NULL,NULL,Luxury
Guest Houses,THE HAVELOCK PLACE BUNGLOW,"NO 6 & 8,HAVELOCK PLACE,COLOMBO 05",7,A,Colombo,Colombo,Colombo Divisional Secretariat,79.865045,6.885259,Comfort
Guest Houses,GODAGAMA REACH HOTEL,"NO23/3,SAMANALA UYANA, PADUKKA ROAD,GODAGAMA,MEEGODA",18,A,Colombo,Homagama Pradeshiya Sabha,Homagama Divisional Secretariat,80.035188,6.84855,Comfort
Guest Houses,COCOON SEA RESORT,"NO 903,GALLE ROAD,DUWE MADARA,KOSGODA",7,A,Galle,balapitiya,Balapitiya Divisional Secretariat,80.022195,6.348125,Budget
Guest Houses,POWER ZONE GUEST HOUSE,"NO743/1,MATALE ROAD,ALAWATUGODA",5,B,Kandy,Akurana Pradeshiya Sabha,Akurana Divisional Secretariat,80.612297,7.403021,Budget
Guest Houses,GIRAGALA VILLAGE RESTAURENT,"BANDARAMULLA,MIRISSA",17,B,Matara,Weligama Pradeshiya Sabha,Weligama Divisional Secretariat,80.462675,5.943054,Luxury
Guest Houses,SHANGHAI,"SHANGHAI ENTERPRISES,NO 12,FIRST LANE,ANGULANA STATION ROAD,MORATUWA",5,A,Colombo,Moratuwa,Moratuwa Divisional Secretariat,79.881909,6.802403,Luxruy
Guest Houses,MOUNT WAVES HOTEL,"NO 17-19, DE SERAM ROAD,MOUNT LAVINIA",9,B,Colombo,Dehiwala-Mount Lavinia,Dehiwala Divisional Secretariat,79.86475,6.840511,Comfort
Guest Houses,DICKWELLA BEACH HOTEL,"NO.112, MAHAWELA ROAD, DICKWELLA",15,B,Matara,Dickwella,Dickwella Divisional Secretariat,80.69762,5.964324,Comfort
Guest Houses,INDRA HOTEL,"174/3,NADUNA WATTA,RAGAMA ROAD,KADAWATHA",19,B,Gampaha,Gampaha,Gampaha Divisional Secretariat,79.950605,7.002975,Budget
Guest Houses,NANDANA WIJAYA FOOD & REST,"NO 509,HIGH LEVEL ROAD,WEJERAMA,NUGEGODA",5,B,Colombo,Maharagama,Maharagama Divisional Secretariat,NULL,NULL,Budget
Guest Houses,RUWALA RESORT,"KALPITIYA ROAD,THIHALIYA,ETHTHALE",6,B,Puttalam,Kalpitiya Pradeshiya Sabha,Kalpitiya Divisional Secretariat,79.735411,8.109541,Luxury
Guest Houses,HOTEL MIHIRA VILLAGE,"ANURADHAPURA ROAD, DETHAWA, AMBANPOLA.",8,A,Kurunegala,Kurunegala,Ambanpola Divisional Secretariat,NULL,NULL,Luxury
Guest Houses,THE ICEBEAR GUEST HOUSE,"95,LEWIS PLACE, NEGOMBO",8,C,Gampaha,Negombo,Negombo Divisional Secretariat,79.840137,7.224388,Comfort
Guest Houses,HANSA HOLIDAY REST,"NO 5/1, WEWALA KANDA, WEWALA - HORANA",15,A,Kalutara,Horana Pradeshiya Sabha,Horana Divisional Secretariat,80.068375,6.701054,Comfort
Guest Houses,INDRANS,"40/5, RAILWAY STATION ROAD, VAVUNIYA",6,C,Vavuniya,Vavuniya,Vavuniya,80.494198,8.752929,Budget
Guest Houses,MOUNT ROYAL HANTHANA,"NO.02, ATHULGAMA, MATIHAKKA WATHTHA, UDUWELA, HANTHANA",10,A,Kandy,Pahatha Hewaheta,Puliyadda,NULL,NULL,Budget
Guest Houses,NIPPON VILLA BEACH RESORT,"NO.412/D, GALLE ROAD, WEWALA, HIKKADUWA",26,A,Galle,Hikkaduwa,Hikkaduwa Divisional Secretariat,80.103424,6.128514,Luxury
Guest Houses,STAR HOTEL & RESTAURANT,"MALISANTHY, KARAVEDDY",7,C,Jaffna,Vadamarachchy South West,Karaveddy,NULL,NULL,Luxruy
Guest Houses,AANA,"225 A9 RD KANAGARAYANKULAM ,VAVUNIA",10,B,Vavuniya,Vavuniya,Vavuniya,NULL,NULL,Comfort
Guest Houses,HOTEL ASHFORD - NUWARA ELIYA,"WELIMADA ROAD, SEETHA ELIYA, NUWARA ELIYA",20,A,Nuwara Eliya,Nuwara Eliya,Nuwara Eliya Divisional Secretariat,80.806478,6.934051,Comfort
Guest Houses,BEEMA RESORTS,"NO 9,RANWAN UYANA,MUNGAMA,HORANA",6,B,Kalutara,Horana Pradeshiya Sabha,Horana Divisional Secretariat,NULL,NULL,Budget
Guest Houses,DIYA ULPATHA TEA GARDEN RESORT,"MAWATHAGODA ROAD,HORAVALA",5,B,Kalutara,Kalutara Pradeshiya Sabha,Kalutara Divisional Secretariat,80.129562,6.472226,Budget
Guest Houses,SANOREECH HOTEL,"NO :391/1 ,CHILAW ROAD,DALUPOTHA,NEGOMBO",5,A,Gampaha,Kundasle,Negombo Divisional Secretariat,79.850068,7.225966,Luxury
Guest Houses,SAPTHAPADHI,"NO:35, COLOMBO ROAD,MALANGAMA,RATNAPURA",14,A,Ratnapura,Ratnapura,Balangoda Divisional Secretariat,80.383669,6.732908,Luxury
Guest Houses,PAWANA RESTAURANT AND GUEST HOUSE,"NO 90/2, WISHWAKALA ROAD,WISHWAKALAWA,PILIYANDALA",7,B,Colombo,Kesbewa,Kesbewa Divisional Secretariat,NULL,NULL,Comfort
Guest Houses,GREYSTONES VILLA,"""GREYSTONE VILLA"", DIYATALAWA",5,B,Badulla,Haputale,Haputale Divisional Secretariat,NULL,NULL,Comfort
Guest Houses,M.P.S.VILLAGE,"KALUNDEWA ROAD, DAMBULU OYA JUNCTION, DAMBULLA",12,A,Matale,Dambulla Pradeshiya Sabha,Dambulla Divisional Secretariat,80.677775,7.798769,Budget
Guest Houses,"AARYA LAGOON ,KALPITIYA","KALPITIYA ROAD,MAMPURI",5,A,Puttalam,Kalpitiya Pradeshiya Sabha,Kalpitiya Divisional Secretariat,79.742325,7.995629,Budget
Guest Houses,WHITE HOUSE HOLIDAY INN,"15/4,BUTTHALA ROAD,PANGUWATTA GAMA,PASSARA",6,A,Badulla,Badulla,Passara Divisional Secretariat,81.162021,6.933551,Luxury
Guest Houses,MANOMA LEISURE VILLAGE,"NO 165/11 , UPPER LAKE ROAD , NUWARA ELIYA",12,B,Nuwara Eliya,Sri Jayawardenapura-Kotte,Nuwara Eliya Divisional Secretariat,80.785329,6.957035,Luxruy
Guest Houses,SEA BREEZE RESTAURANT & GUEST INN,"430,BEACH ROAD,SAINTHAMARUTHU",7,C,Ampara,Kalmunai,Sainthamarathu Divisional Secretariat,81.840089,7.408089,Comfort
Guest Houses,SEVEN ELEVEN HOTEL,"NO:269/L,ARALIYA UYANA,HOKANDARA ROAD,THALAWATHUGODA",11,A,Colombo,Maharagama,Maharagama Divisional Secretariat,79.94153,6.879555,Comfort
Guest Houses,EXCELL HOTEL & RESTAURANT,"MAIN STREET,URUBOKKA",8,C,Matara,Pasgoda Pradeshiya Sabha,Pasgoda Divisional Secretariat,NULL,NULL,Budget
Guest Houses,FARCRY,"PERAKANATTE, GANGEYAYA, WILGAMUWA, WASGAMUWA",6,A,Matale,Wilgamuwa Pradeshiya Sabha,Wilgamuwa Divisional Secretariat,NULL,NULL,Budget
Guest Houses,PANWILA CABANAS,"CINNAMON NR.030,PANWILA,80240,HIKKADUWA",6,C,Galle,Hikkaduwa,Hikkaduwa Divisional Secretariat,80.123665,6.132364,Luxury
Guest Houses,HAPPY LEONI HOTEL,"NO 329/6,MAHAWELA WATHTHA,5TH LANE,MEHENTHALE ROAD,ANURADHAPURA",10,A,Anuradhapura,Anuradhapura,Anuradhapura East,80.487041,8.353516,Luxury
Guest Houses,SANDADIYA GUEST HOUSE AND RESTAURANT,"DEBARAWEWA LAKE LANE,DEBARAWEWA,TISSAMAHARAMAYA",7,C,Hambantota,Thissamaharama,Thissamaharama Divisional Secretariat,81.268153,6.287025,Comfort
Guest Houses,ISURU RESTAURANT,"NO.42/B, KANDY ROAD, GELIOYA",12,B,Kandy,Udunuwara Pradeshiya Sabha,Udunuwara Divisional Secretariat,80.597858,7.216917,Comfort
Guest Houses,TISARA VILLAS,"ADAGEWATTA,DUWAMALALA RD,KATUKURUNDA,HABARADUWA",20,A,Galle,Galle,Habaraduwa Divisional Secretariat,NULL,NULL,Budget
Guest Houses,NUMBER ONE MIRISSA HOTEL,"NO 1,KOPPARAMULLA,MIRISSA",9,A,Matara,Weligama Pradeshiya Sabha,Weligama Divisional Secretariat,NULL,NULL,Budget
Guest Houses,SEYANA ECO LODGE,"LANKAGAMA,NELUWA,GALLE",6,C,Galle,Galle,Neluwa Divisional Secretariat,NULL,NULL,Luxury
Guest Houses,ROYAL BAR AND HOTEL,"NO 44,KINGS STREET,KANDY",6,A,Kandy,Kandy,Kandy Divisional Secretariat,80.63758,7.295276,Luxruy
Guest Houses,AARYA HOTEL,"KOLONGALLA ESTATE,RANDENIYA,HIRIWADUNNA",7,A,Kegalle,Kegalle,Kegalle Divisional Secretariat,80.382392,7.272594,Comfort
Guest Houses,RIMACO HOTEL,"NO 01,COLOMBO RD,KAHATHUDUWA",6,B,Colombo,Homagama Pradeshiya Sabha,Homagama Divisional Secretariat,NULL,NULL,Comfort
Guest Houses,THEVNI RECEPTION HALL AND HOLIDAY RESORT,"216,ARAKWILA,BOPE,PADUKKA",15,A,Kalutara,Kalutara Pradeshiya Sabha,Kalutara Divisional Secretariat,80.14494,6.817573,Budget
Guest Houses,PLATINUM RESORT,"NEW KANDY ROAD,NELUMKULAMA,ANURADHAPURA",6,A,Anuradhapura,Anuradhapura,Anuradhapura East,NULL,NULL,Budget
Guest Houses,EURO STAR HOLIDAY INN,"KADAWATHA ROAD , ULHITIYAWA , WENNAPPUWA",5,C,Puttalam,Wennappuwa Pradeshiya Sabha,Wennappuwa Divisional Secretariat,NULL,NULL,Luxury
Guest Houses,MIRISSA BAY RESORT,"UDUPILA,MIRISSA",9,B,Matara,Uhana Pradeshiya Sabha,Weligama Divisional Secretariat,80.459803,5.944825,Luxury
Guest Houses,NEW CASAROMANA REST,"NO : 03 ,KULIYAPITIYA ROAD ,HETTIPOLA",6,B,Kurunegala,Kurunegala,Kuliyapitiya East Divisional Secretariat,NULL,NULL,Comfort
Guest Houses,GOLDEN VIEW,"NO 68,EGODAWATTA,BORALESGAMUWA",11,B,Colombo,Kesbewa,Kesbewa Divisional Secretariat,NULL,NULL,Comfort
Guest Houses,NICE PLACE RESTURANT & BUNGALOWS,"INAMALUWA,DAMBULLA.",7,A,Matale,Dambulla Pradeshiya Sabha,Dambulla Divisional Secretariat,80.691631,7.909657,Budget
Guest Houses,PREMACHANDRA TOURIST HOTEL,"NO 15,NADEE MAWATHA,EGODA UYANA,MORATUWA",10,B,Colombo,Moratuwa,Moratuwa Divisional Secretariat,NULL,NULL,Budget
Guest Houses,THILINA REST HOUSE,"WADAKADA,NARAMMALA ROAD,KAIKOLE,POLGAHAWELA",7,B,Kurunegala,Kurunegala,Kurunegala Divisional Secretariat,NULL,NULL,Luxury
Guest Houses,SEMILA GREEN GARDEN HOTEL,"NO 152,KODIKARA WATHTHA,MADATUGAMA",8,B,Anuradhapura,Anuradhapura,Anuradhapura East,NULL,NULL,Luxruy
Guest Houses,TISSA INN,"WELLAWAYA ROAD,TISSAMAHARAMA",12,A,Hambantota,Thissamaharama,Thissamaharama Divisional Secretariat,NULL,NULL,Comfort
Guest Houses,GREEN WOOD TOURIST GUEST HOUSE,ALIKANDAWATTA ELAHERA,6,B,Matale,Matale,Matale Divisional Secretariat,NULL,NULL,Comfort
Guest Houses,DE SILVA WIND RESORT KALPITIYA,"PUDUKUDUIRUPPU,SEETHAWADI,KALPITIYA",9,B,Puttalam,Puttalam,Puttalam Divisional Secretariat,79.740314,8.230936,Budget
Guest Houses,TEA BUSH HOTEL,"NO:29,HADDON HILL ROAD,NUWARA ELIYA",9,A,Nuwara Eliya,Nuwara Eliya,Nuwara Eliya Divisional Secretariat,80.762923,6.962004,Budget
Guest Houses,GRAND REGENT,"GALKOTUWA, POTHANA, KIMBISSA, SIGIRIYA",12,A,Matale,Dambulla Pradeshiya Sabha,Dambulla Divisional Secretariat,80.722325,7.934016,Luxury
Guest Houses,"DANYAA RESTAURANT,BAR & ACCOMMODATION","NO.605, BAR ROAD, BATTICALOA",6,C,Batticaloa,Batticaloa,Batticaloa Divisional Secretariat,NULL,NULL,Luxury
Guest Houses,THE HIDEOUT SIGIRIYA HOLIDAY RESORT,"PALUTAWA ROAD,RANGIRIGAMA,KIMBISSA",9,A,Matale,Dambulla Pradeshiya Sabha,Dambulla Divisional Secretariat,80.722329,7.934016,Comfort
Guest Houses,ASVIKA HOTEL,"NO.09, SAWMIYAPURAM, KOTAGALA",14,A,Nuwara Eliya,Nuwara Eliya,Nuwara Eliya Divisional Secretariat,80.597509,6.916606,Comfort
Guest Houses,NUMBER TWENTY VILLA,"NO 20,MIDDLE STREET,FORT,GALLE",5,B,Galle,Galle,Galle Divisional Secretariat,NULL,NULL,Budget
Guest Houses,CINNAMON INN,"CINNAMON INN,KONGALA,HAKMANA",5,B,Matara,Matara,Hakmana Divisional Secretariat,NULL,NULL,Budget
Guest Houses,WIMAL RESORT,"274/24,PARANGIYA WATTA,PEELLAGODA,UNAWATUNA",9,A,Galle,Habaraduwa,Habaraduwa Divisional Secretariat,80.248947,6.010034,Luxury
Guest Houses,NOOIT GEDACHT CASTLE O VILLA,"182, MATARA ROAD, UNAWATUNA",38,A,Galle,Habaraduwa,Habaraduwa Divisional Secretariat,NULL,NULL,Luxruy
Guest Houses,NIL DIYA MANKADA SAFARI LODGE,"C.D.E.PLACE,WALAWEGAMA,UDAWALAWA",5,A,Ratnapura,Embilipitiya,Embilipitiya Divisional Secretariat,80.840427,6.417966,Comfort
Guest Houses,AMAL VILLA,"ROBOLGODA,BENTHOTA",7,A,Galle,Bentota Pradeshiya Sabha,Benthota Divisional Secretariat,80.001058,6.411774,Comfort
Guest Houses,PIGEON ISLAND VIEW GUEST HOUSE,"9TH MILE POST,NILAVELI",12,A,Trincomalee,Trincomalee,Trincomalee Divisional Secretariat,81.197698,8.686514,Budget
Guest Houses,CEYLONICA BEACH,"NO 47,LEWIS PLACE,NEGOMBO",10,B,Gampaha,Negombo,Negombo Divisional Secretariat,79.839985,7.222095,Budget
Guest Houses,PAHAN LANKA FAMILY RESTURANT,"MILLAGAS JUNCTION,PANNIPITIYA,WASKADUWA",6,B,Kalutara,Kalutara Pradeshiya Sabha,Kalutara Divisional Secretariat,NULL,NULL,Luxury
Guest Houses,CORAL SEAS BEACH RESORT,"N0.346, GALLE ROAD, HIKKADUWA",8,A,Galle,Hikkaduwa,Hikkaduwa Divisional Secretariat,80.100077,6.134225,Luxury
Guest Houses,AMANDA HILLS KANDY,"65, SARANANKARA ROAD, KANDY",12,B,Kandy,Kandy,Kandy Divisional Secretariat,80.641838,7.287181,Comfort
Guest Houses,GAMODH CITADEL RESORT,"LOLUWAGODA ,ELAYAPATHTHUWA,ANURADHAPURA",10,A,Anuradhapura,Anuradhapura,Anuradhapura East,80.364711,8.364036,Comfort
Guest Houses,SANDAELIYA HOLIDAY RESORT AND GUEST HOUSE,"KIRINDA ROAD,KAMBURUPITIYA",9,C,Matara,Kamburupitiya Pradeshiya Sabha,Kamburupitiya Divisional Secretariat,NULL,NULL,Budget
Guest Houses,THE LAVENDER HOUSE,"HELABODA ESTATE,KATUKITHULA,PUSSALLAWA",5,A,Nuwara Eliya,Nuwara Eliya,Kothmale Divisional Secretariat,NULL,NULL,Budget
Guest Houses,YALA CARAVAN VILLAGE,"84,GURUGODA,PALATUPANA,KIRINDA,TISSAMAHARAMAYA",8,A,Hambantota,Thissamaharama,Thissamaharama Divisional Secretariat,81.372383,6.23996,Luxury
Guest Houses,TISSA WAWU HOTEL,"POTHANAGAMA ,GALWALA ROAD,ANURADHAPURA.",52,A,Anuradhapura,Anuradhapura,Anuradhapura East,NULL,NULL,Luxruy
Guest Houses,MUTHUWELI BEACH RESORT,"7/1A,NEW GALLE ROAD,EGODAUYANA,MORATUWA",5,B,Colombo,Moratuwa,Moratuwa Divisional Secretariat,79.894659,6.73596,Comfort
Guest Houses,MIDKY HOTEL,"NO.405, KANDY ROAD, BAMBARAKELE, NUWARAELIYA",8,A,Nuwara Eliya,Nuwara Eliya,Nuwara Eliya Divisional Secretariat,80.753551,6.981969,Comfort
Guest Houses,LANTERN,"NO.71,MATARA ROAD,KAMBURUGAMUWA,MATARA.",6,A,Colombo,Colombo,Colombo Divisional Secretariat,NULL,6.879486,Budget
Guest Houses,NA SEVANA INN,"74,KANDY ROAD,WEWALDENIYA",10,B,Gampaha,Gampaha,Gampaha Divisional Secretariat,80.154731,7.198057,Budget
Guest Houses,KITESURFING LANKA,"DUTCH BAY ROAD,KANDAKULIYA,KALPITIYA",6,A,Puttalam,Kalpitiya Pradeshiya Sabha,Kalpitiya Divisional Secretariat,NULL,NULL,Luxury
Guest Houses,SILVER RING VILLAGE HOTEL,"NO:52/1,KIDAGAMMULLA,GAMPAHA",8,B,Gampaha,Gampaha,Gampaha Divisional Secretariat,80.008895,7.080992,Luxury
Guest Houses,RANDIYATHA HOTEL,"KUNCHIKULAM, IPOLOGAMA, ANURADHAPURA",6,A,Anuradhapura,Anuradhapura,Anuradhapura East,NULL,NULL,Comfort
Guest Houses,HOTEL SUNHILL,"NO.18 UNIQUE VIEW ROAD,NUWARAELIYA",15,A,Nuwara Eliya,Nuwara Eliya,Nuwara Eliya Divisional Secretariat,80.765423,6.963377,Comfort
Guest Houses,ROYAL SEAWIND,"NO 26,BEACH ROOD POLHENA-MATARA.",11,B,Matara,Matara,Matara Divisional Secretariat,80.527579,5.936933,Budget
Guest Houses,VIKUM AND WARUNIKA HOTELS,"800/11, COLOMBO ROAD, KURANA, NEGOMBO",10,B,Gampaha,Negombo,Negombo Divisional Secretariat,NULL,NULL,Budget
Guest Houses,RIVI RAS HOTEL,"50/2 DE SANAM ROAD,MT LAVINIA.",25,A,Colombo,Dehiwala-Mount Lavinia,Ratmalana Divisional Secretariat,79.86366,6.836248,Luxury
Guest Houses,DE BLUEMARYEN HOTEL,"NO:78 A,LAKE ROUND,KURUNAGALA",5,B,Kurunegala,Kurunegala,Kurunegala Divisional Secretariat,NULL,NULL,Luxruy
Guest Houses,HOTEL MADARA,"KANDY ROAD,THIRAPPANI,ANURADHAPURA",6,B,Anuradhapura,Anuradhapura,Anuradhapura East,NULL,NULL,Comfort
Guest Houses,LEON REST,"A 9 ROAD,PIHILLAWATTA,KAWDUPELALLA,MATALE.",6,B,Matale,Matale,Matale Divisional Secretariat,NULL,NULL,Comfort
Guest Houses,AYUBOWAN GUEST HOUSE,"47/55 SCHOOL LANE ETTUKALA,NEGOMBO",6,A,Gampaha,Negombo,Negombo Divisional Secretariat,79.843597,7.235167,Budget
Guest Houses,SAMREN RESTAURANT,"NO.126, SIRIBOPURA, HAMBANTOTA",12,B,Hambantota,Hambantota,Hambantota Divisional Secretariat,81.126983,6.148158,Budget
Guest Houses,HOTEL LUX ETOILES,"NO 34,CHETTY STREET LANE,NALLUR,JAFFNA",22,A,Jaffna,Jaffna,Jaffna Divisional Secretariat,NULL,NULL,Luxury
Guest Houses,SEA VIEW HOTELS,"NO.15, SEA VIEW AVENUE, COLOMBO 03",23,A,Colombo,Colombo,Colombo Divisional Secretariat,NULL,NULL,Luxury
Guest Houses,BEVERLY HILLS HOTEL,"NO.27,DE SARAM ROAD,MOUNT LAVINIA",24,B,Colombo,Dehiwala-Mount Lavinia,Mount Lavinia,79.86486,6.839056,Comfort
Guest Houses,HILL HOUSE - KANDY,"NO:60/83,INNER CIRCULAR ROAD,ANIWATE,KANDY",11,A,Kandy,Kandy,Kandy Divisional Secretariat,80.650322,7.283531,Comfort
Guest Houses,ARALIYA INN,"NO:20/1B,SRI SUMANGALA MAWATHA,POLGAHAWELA",7,B,Kurunegala,Kurunegala,Kurunegala Divisional Secretariat,80.62592,7.291109,Budget
Guest Houses,SERGEANT HOUSE,"NO:381,MATARA ROAD,GANAHENA,UNAWATUNA,GALLE",5,A,Galle,Galle,Galle Divisional Secretariat,80.253185,6.006796,Budget
Guest Houses,NEPTUNE RESTAURANT AND GUEST HOUSE,"NO.484, PELENE, WELIGAMA",20,A,Matara,Weligama Pradeshiya Sabha,Weligama Divisional Secretariat,NULL,NULL,Luxury
Guest Houses,IMAGINE LEISURE,"234,EKANAYAKAWATTA,KAMBURUGAMUWA",9,A,Matara,Weligama Pradeshiya Sabha,Weligama Divisional Secretariat,NULL,NULL,Luxruy
Guest Houses,OAK-RAY ORCHID REST,"NO.291, SIRIMAVO BANDARANAYAKE MAWATHA, KANDY",6,B,Kandy,Kandy,GANGAWATA KORALAYA,NULL,NULL,Comfort
Guest Houses,OPULENT RIVER FACE HOTEL,"NO 166,KOSWATTA ROAD,NAWALA,RAJAGIRIYA",15,A,Colombo,Colombo,Colombo Divisional Secretariat,79.901574,6.901552,Comfort
Guest Houses,RAJANAWA HERITAGE RESORT,"HILBURN WATTA,MARAPANA,RATHNAPURA",10,A,Ratnapura,Ratnapura,Ratnapura Divisional Secretariat,80.432552,6.664646,Budget
Guest Houses,FIRE DRAGON GUEST HOUSE,"111/05,ST ANN'S LANE,PALANGATHURE,KOCHCHIKADE,NEGOMBO",7,A,Gampaha,Negombo,Negombo Divisional Secretariat,NULL,NULL,Budget
Guest Houses,SEVANA CITY HOTEL,"NO 84,PERADENIYA ROAD,KANDY",15,A,Kandy,Kandy,Kandy Divisional Secretariat,80.63163,7.291993,Luxury
Guest Houses,PALMYRAH HOUSE,"THALAIMANNARAMA ROAD, KARISAL, MANNAR",5,A,Mannar,Jaffna,Manmunai North Divisional Secretariat,79.848231,9.064469,Luxury
Guest Houses,DIYAMBA BEACH RESORT,"KANDAKULIYA BEACH ROAD,KANDAKULIYA,KALPITIYA.",8,B,Puttalam,Kalpitiya Pradeshiya Sabha,Kalpitiya Divisional Secretariat,79.713051,8.215804,Comfort
Guest Houses,ROYAL BEACH HOTEL,"35/1,SRI DHARMAPALA ROAD,MT.LAVINIA",8,B,Colombo,Dehiwala-Mount Lavinia,Ratmalana Divisional Secretariat,NULL,NULL,Comfort
Guest Houses,PURPLE SUN HOLIDAY RESORT,"NO 66/20,NEW RATHNAPURA ROAD,AVISSAWELLA",21,A,Colombo,Colombo,Hanwella,80.211651,6.947997,Budget
Guest Houses,HURULU SEVENA HOTEL,"JAYAMPATHIE,KAHATAGASDIGILIYA.",13,C,Anuradhapura,Anuradhapura,Anuradhapura East,NULL,NULL,Budget
Guest Houses,LIVING HERITAGE KOSLANDA,"EGODAWATTE ESTATE,NAULLA,KOSLANDA,UVA",5,A,Badulla,Badulla,Badulla Divisional Secretariat,81.0215135,6.7299126,Luxury
Guest Houses,MAS VILLA,"PAHALA WALAWWWA,MASWELA,KOTHMALE",7,A,Nuwara Eliya,Nuwara Eliya,Kothmale Divisional Secretariat,NULL,NULL,Luxruy
Guest Houses,COOP INN,NO 350 TRINCOMALEE ROAD BATTICALOA,12,B,Batticaloa,Batticaloa,Batticaloa Divisional Secretariat,81.690772,7.725563,Comfort
Guest Houses,AMAGI BEACH,"BEACH ROAD,MARAWILA",10,A,Puttalam,Puttalam Pradeshiya Sabha,Puttalam Divisional Secretariat,79.81656,7.414444,Comfort
Guest Houses,HOTEL SEE KANDY,"NO:38/14,RAJAPHILLA MAWATHA,KANDY",6,A,Kandy,Kandy,Kandy Divisional Secretariat,80.64072,7.287999,Budget
Guest Houses,HARTLAND CITY,"PUWAKWATTA JUNCTION,PADUKKA ROAD,MEEGODA",5,B,Colombo,Homagama Pradeshiya Sabha,Homagama Divisional Secretariat,NULL,NULL,Budget
Guest Houses,MOONSTONE VILLAS,"336, MATARA ROAD, TANGALLE",7,B,Hambantota,Hambantota,Hambantota Divisional Secretariat,80.79178,6.019395,Luxury
Guest Houses,SARASA PARK HOTEL,"NO:18,RUKMANI DEVI MAWATHA,NEGOMBO",12,B,Gampaha,Gampaha,Gampaha Divisional Secretariat,NULL,NULL,Luxury
Guest Houses,PJ HOTEL,"AVARNKAL JUNCTION,ACTCHUWELY SOUTH,ACTCHWELY,JAFFNA",19,A,Jaffna,Jaffna,Jaffna Divisional Secretariat,,,Comfort
Guest Houses,AMBA AYURVEDA BOUTIQUE HOTEL,"704, WALAGEDARA, GALLE ROAD,BALAPITIYA",6,A,Galle,balapitiya,Balapitiya Divisional Secretariat,NULL,NULL,Comfort
Guest Houses,MILTONS BEACH RESORT,"GANAHENA,UNAWATUNA",28,B,Galle,Galle,Habaraduwa Divisional Secretariat,80.253973,6.005965,Budget
Guest Houses,PEARL OCEANIC RESORT,"10/1,WARD NO 03,SAMPALTHIVU,TRINCOMALEE",8,A,Trincomalee,Trincomalee,Trincomalee Divisional Secretariat,81.222994,8.636459,Budget
Guest Houses,LOURDES INN HOTEL,"20/4,3RD LANE,MAGASTHOTHA,NUWARA ELIYA.",18,A,Nuwara Eliya,Nuwara Eliya,Nuwara Eliya Divisional Secretariat,80.787634,6.946254,Luxury
Guest Houses,PUETZ BEACH RESORT,"WELANKANNI MAWATHA,SINDATHRIYA,WAIKKALA",12,A,Puttalam,Puttalam Pradeshiya Sabha,Puttalam Divisional Secretariat,NULL,NULL,Luxruy
Guest Houses,HEAVEN SEVEN,"NO 24,HADON HILL ROAD,NUWARA ELIYA",11,A,Nuwara Eliya,Nuwara Eliya,Nuwara Eliya Divisional Secretariat,80.765792,6.962279,Comfort
Guest Houses,POLHENA REEF GARDEN HOTEL,"NO:30,BEACH ROAD,POLHENA,MATARA",18,B,Matara,Matara,Matara Divisional Secretariat,80.527084,5.937056,Comfort
Guest Houses,SANCHARINA HOTEL,"156/41,WAJIRA ROAD,NAHENA,HUNUPITIYA,WATTALA",15,A,Gampaha,Kelaniya Pradeshiya Sabha,Kelaniya Divisional Secretariat,79.915357,6.984756,Budget
Guest Houses,SANDARASI INN,"NO:109/6,RAILWAY AVENUE,MAHARAGAMA",13,B,Colombo,Colombo,Colombo Divisional Secretariat,NULL,NULL,Budget
Guest Houses,THE M G S HOTEL,"NO:283/A2,PUBUDU MAWATHA, ELPITIYA",6,A,Galle,Galle,Elpitiya Divisional Secretariat,80.162979,6.286796,Luxury
Guest Houses,MIHILIYA GUEST HOUSE,"NO:420/B,A9 ROAD,OLUKARANDA,KEKIRAWA",5,B,Anuradhapura,Anuradhapura,Anuradhapura East,NULL,NULL,Luxury
Guest Houses,SAMANALA HOTEL,"PUTTLAM ROAD,NOCHCHIYAGAMA",13,A,Anuradhapura,Anuradhapura,Anuradhapura East,NULL,NULL,Comfort
Guest Houses,ICE AGE HOTEL AND RESTURANT,"359,GALLE ROAD,BALAPITIYA",6,A,Galle,balapitiya,Balapitiya Divisional Secretariat,80.035357,6.267228,Comfort
Guest Houses,HOTEL WEWALA BEACH,"NO. 380, GALLE ROAD, HIKKADUWA",20,A,Galle,Hikkaduwa,Hikkaduwa Divisional Secretariat,80.101644,6.130476,Budget
Guest Houses,HABARADUWA HOUSE VILLA,"HADYWATTA,HABARADUWA,GALLE",5,A,Galle,Habaraduwa,Habaraduwa Divisional Secretariat,NULL,NULL,Budget
Guest Houses,HOTEL SUNRAY,"NO:117/8,ANAGARIKA DHARMAPALA MAWATHA,KANDY",19,A,Kandy,Kandy,Kandy Divisional Secretariat,80.648106,7.293095,Luxury
Guest Houses,ROVINKA HOLIDAY RESORT AND RESTAURANT,"103,SOMARATHANA MAWATHA,BELLANVILA,BORALESGAMUWA",17,A,Colombo,Colombo,Colombo Divisional Secretariat,NULL,NULL,Luxruy
Guest Houses,ROMAN BEACH,"777/2,THIRANAGAMA,HIKKADUWA",6,A,Galle,Hikkaduwa,Hikkaduwa Divisional Secretariat,80.11307,6.122217,Comfort
Guest Houses,ROMAN LAKE,"GODAGEDARA ROAD,PATHEGAMA,BALAPITIYA",8,A,Galle,Galle,Galle Divisional Secretariat,80.047578,6.296625,Comfort
Guest Houses,HOTEL WEDDING HOUSE HOLIDAY INN,"128/A , MAHABODI MAWATHA, KANDY ROAD, KADAWATHA",14,B,Gampaha,Mahara Pradeshiya Sabha,Gampaha Divisional Secretariat,80.085438,6.543719,Budget
Guest Houses,BAY VISTA HOTEL,"NO:227,MAIN STREET,ARUGAMBAY,ULLA,POTTUVIL",31,A,Ampara,Pottuvil,Pottuvil Divisional Secretariat,81.832278,6.841696,Budget
Guest Houses,D PAVILION INN,"82,STRATFORD AVENUE,COLOMBO 06.",5,A,Colombo,Colombo,Colombo Divisional Secretariat,NULL,NULL,Luxury
Guest Houses,MILANO GRAND NEW REST HOUSE,"50,KANDY ROAD,DAMBULLA",5,A,Matale,Chilaw Pradeshiya Sabha,Dambulla Divisional Secretariat,80.653394,7.886598,Luxury
Guest Houses,HOTEL MAHANUGE,"25TH MILE POST, BENDIWEWA.",12,A,Polonnaruwa,Polonnaruwa,Polonnaruwa Divisional Secretariat,NULL,NULL,Comfort
Guest Houses,THE BLUE BEACH EXOTICAA,"NO 18,MEDA PATUMAGA,THALPITIYA.",12,A,Kalutara,Panadura Pradeshiya Sabha,Panadura Divisional Secretariat,NULL,NULL,Comfort
Guest Houses,NEW RAMADHA GUEST HOUSE,"BATTICALOA ROAD, KADURUWELA.",18,B,Polonnaruwa,Tamankaduwa Pradeshiya Sabha,Thamankaduwa Divisional Secretariat,81.02297,7.938499,Budget
Guest Houses,LAKE VIEW RESTAURANT,"158,KESBEWA.",5,B,Colombo,Kesbewa,Kesbewa Divisional Secretariat,NULL,NULL,Budget
Guest Houses,GAYA FAMILY RESORT,"NO 01,WALAW WATTA,MAWATHAGAMA",8,B,Kurunegala,Mawathagama Pradeshiya Sabha,Mawathagama Divisional Secretariat,80.447656,7.435825,Luxury
Guest Houses,GRINDLAYS REGENCY,"RANWALA ROAD,ALAWATTE,ALAWWA",16,A,Kegalle,WARAKAPOLA,Warakapola Divisional Secretariat,80.243812,7.291324,Luxruy
Guest Houses,LOTUS PARADISE,"PANNALA,GODAGEDARA,BALAPITIYA",8,A,Galle,balapitiya,Ambalangoda Divisional Secretariat,NULL,NULL,Comfort
Guest Houses,OMEEKA RESTAURANT AND HOTEL,"509/2A , SUSILARAMA ROAD, MALABE",5,A,Colombo,Colombo,Colombo Divisional Secretariat,79.964911,6.901956,Comfort
Guest Houses,RANAWARA,"NO:98 , THILAWATANA WATTE , KAHANDA MODARA , RANNA",7,A,Galle,Tangalle Pradeshiya Sabha,Tangalle Divisional Secretariat,NULL,NULL,Budget
Guest Houses,SHINY LAKESIDE RESORT,"MARAGAHA HENA,PUNCHI PATHANA,HIKKADUWA",13,A,Galle,Hikkaduwa,Hikkaduwa Divisional Secretariat,80.119331,6.141849,Budget
Guest Houses,LE REVE DIKKA,"NO.583,GALLE ROAD,NARIGAMA,HIKKADUWA.",5,B,Galle,Hikkaduwa,Hikkaduwa Divisional Secretariat,NULL,NULL,Luxury
Guest Houses,SAMROSE HOTEL,"NO.83 POLHENA,MALLAWAGEDARA",5,B,Gampaha,Divulapitiya Pradeshiya Sabha,Divulapitiya Divisional Secretariat,80.021706,7.314503,Luxury
Guest Houses,KALUNDEWA RETREAT,"KALUNDEWA RETREAT, DAMBULU OYA, DAMBULLA",6,A,Matale,Dambulla Pradeshiya Sabha,Dambulla Divisional Secretariat,80.678874,7.798901,Comfort
Guest Houses,HOTEL MIHINTALE,ANURADHAPURA ROAD MIHINTALE.,10,A,Anuradhapura,Mihintale Pradeshiya Sabha,Mihintale,NULL,NULL,Comfort
Guest Houses,MELBOURNE TOURIST REST,"388/28, HARISCHANDRA MW, STAGE 1, ANURADHAPURA",10,A,Anuradhapura,Anuradhapura,Anuradhapura East,80.41572,8.331264,Budget
Guest Houses,WHITE VILLA RESORT AND RESTAURNT,"22/50,THOTAWATHTHA ROAD,AHUNGALLA.",5,A,Galle,balapitiya,Balapitiya Divisional Secretariat,NULL,NULL,Budget
Guest Houses,DICKMAN RESORT,"NO. 26/7, PORUTHOTA ROAD, NEGOMBO",10,A,Gampaha,Negombo,Negombo Divisional Secretariat,79.843546,7.240904,Luxury
Guest Houses,HOTEL LION NATURE,"DIMBULAMURAYA,ELLA ROAD,WELLAWAYA",7,A,Moneragala,Wellawaya,Moneragala Divisional Secretariat,81.099745,6.750513,Luxruy
Guest Houses,SUNSET BEACH PARADISE HOTEL,"ROMAN PARK, MUDUKATUWA SOUTH, MARAWILA",9,A,Puttalam,Nattandiya Pradeshiya Sabha,Nattandiya Divisional Secretariat,NULL,NULL,Comfort
Guest Houses,ARUGAMBAY SURFERS VILLA,"MAIN STREET, ARUGAMBAY SOUTH, POTTUVIL 05",30,B,Ampara,Pottuvil,Pottuvil Divisional Secretariat,NULL,NULL,Comfort
Guest Houses,GAMAGE NEST AND REST,"MIRISWATTA,KAMBURUPITIYA.",9,B,Matara,Kamburupitiya Pradeshiya Sabha,Kamburupitiya Divisional Secretariat,NULL,NULL,Budget
Guest Houses,SERENE VILLA,"NO.395, KANDY ROAD,NUWARA-ELIYA.",9,A,Nuwara Eliya,Nuwara Eliya,Nuwara Eliya Divisional Secretariat,NULL,NULL,Budget
Guest Houses,SERENE GRAND VILLA,"NO 38, RAJAPIHILLA MAWATHA, KANDY.",9,A,Kandy,Kandy,Kandy Divisional Secretariat,80.641494,7.286576,Luxury
Guest Houses,HOTEL ITALIA,"NO 6 HEENELA ROAD,VILEGODA,AMBALANGODA",14,A,Galle,Ambalangoda,Ambalangoda Divisional Secretariat,NULL,NULL,Luxury
Guest Houses,ORIOLE VILLA,"324,WELLATOTA WATHTHA, KANAHINTOTA,BENTOTA",10,A,Galle,Galle,Benthota Divisional Secretariat,80.047826,6.388051,Comfort
Guest Houses,NORFOLK HERITAGE AIRPORT VILLA,"55, LION CITY, 5TH LANE, KATUNAYAKE.",5,B,Gampaha,Seeduwa,Katana Divisional Secretariat,79.876476,7.152263,Comfort
Guest Houses,THE FRANGIPANI TREE,"NO.812, MATARA ROAD, MIHIRIPENNA, THALPE.",9,A,Galle,Habaraduwa,Habaraduwa Divisional Secretariat,NULL,NULL,Budget
Guest Houses,THE SENARO HOLIDAY INN,"POLA PARA, 22 JUNCTION, JAYANTHIPURA, POLONNARUWA.",10,A,Polonnaruwa,Hingurakgoda Pradeshiya Sabha,Hingurakgoda Divisional Secretariat,80.965229,7.985676,Budget
Guest Houses,ELEPHAS RESORT,"NO.47/B AUDANGAWA,KIMBISSA,SIGIRIYA.",16,A,Matale,Dambulla Pradeshiya Sabha,Dambulla Divisional Secretariat,80.734719,7.995286,Luxury
Guest Houses,U.S. HOTEL,"855,HOSPITAL ROAD,JAFFNA.",20,A,Jaffna,Jaffna,Jaffna Divisional Secretariat,80.025328,9.661277,Luxruy
Guest Houses,HONORS CLUB,"NO.351,PORUTHOTA ROAD,PALANGATURE,KOCHCHIKADE,NEGOMBO.",30,A,Gampaha,Negombo,Negombo Divisional Secretariat,NULL,NULL,Comfort
Guest Houses,KINGDOM RESORT,"WALGAMPOKUNA, GODAUDA, KOTTEGODA.",8,A,Matara,Dickwella,Dickwella Divisional Secretariat,NULL,NULL,Comfort
Guest Houses,RONNY COTTAGE,"NO.71/3, PALANGATHURE EAST, KOCHCHIKADE.",16,A,Gampaha,Negombo,Negombo Divisional Secretariat,NULL,NULL,Budget
Guest Houses,LANKA BEACH HOTEL,"NO.84/1, PALAGATHURE, KOCHCHIKADE.",15,A,Gampaha,Negombo,Negombo Divisional Secretariat,79.842141,7.2502,Budget
Guest Houses,PRINTERS VILLA,"NO.39,PEDLAR STREET,FORT,GALLE",13,A,Galle,Galle,Galle Divisional Secretariat,NULL,NULL,Luxury
Guest Houses,LAYA WAVES,"KALKUDAH,PASSIKUDAH.",8,A,Batticaloa,Batticaloa,Koralai Pattu Divisional Secretariat,81.568172,7.918173,Luxury
Guest Houses,SANOGA RESORT,"MORAGASWEWA, HABARANA",5,B,Polonnaruwa,Hingurakgoda Pradeshiya Sabha,Hingurakgoda Divisional Secretariat,80.78126,8.029151,Comfort
Guest Houses,KITE BEACH VILLAS,"KUDAWA,KANDAKULIYA,KALPITIYA.",8,B,Puttalam,Kalpitiya Pradeshiya Sabha,Kalpitiya Divisional Secretariat,79.724361,8.226058,Comfort
Guest Houses,AJITH PUTHA GRAND,"IRATTAKULAMA ROAD,MADAMPE.",6,A,Puttalam,Puttalam Pradeshiya Sabha,Puttalam Divisional Secretariat,NULL,NULL,Budget
Guest Houses,MOUNT FIELD RESORT,"NO.166 KM POST, BADULLA ROAD, HALPE, BELIHULOYA.",21,A,Ratnapura,Balangoda,Imbulpe Divisional Secretariat,80.825858,6.737361,Budget
Guest Houses,GOLDEN HOLIDAY GUEST HOUSE,"NO.17/19 C,PONNAMPALAM 4TH LANE,JAFFNA.",6,B,Jaffna,Jaffna,Jaffna Divisional Secretariat,NULL,NULL,Luxury
Guest Houses,PEARL RICH HOTEL & BANQUET HALL,"NO.727,COLOMBO ROAD,KADUGANNAWA",5,B,Kandy,Yatinuwara Pradeshiya Sabha,Yatinuwara Divisional Secretariat,80.535768,7.261431,Luxruy
Guest Houses,TRINCO BEACH HOTEL,"328, DYKE STREET, TRINCOMALEE",10,A,Trincomalee,Trincomalee,Trincomalee Divisional Secretariat,81.238617,8.567845,Comfort
Guest Houses,RG'S DAWN AND DUSK,"NO.35,37,JAYA ROAD,COLOMBO 04",9,A,Colombo,Colombo,Colombo Divisional Secretariat,79.854959,6.886227,Comfort
Guest Houses,SERENE KINGS VILLA,"NO.17,UDAPUSSELLA ROAD,NUWARAELIYA.",9,A,Nuwara Eliya,Nuwara Eliya,Nuwara Eliya Divisional Secretariat,80.771035,6.966501,Budget
Guest Houses,FLOWER GARDEN LAKE RESORT,"NO.168,RANDUNUWATTA,WEERAWILA.",9,B,Hambantota,Thissamaharama,Thissamaharama Divisional Secretariat,NULL,NULL,Budget
Guest Houses,ROYAL GREEN GARDEN HOTEL,"NANDAWANA WALAWWA,KURUNEGALA ROAD,PUTTALAM.",10,B,Puttalam,Puttalam Pradeshiya Sabha,Puttalam Divisional Secretariat,NULL,NULL,Luxury
Guest Houses,SENRICH HOTEL,"NO.46/4C,KALUKODAYAWA,DOMPE ROAD,MALWANA",17,A,Gampaha,Gampaha,Gampaha Divisional Secretariat,NULL,NULL,Luxury
Guest Houses,HOTEL RAHAS ELLA,"NO.27/8,PANWILA ROAD,WATTEGAMA",5,A,Kandy,Kandy,Pathadumbara Divisional Secretariat,NULL,NULL,Comfort
Guest Houses,HOTEL RITAS AND BEACH RESTURANT,"GALLE ROAD,NARIGAMA,HIKKADUWA",25,A,Galle,Hikkaduwa,Hikkaduwa Divisional Secretariat,NULL,NULL,Comfort
Guest Houses,SARAII,"RANDUNU KELLE WATTE,WEERAWILA,HAMBANTOTA.",14,B,Hambantota,Thissamaharama,Thissamaharama Divisional Secretariat,81.228932,6.267036,Budget
Guest Houses,ZYLAN LUXURY VILLA.,"NO.115,ROSMEAD PLACE,COLOMBO 07.",8,A,Colombo,Colombo,Colombo Divisional Secretariat,79.874004,6.914302,Budget
Guest Houses,THE NATURE TRAILS.,"NO.144 B,MATARA ROAD,UNAWATUNA.",7,A,Galle,Habaraduwa,Habaraduwa Divisional Secretariat,80.248002,6.018463,Luxury
Guest Houses,SKY PAVILION,"NO:102/123,HEVAHETA ROAD,KANDY",5,A,Kandy,Kandy,Kandy Divisional Secretariat,80.654608,7.289745,Luxruy
Guest Houses,MANEL GUEST HOUSE,"MANEL GUEST HOUSE,NEW TOWN ROAD,POLONNARUWA.",8,B,Polonnaruwa,Thamankaduwa Pradeshiya Sabha,Thamankaduwa Divisional Secretariat,NULL,NULL,Comfort
Guest Houses,GREEN REST,"NO.136A,MEGODA ,THAMMITA,MAKEVITA.",14,C,Gampaha,Gampaha,Gampaha Divisional Secretariat,NULL,NULL,Comfort
Guest Houses,MOSVOLD VILLA,"38,WALHENGODA,AHANGAMA",8,A,Galle,Galle,Galle Divisional Secretariat,80.35341,5.976347,Budget
Guest Houses,GIMAN FREE BEACH RESORT,"KEERIKUDA,KAYANKERNI, NORTH PASSIKUDAH.",14,A,Batticaloa,Batticaloa,Koralai Pattu Divisional Secretariat,81.54014,7.986431,Budget
Guest Houses,NILAVELI BEACH RESORT,"WARD NO:04,VALAIYOOTHU,IRAKKAKANDY",8,A,Trincomalee,Trincomalee,Trincomalee Divisional Secretariat,NULL,NULL,Luxury
Guest Houses,BLUE MERIDIAN HOTEL,"3RD FLOOR, MC PLAZA,KURUNEGALA",12,B,Kurunegala,Kurunegala,Kurunegala Divisional Secretariat,NULL,NULL,Luxury
Guest Houses,NEW NATIONAL RESTAURANT AND GUEST HOUSE,"39,BERA ROAD,GUNASINGHEPURA,COLOMBO 12.",5,B,Colombo,Colombo,Colombo Divisional Secretariat,NULL,NULL,Comfort
Guest Houses,THE SPICE TRAIL,"69TH, MILE POST, ARUGAMBAY, POTTUWIL",5,B,Ampara,Pottuvil,Pottuvil Divisional Secretariat,81.831108,6.848832,Comfort
Guest Houses,MUTHUMINI LAGOON RESORT,"NO:16,GALLE ROAD, MORAGALLA, ALUTHGAMA",24,A,Kalutara,Beruwala,Beruwala Divisional Secretariat,NULL,NULL,Budget
Guest Houses,THE GLENROCK,"ULUGALATENNA, IHALAGALAGAMA, BELIHULOYA.",3,A,Ratnapura,Ratnapura,Imbulpe Divisional Secretariat,NULL,NULL,Budget
Guest Houses,BIRDS PARK,"WADAWA, WADAKADA, POLGAHAWELA",6,B,Kurunegala,Alawwa Pradeshiya Sabha,Alawwa Divisional Secretariat,80.259805,7.38372,Luxury
Guest Houses,THEJAN BEACH CABANAS,"GALLE ROAD, YALEGAHA, INDURUWA",5,A,Galle,Bentota Pradeshiya Sabha,Benthota Divisional Secretariat,80.0096,6.381882,Luxruy
Guest Houses,SENMIL HOLIDAY INN,"NIWASA PEDESA, LAXAPANA",7,B,Nuwara Eliya,Ginigathhena,Ambagamuwa Divisional Secretariat,80.489062,6.925742,Comfort
Guest Houses,OREEKA HOTEL,"NO.482, IVAN DE SILVA MAWATHA, KANDAWALA, KATANA.",6,B,Gampaha,Katana Pradeshiya Sabha,Katana Divisional Secretariat,NULL,NULL,Comfort
Guest Houses,MUDUNA WALAWWA RESORT,"NO.451, SRIMATH KUDARATHWATTA MAWATHA, KANDY",10,A,Kandy,Kandy,GANGAWATA KORALAYA,80.616018,7.29102,Budget
Guest Houses,MADOLDU ECO RESORT,"GINIWELLA, KATHALUWA, AHANGAMA",5,B,Galle,Habaraduwa,Habaraduwa Divisional Secretariat,NULL,NULL,Budget
Guest Houses,ATHULYA VILLAS,"PANABOKKE,GANHATA ROAD,WATTAPPOLA.",8,A,Kandy,Udunuwara Pradeshiya Sabha,Udunuwara Divisional Secretariat,80.547491,7.225436,Luxury
Guest Houses,FEELIN GOOD RESORT,"10TH MILE POST, UVA, KARADAGOLLA, ELLA.",7,A,Badulla,Ella Pradeshiya Sabha,Ella Divisional Secretariat,NULL,NULL,Luxury
Guest Houses,MAYA HOUSE,"MAYA HOUSE. ""OLD HOUSE"",ARANWELA,BELIATTA.",5,A,Hambantota,Hambantota,Beliatta Divisional Secretariat,80.7562,6.04275,Comfort
Guest Houses,THOTALAGALA PLANTERS LODGE,"THOTALAGALA,DAMBATENNE ROAD,HAPUTALE.",7,A,Badulla,Haputale,Haputale Divisional Secretariat,NULL,NULL,Comfort
Guest Houses,TARTARUGA HOTEL,"YADDEHIMULLA,UNAWATUNA,GALLE.",21,A,Galle,Habaraduwa,Habaraduwa Divisional Secretariat,NULL,NULL,Budget
Guest Houses,CEYLON TEA TRAILS,"DUNKELD BUNGALOW, DUNKELD ESTATE, DICKOYA",5,A,Nuwara Eliya,Ambagamuwa Pradeshiya Sabha,Ambagamuwa Divisional Secretariat,80.604018,6.834525,Budget
Guest Houses,PAMUNUWILA VILLAGE,"124/2,PAMUNUWILA ROAD,GONAWALA.",8,B,Gampaha,Biyagama Pradeshiya Sabha,Gampaha Divisional Secretariat,NULL,NULL,Luxury
Guest Houses,LEIJAY RESORT,"NO :43,NEW LANE,MADAWALAMULLA,GALLE.",14,B,Galle,Galle,Galle Divisional Secretariat,80.214118,6.060452,Luxruy
Guest Houses,VILLA VIANA,"64 A/1,MODARAWELLA,MARAWILA.",8,B,Puttalam,Puttalam Pradeshiya Sabha,Puttalam Divisional Secretariat,79.81374,7.424294,Comfort
Guest Houses,HOTEL SWISS DALE,"NO 7/5 THOTAGAMUWA, MATALE",12,B,Matale,Matale,Matale Divisional Secretariat,NULL,NULL,Comfort
Guest Houses,PALM STONE RETREAT,"KOSKANUWALA WATTA,MAHABAGE,KITHULGALA,",6,A,Kegalle,Yatiyantota Pradeshiya Sabha,Kegalle Divisional Secretariat,NULL,NULL,Budget
Guest Houses,HANGTIME,"540, WALIGAMA BYOASS ROAD, WELIGAMA",8,B,Matara,Matara,Matara Divisional Secretariat,80.434862,5.972947,Budget
Guest Houses,LEON HOTELS ARANA,"GALAKOTUWA,INAMALUWA,SIGIRIYA ROAD,SIGIRIYA.",7,B,Matale,Dambulla Pradeshiya Sabha,Dambulla Divisional Secretariat,NULL,NULL,Luxury
Guest Houses,LARIO RESORT,"SIGIRIYA ROAD, GALAKOTUWA, SIGIRIYA",8,B,Matale,Dambulla Pradeshiya Sabha,Dambulla Divisional Secretariat,NULL,NULL,Luxury
Guest Houses,RIDEE VILLA,"NO 321,PEELAGODA,UNAWATUNA.",14,A,Galle,Habaraduwa,Habaraduwa Divisional Secretariat,80.2506822,6.009911,Comfort
Guest Houses,VALLEE 69 ECO LEISURE,"237, WELIARAGODA, TISSAMAHARAMA",5,A,Hambantota,Thissamaharama,Thissamaharama Divisional Secretariat,81.299924,6.289983,Comfort
Guest Houses,PASLA HOTEL,"NO 47, MAIN STREET, ELLA",8,B,Badulla,Ella Pradeshiya Sabha,Ella Divisional Secretariat,NULL,NULL,Budget
Guest Houses,NANDAWANAM GUEST HOUSE,"PASIKUDAH ROAD,KALKUDAH,",12,B,Batticaloa,Koralai Pattu,Koralai Pattu Divisional Secretariat,NULL,NULL,Budget
Guest Houses,ELEPHANT TRAIL,"NO 35, KATUPILAGAMA EKAMUTHUGAMA, SEWANAGALA",15,A,Moneragala,Thanamalwila Pradeshiya Sabha,Sewanagala Divisional Secratariat,NULL,NULL,Luxury
Guest Houses,ELLA FLOWER GARDEN AND RESORT,"THIRD MILE POST, PASSARA ROAD, ELLA",14,B,Badulla,Ella Pradeshiya Sabha,Ella Divisional Secretariat,81.056488,6.870921,Luxruy
Guest Houses,HOTEL ONROCK,"WEMULLAHENA, ELLA",8,A,Badulla,Ella Pradeshiya Sabha,Ella Divisional Secretariat,NULL,NULL,Comfort
Guest Houses,GREEN LINE GUEST HOUSE,"MOONRAM PITY, PALIYARU, MANNAR",6,B,Mannar,MC,Manmunai North Divisional Secretariat,NULL,NULL,Comfort
Guest Houses,HOTEL CHATHUNA,"167, BAR ROAD, BATTICALOA",12,B,Batticaloa,Batticaloa,Batticaloa Divisional Secretariat,81.699582,7.727078,Budget
Guest Houses,VILLA CASSANDARA,"18/4, GLEN FALL ROAD, NUWARAELIYA.",5,B,Nuwara Eliya,Nuwara Eliya,Nuwara Eliya Divisional Secretariat,NULL,NULL,Budget
Guest Houses,ROCK SIDE CABANAS,"668, MATARA ROAD, MIHIRIPENNA, TALPE",9,A,Galle,Habaraduwa,Habaraduwa Divisional Secretariat,80.2648795,5.9997549,Luxury
Guest Houses,FOUR TEESS REST INN,"STATION ROAD,THODDAVELI,ERUKKALAMPITY,MANNAR.",12,B,Mannar,Mannar,Mannar Town,79.866652,9.025378,Luxury
Guest Houses,RESORT LIKE NO OTHER,"NO 410, LALITH KULASEKARA MAWATHA,UKGALBODA, GAMPAHA",9,A,Gampaha,Minuwangoda Pradeshiya Sabha,Minuwangoda Divisional Secretariat,79.951184,7.13904,Comfort
Guest Houses,HOTEL MOONSTONE,"M 18, PANADULAGAMA,ANURADHAPURA.",14,B,Anuradhapura,Anuradhapura,Anuradhapura East,NULL,NULL,Comfort
Guest Houses,HOSANNA KITE BEACH RESORT,"KUDAWA, KANDAKULIYA, KALPITIYA",9,C,Puttalam,Kalpitiya Pradeshiya Sabha,Kalpitiya Divisional Secretariat,79.725885,8.225591,Budget
Guest Houses,GIMDULA HOTEL & RESTAURNT,"NO. 17/7, SAMIDHU MAWATHA, PAMUNUWILA, GONAWALA",23,A,Gampaha,Biyagama Pradeshiya Sabha,Biyagama Divisional Secretariat,79.926401,6.969543,Budget
Guest Houses,THE PEARL GUEST HOUSE,"NO13,PORUTOTA ROAD,ETHTHUKALA,NEGAMBO.",6,B,Gampaha,Negombo,Katana Divisional Secretariat,79.8684713,7.159232,Luxury
Guest Houses,BLUE LOTUS GARDEN,"NO. 54 B, GORAKAPITIYA, PILIYANDALA",10,B,Colombo,Kesbewa,Kesbewa Divisional Secretariat,79.949708,6.817221,Luxruy
Guest Houses,DREAM GARDEN,"WHISKEY POINT, KODDUKAL, URANI, POTTUVIL",10,A,Ampara,Pottuvil,Pottuvil Divisional Secretariat,81.843111,6.902049,Comfort
Guest Houses,VILLA MAHAKANDA,"428, MAHAKANDA, HINDAGALA, PERADENIYA",6,A,Kandy,Gagawata Koralya,Gagawata,80.61347,7.223908,Comfort
Guest Houses,WE ESCAPE,"637, GALLE MATARA ROAD, PELENA",11,A,Matara,Weligama Pradeshiya Sabha,Weligama Divisional Secretariat,80.438673,5.974177,Budget
Guest Houses,DANADHEE JUNGLE REST,"PARAGALA, KURUWITA, THOPPIAHENA WATTA",12,A,Ratnapura,MC,Kuruvita Divisional Secretariat,80.396707,6.766477,Budget
Guest Houses,HOTEL NIRUTHA,"MAIN ROAD, KOMMATHURAI, CHENKALADY",10,A,Batticaloa,Batticaloa,Batticaloa Divisional Secretariat,NULL,NULL,Luxury
Guest Houses,BENTHOTA HIGHRICH RIVER VIEW RESORT,"NO 97, RIVERSIDE ROAD, ALUTHGAMA",6,B,Kalutara,Aluthgama,Beruwala Divisional Secretariat,79.996745,6.432034,Luxury
Guest Houses,MASTODON VALLEY SAFARI RESORT,"NO 16, KUMUDU, THANAMALVILA ROAD, UDAWALAWA",8,B,Ratnapura,Udawalawa,Embilipitiya Divisional Secretariat,80.808748,6.419872,Comfort
Guest Houses,PAPERMOON KUDILS,"KANAGAR VILLAGE, URANI, POTTUVIL 25",20,B,Ampara,Pottuvil,Pottuvil Divisional Secretariat,81.843322,6.908028,Comfort
Guest Houses,OSHADEE RIVER SIDE HOTEL,"BALAWINNA, PALLEBADDA",9,B,Ratnapura,Ratnapura,Godakawela Divisional Secretariat,80.6910768,6.4831592,Budget
Guest Houses,OWL AND THE PUSSY CAT,"NO. 788, MATARA ROAD, THALPE,GALLE.",16,A,Galle,Habaraduwa,Habaraduwa Divisional Secretariat,NULL,NULL,Budget
Guest Houses,SEA SIDE TERRACE,"22/2, HOLY CROSS AVENUE, MORATUWA",10,B,Colombo,Moratuwa,Moratuwa Divisional Secretariat,79.878547,6.77857,Luxury
Guest Houses,C NEGOMBO,"NO: 47, PORUTHOTA ROAD, KOCHCHIKADE",9,B,Gampaha,Negombo,Negombo Divisional Secretariat,79.857377,7.265322,Luxruy
Guest Houses,ANANDA AYURVEDA RESORT,"HIDDARUWA, MIDDLE ROAD, KOSGODA",13,A,Galle,balapitiya,Balapitiya Divisional Secretariat,NULL,NULL,Comfort
Guest Houses,MAHO REST HOUSE,"REST HOUSE ROAD, REST HOUSE, MAHO",6,B,Kurunegala,Mahawa Pradeshiya Sabha,Mahawa Divisional Secretariat,NULL,NULL,Comfort
Guest Houses,CULTURE RESORT,"24, BEACH ROAD, POLHENA, MATARA",8,A,Matara,Matara,Matara Divisional Secretariat,80.52699,5.936771,Budget
Guest Houses,DUWS WHITE HOUSE,"37/4, BEACH ROAD, MOUNT LAVINIA",10,A,Colombo,Dehiwala-Mount Lavinia,Dehiwala Divisional Secretariat,79.864697,6.842611,Budget
Guest Houses,HOTEL EURO LANKA,"29, MILAGIRIYA AVENUE, (MARINE DRIVE), COLOMBO 04",35,A,Colombo,Colombo,Colombo Divisional Secretariat,79.854286,6.888464,Luxury
Guest Houses,THE VILLA DREAM HOLIDAYS,"NO 121,GIRIULLA ROAD,KANDAWALA,KATANA",11,A,Gampaha,Katana Pradeshiya Sabha,Katana Divisional Secretariat,79.894835,7.243119,Luxury
Guest Houses,CEYBANK REST NUWARA-ELIYA,"BADULLA ROAD,NUWARA-ELIYA",19,A,Nuwara Eliya,Nuwara Eliya,Nuwara Eliya Divisional Secretariat,80.766646,6.965541,Comfort
Guest Houses,BOUGAINVILLEA RETREAT,"VICTORIA GOLF & COUNTRY RETREAT,RAJAWELLA,KANDY",19,A,Kandy,Kandy,Kandy Divisional Secretariat,80.775652,7.266985,Comfort
Guest Houses,ROYAL HILLS NUWARA ELIYA,"NO 109,UPPER LAKE ROAD,NESBY HOUSE,NUWARA ELIYA",20,A,Nuwara Eliya,Nuwara Eliya,Nuwara Eliya Divisional Secretariat,NULL,NULL,Budget
Guest Houses,SORABORA VILLAGE INN,"SORABORA WEWA ROAD,MAHIYANGANAYA",18,B,Badulla,Mahiyanganaya Pradeshiya Sabha,Badulla Divisional Secretariat,80.996546,7.346332,Budget
Guest Houses,SHOOTERS HOTEL,"NO 55,ST.PETERS ROAD,MORATUWELLA,MORATUWA",5,B,Colombo,Moratuwa,Moratuwa Divisional Secretariat,NULL,NULL,Luxury
Guest Houses,KIRINDA BEACH RESORT,"BEACH ROAD, NIDANGALAWELLA, KIRINDA, YALA",23,A,Hambantota,Hambantota,Thissamaharama Divisional Secretariat,81.325393,6.206688,Luxruy
Guest Houses,KK BEACH,"MATARA ROAD, HABARADUWA, GALLE.",6,A,Galle,Habaraduwa,Habaraduwa Divisional Secretariat,80.30158,5.994056,Comfort
Guest Houses,TRIPLE O SIX,"P.O.BOX 0006,BANDARAMULLA,MIRISSA.",21,A,Matara,Weligama Pradeshiya Sabha,Weligama Divisional Secretariat,80.469336,5.941095,Comfort
Guest Houses,SEVEN ELEVEN HOTEL AND RESTAURANT,"154/1,,MININDU MAWATHA,,KESBEWA",14,A,Colombo,Kesbewa,Kesbewa Divisional Secretariat,79.940843,6.797702,Budget
Guest Houses,CEYLON SEA HOTEL,"NO-26 , VIJAYA ROAD,MEDAKETIYA,TANGALLE",18,A,Hambantota,Tangalle Pradeshiya Sabha,Tangalle Divisional Secretariat,80.799174,6.032124,Budget
Guest Houses,BALAJI OCEAN VIEW,"MAIN STREET,ARUGAMBAY,POTTUVIL.",20,A,Ampara,Pottuvil,Pottuvil Divisional Secretariat,81.832381,6.839237,Luxury
Guest Houses,BLUE WHALE BEACH RESORT,"KANDAKULIYA,KALPITIYA.",15,A,Puttalam,Kalpitiya Pradeshiya Sabha,Kalpitiya Divisional Secretariat,79.7124594,8.2150047,Luxury
Guest Houses,SAPPHIRE SEAS HOTEL,"SAPPHIRE SEAS HOTEL,GALLE ROAD, PATUWATHA, DODANDUWA,HIKKADUWA",11,A,Galle,Hikkaduwa,Hikkaduwa Divisional Secretariat,80.121175,6.116151,Comfort
Guest Houses,SERENDIPITALY HOTEL,"37,GALLE ROAD,AKURALA, AMBALANGODA",5,A,Galle,Ambalangoda,Ambalangoda Divisional Secretariat,80.0606851,6.196545,Comfort
Guest Houses,RANDILI HOTEL,"8 TH CROSS STREET,BORUPANA,RATMALANA",26,A,Colombo,Colombo,Colombo Divisional Secretariat,79.894521,6.818073,Budget
Guest Houses,THOTUPOLA WILD HOLIDAYS,"NO 70, DELTHARA, PILIYANDALA",11,A,Colombo,Kesbewa,Kesbewa Divisional Secretariat,79.939545,6.803543,Budget
Guest Houses,SANTANI,"ARATENNA ESTATE,WERAPITIYA,THELDENIYA,KANDY.",20,A,Kandy,Kandy,Medadumbara Divisional Secretariat,80.7381408,7.3577013,Luxury
Guest Houses,AIRPORT CITY HUB HOTEL,"NO 3/C, GANGARAMA ROAD, KOVINNA, ADIAMBALAMA. KATUNAYAKE",22,A,Gampaha,Katana Pradeshiya Sabha,Katana Divisional Secretariat,79.899317,7.179248,Luxruy
Guest Houses,OASEY HOTEL AND REATAURANT,"OASEY HOTEL RESTAURANT , GALBADA, INDURUWA.",18,A,Galle,Bentota Pradeshiya Sabha,Benthota Divisional Secretariat,80.0057502,6.3870994,Comfort
Guest Houses,THE BEACH HOTEL,"249/15, LEWIS PLACE, BEACH ROAD, NEGOMBO",40,A,Gampaha,Negombo,Negombo Divisional Secretariat,NULL,NULL,Comfort
Guest Houses,TERRACE GREEN HOTEL,"11/A ST. JUDE MAWATHA,ETTUKALA,NEGOMBO",10,A,Gampaha,Negombo,Negombo Divisional Secretariat,79.842909,7.23766,Budget
Guest Houses,SANDRIANA LAKE VIEW,"NO: 09,,KEERTHI SRI RAJASINGHA MAWATHA,KANDY",15,A,Kandy,Kandy,Kandy Divisional Secretariat,80.6368268,7.2881025,Budget
Guest Houses,FROZEN VILLA,"FROZEN VILLA,RATHNAPURA ROAD,UDAGAMA, EMBILIPITIYA",12,A,Ratnapura,Embilipitiya,Embilipitiya Divisional Secretariat,80.841212,6.34133,Luxury
Guest Houses,HOTEL CLARION,"NO 103, KANDY ROAD, KIRIBATHGODA",31,A,Gampaha,Kelaniya Pradeshiya Sabha,Gampaha Divisional Secretariat,79.9305473,6.983531,Luxury
Guest Houses,LUSH LIFE VILLA,"TEMPLE ROAD,MEEPAWALA,PODDALA,GALLE.",11,A,Galle,Bope,Bope-Poddala Divisional Secretariat,80.215636,6.113541,Comfort
Guest Houses,MOUNT BREEZE HOTEL,"22/5A,OFF DE SERAM ROAD,MT.LAVINIYA",24,A,Colombo,Moratuwa,Moratuwa Divisional Secretariat,79.8610934,6.8405724,Comfort
Guest Houses,ARUGAMBAY ROCCOS,"MAIN SRTEET,ARUGAMBAY,POTTUVIL.",22,B,Ampara,Pottuvil,Pottuvil Divisional Secretariat,81.8289763,6.844204,Budget
Guest Houses,VIEW360,"5/16A,UPLANDS,KANDY.",8,A,Kandy,Kandy,Gagawata,NULL,NULL,Budget
Guest Houses,MAOYA RETREAT HOTEL,"PINNAWALA RIVER RANGE(BANGALA WATHTHA),ANDIRIMADA,HIRIWADUNNA,KEGALLE",17,A,Kegalle,Rambukkana Pradeshiya Sabha,Rambukkana Divisional Secretariat,80.3796686,7.3013359,Luxury
Guest Houses,CEYLON CITY HOTEL,"NO. 11,UPATISSA ROAD,COLOMBO 04",37,A,Colombo,Colombo,Colombo Divisional Secretariat,79.853899,6.8897357,Luxruy
Guest Houses,WEWA ADDARA,"NO.54, KAYANWALA, SIGIRIYA,,",28,B,Matale,Dambulla Pradeshiya Sabha,Dambulla Divisional Secretariat,80.755848,7.939453,Comfort
Guest Houses,KUMU BEACH,"670/5, DALLE ROAD, WELAGEDARA,BALAPITIYA, GALLE",10,A,Galle,balapitiya,Ambalangoda Divisional Secretariat,80.04036,6.278716,Comfort
Guest Houses,CAMELLIA HILLS,"WILLIAM BUNGALOW,DICKOYA,HATTON, NUWARA ELIYA",5,A,Nuwara Eliya,Ginigathhena,Nuwara Eliya Divisional Secretariat,80.5693959,6.8610278,Budget
Heritage Bungalows,ELPITIYA WALAUWA,"ELPITIYA ESTATE,WELIGALLA.",5,DELUXE,Kandy,Gampola,Gampaha Divisional Secretariat,80.602462,7.190628,Budget
Heritage Bungalows,BROCKENHURST,"98, WATER FIELD DRIVE, NUWARA ELIYA",4,DELUXE,Nuwara Eliya,Nuwara Eliya,Nuwara Eliya Divisional Secretariat,80.764033,6.981032,Luxury
Heritage Bungalows,BETHANY 101,"101, COLOMBO ROAD, PUTTALAM.",6,DELUXE,Puttalam,Puttalam Pradeshiya Sabha,Puttalam Divisional Secretariat,79.830405,8.027126,Luxury
Heritage Bungalows,HERONDALE BUNGALOW,"HERONDALE ESTATE, A2 ESTATE - BLOCK 02, NAGASTENNE ROAD, RAMBUKPITIYA, NAWALAPITIYA",4,DELUXE,Kandy,Kandy,Kandy Divisional Secretariat,NULL,NULL,Comfort
Heritage Homes,ATAPATTU WALAWWA,"35/5, ATAPATTU WALAWWA, LOWER DICKSON ROAD, GALLE",7,DELUXE,Galle,Galle,Galle Divisional Secretariat,80.217628,6.038721,Comfort
Heritage Homes,WILWATTE WALAWWA,"WILWATTE WALAWWA, WILWATTE, MIRIGAMA",1,SUPERIOR,Gampaha,mirigama,Mirigama Divisional Secretariat,80.126954,7.242735,Budget
Home Stay Units,THE VIEW,"LOT NO- 27, GLENLOCH ESTATE, KATUKITULA",2,DELUXE,Nuwara Eliya,Pundaluoya,Kothmale Divisional Secretariat,NULL,NULL,Budget
Home Stay Units,HOLIDAY NEST,"20/1A, 3RD LANE,DALADAWATTA ROAD, THALPITIYA,WADDUWA",4,SUPERIOR,Kalutara,Panadura Pradeshiya Sabha,Panadura Divisional Secretariat,79.926281,6.675791,Luxury
Home Stay Units,VICTORIA VIEW BUNGALOW,"POWRUGOLLA ESTATE, TELDENIYA",1,DELUXE,Kandy,Kandy,Udadumbara Divisional Secretariat,NULL,NULL,Luxruy
Home Stay Units,NENE,"22/6B, KALYANI ROAD, PAMANKADA, COLOMBO 06",1,DELUXE,Colombo,Colombo,Colombo Divisional Secretariat,NULL,NULL,Comfort
Home Stay Units,HIDE AWAY,"5/1, UDYANA MAWATHA, NUGEGODA",2,STANDARD,Colombo,Colombo,Maharagama Divisional Secretariat,NULL,NULL,Comfort
Home Stay Units,ONLAK,"NO 8, NELUMPURA, THELEWALA, RATMALANA",4,SUPERIOR,Colombo,Moratuwa,Moratuwa Divisional Secretariat,NULL,NULL,Budget
Home Stay Units,AURORA,"9/8, 1/1, DE SARAM ROAD, MOUNT LAVINIA.",7,SUPERIOR,Colombo,Dehiwala-Mount Lavinia,Ratmalana Divisional Secretariat,79.8625913,6.8418553,Budget
Home Stay Units,VILLA SHADE,"ARUNA MAWATHA, KATANA ROAD, THIMBIRIGASKATUWA, NEGAMBO.",4,DELUXE,Gampaha,Katana Pradeshiya Sabha,Katana Divisional Secretariat,79.870338,7.232815,Luxury
Home Stay Units,JULIYAN VILLA,"127/8, SANDUN UYANA, PILIMATALAWA.",4,SUPERIOR,Kandy,Kandy,Yatinuwara Divisional Secretariat,80.5507443,7.2569323,Luxury
Home Stay Units,MISTY VIEW COTTAGE HOME STAY EXPERIANCE,"509/11,SANASA HOLIDAY RESORT, TOP PASS,KANDY ROAD, NUWARA ELIYA.",2,DELUXE,Nuwara Eliya,Nuwara Eliya,Nuwara Eliya Divisional Secretariat,80.747958,6.9905755,Comfort
Home Stay Units,MIHISARA LAKE VIEW,"MIHISARA LAKE VIEW, DEBARAWEWA, TISSAMAHARAMA.",2,STANDARD,Hambantota,Thissamaharama,Thissamaharama Divisional Secretariat,81.2669863,6.2854503,Comfort
Home Stay Units,DAN HOME,"909/10G, ADIKARAM MAWATHA, ETHUL KOTTE.",2,SUPERIOR,Colombo,Kotte Muncipal Council,Sri jayawadanapura,79.9010913,6.9033653,Budget
Home Stay Units,PIYASA,"88/2, 14TH LANE, I.JOTHIPALA MAWATHA, PITTUGALA, MALABE.",3,SUPERIOR,Colombo,Kaduwela Pradeshiya Sabha,kaduwela Divisional Secretariat,NULL,NULL,Budget
Home Stay Units,ARMITAGE RESIDENCE,"ARACHCHIKANDA, WACKWELLA, GALLE.",3,SUPERIOR,Galle,Galle,Galle Divisional Secretariat,NULL,NULL,Luxury
Home Stay Units,MOUNTAIN VIEW,"245/5, PILIMATHALAWA GARDENS, PILIMATHALAWA.",5,SUPERIOR,Kandy,Kandy,Yatinuwara Divisional Secretariat,NULL,NULL,Luxruy
Home Stay Units,ALEX HOME STAY,"255/23C, DR. C.D.L.FERNANDO MW, KATUGASTOTA ROAD, KANDY.",1,SUPERIOR,Kandy,Kandy,Gagawata,80.6291315,7.31143,Comfort
Home Stay Units,EESHANI GUEST INN,"22/3,POLICE STATION ROAD, ELLA.",5,STANDARD,Badulla,Ella Pradeshiya Sabha,Ella Divisional Secretariat,81.046147,6.8752783,Comfort
Home Stay Units,SEMINI HOLIDAY RESORT,"2ND LANE,MATHALE JUNCTION, ANURADHAPURA.",5,STANDARD,Anuradhapura,Mihintale Pradeshiya Sabha,Mihintale,80.4436319,8.3517912,Budget
Home Stay Units,LAHIRU PLACE,"119,ARUGAMBAY,POTTUVIL ,P/18.",4,STANDARD,Ampara,Ampara,Ampara Divisional Secretariat,81.833434,6.838767,Budget
Home Stay Units,BEACH VIEW CABANA,"90,ARUGAMBAY,POTTUVIL,P/18.",5,STANDARD,Ampara,Ampara,Ampara Divisional Secretariat,81.8283956,6.8428152,Luxury
Home Stay Units,MID BAY GUEST HOUSE,"MEEZAN ROAD,ARUGAMBAY,POTTUVIL.",4,STANDARD,Ampara,Ampara,Pottuvil Divisional Secretariat,81.828499,6.8462378,Luxury
Home Stay Units,NICE PLACE,"ARUGAMBAY,POTTUVIL.",3,STANDARD,Ampara,Ampara,Pottuvil Divisional Secretariat,81.8291893,6.8463593,Comfort
Home Stay Units,MOON EYES BEACH HOTEL,"MAIN STREET,ARUGAMBAY,POTTUVIL.",8,STANDARD,Ampara,Ampara,Pottuvil Divisional Secretariat,81.8391081,6.8732789,Comfort
Home Stay Units,SEA ROCK,"57A,BEACH CROOSE ROAD, P/18.",2,STANDARD,Ampara,Ampara,Pottuvil Divisional Secretariat,NULL,NULL,Budget
Home Stay Units,FREEDOM BEACH GUEST HOUSE,"BEACH ROAD, ULLAI, POTTUVIL,ARUGAMBAY.",5,STANDARD,Ampara,Ampara,Pottuvil Divisional Secretariat,81.834852,6.839377,Budget
Home Stay Units,SHASHINI BEACH RESORT,"ARUGAMBAY,POTTUVIL.",9,STANDARD,Ampara,Ampara,Pottuvil Divisional Secretariat,NULL,NULL,Luxury
Home Stay Units,CHOOTY PLACE,"ARUGAMBAY,POTTUVIL.",4,STANDARD,Ampara,Ampara,Pottuvil Divisional Secretariat,NULL,NULL,Luxruy
Home Stay Units,ONAYA GUEST,"AKKARAIPATTU ROAD,POTTUVIL-09.",3,STANDARD,Ampara,Ampara,Pottuvil Divisional Secretariat,NULL,NULL,Comfort
Home Stay Units,ANOTHER WORLD,"ARUGAMBAY,POTTUVIL.",4,STANDARD,Ampara,Ampara,Pottuvil Divisional Secretariat,NULL,NULL,Comfort
Home Stay Units,ARNE'S PLACE,"53A,ARUGAMBAY,POTTUVIL -18.",3,STANDARD,Ampara,Ampara,Pottuvil Divisional Secretariat,NULL,NULL,Budget
Home Stay Units,TROPICANA,"189,MAIN STREET,ARUGAMBAY,POTTUVIL -18.",4,STANDARD,Ampara,Ampara,Pottuvil Divisional Secretariat,NULL,NULL,Budget
Home Stay Units,ZIM BAY,"MAIN STREET,ARUGAMBAY,POTTUVIL-05",6,STANDARD,Ampara,Ampara,Pottuvil Divisional Secretariat,81.8296849,6.841629,Luxury
Home Stay Units,HAPPY PANDA,"ARUGAMBAY,POTTUVIL 18.",3,STANDARD,Ampara,Ampara,Pottuvil Divisional Secretariat,81.8312445,6.84312,Luxury
Home Stay Units,HARMONY BEACH HOTEL,"SIINA ULLAI,ARUGAMBAY,POTTUVIL-P/18",5,STANDARD,Ampara,Ampara,Pottuvil Divisional Secretariat,81.8289143,6.8499967,Comfort
Home Stay Units,EVER GREEN LOUNGE,"MAIN STREET, ARUGAMBAY, POTTUVIL.",3,STANDARD,Ampara,Ampara,Pottuvil Divisional Secretariat,NULL,NULL,Comfort
Home Stay Units,PEACE HEAVEN RESORT,"KADURUPOKUNE VILLAGE, GOYAMBOKKA,82200 TANGALLE.",4,STANDARD,Kandy,Kandy,Kandy Divisional Secretariat,80.6457853,7.3033077,Budget
Home Stay Units,GREEN BEACH HOTEL,"SINNAULLAY, POTUVIL",3,STANDARD,Ampara,N/A,Pottuvil Divisional Secretariat,NULL,NULL,Budget
Home Stay Units,WHITE HOUSE BUNGALOW,"3/1 A, GALKANDA ROAD, ANIWATTA, KANDY.",4,SUPERIOR,Kandy,Kandy,Kandy Divisional Secretariat,NULL,NULL,Luxury
Home Stay Units,THE MEET,"ZONE 7, LOT 21 - K, MILLENNIUM CITY, ORUWALA, ATHURUGIRIYA.",2,STANDARD,Colombo,Colombo,Colombo Divisional Secretariat,NULL,NULL,Luxruy
Home Stay Units,DELMA BUNGALOW,"1009/6, NAGAHAMULLA ROAD, PELAWATTE, BATTARAMULLA.",4,DELUXE,Colombo,Colombo,kaduwela Divisional Secretariat,79.922537,6.8856282,Comfort
Home Stay Units,STAR REST BEACH HOTEL,"02, NICE PLACE, ARUGAMBAY, POTTUVIL. P/18.",3,STANDARD,Ampara,Ampara,Pottuvil Divisional Secretariat,81.8279482,6.8504456,Comfort
Home Stay Units,LUCKTISSME GUEST HOME,"125,PITAKANDA ROAD, MAHAYAYA, KANDY.",4,SUPERIOR,Kandy,Kandy,Kandy Divisional Secretariat,NULL,NULL,Budget
Home Stay Units,THISARA HOLIDAY BUNGALOW,"83, CONTINENTAL RESIDENSIES, ADNEWS ROAD, PERIYAMULLA,NEGOMBO.",4,SUPERIOR,Gampaha,Negombo,Negombo Divisional Secretariat,79.8442876,7.2239927,Budget
Home Stay Units,LILLY ROSA,"41/41/D, RICHMOND HILL, POLWATTE,SUDUHUMPOLA,KANDY",3,SUPERIOR,Kandy,Kandy,Kandy Divisional Secretariat,80.6244403,7.2800016,Luxury
Home Stay Units,RAMPART VIEW GUEST HOUSE,"37, RAMPART STREET, FORT, GALLE.",4,SUPERIOR,Galle,Galle,Galle Divisional Secretariat,80.217303,6.024423,Luxury
Home Stay Units,KANDYAN MANOR,"214/3, RAJASINGHARAMA MW, GALAGEDARA RD, YATIWAWALA,KATUGASTOTA.",3,DELUXE,Kandy,Kandy,Kandy Divisional Secretariat,80.612166,7.3260547,Comfort
Home Stay Units,CHELSEA GARDENS,"20, CHELSEA GARDENS, COLOMBO 3",3,STANDARD,Colombo,Colombo,Colombo Divisional Secretariat,NULL,NULL,Comfort
Home Stay Units,WALAUWA,"WALAWWEWATTE, KOBBEWALA, GAMPOLA",2,DELUXE,Kandy,Kandy,Kandy Divisional Secretariat,NULL,NULL,Budget
Home Stay Units,MOUNTAIN EDGE,"16/8,SAMADHI MW, AMPITIYA, KANDY",1,SUPERIOR,Kandy,Kandy,Kandy Divisional Secretariat,NULL,NULL,Budget
Home Stay Units,FRANGIPANI,"24/2F-2/1, HILL STREET,DEHIWALA",3,DELUXE,Colombo,Colombo,Colombo Divisional Secretariat,79.8656393,6.8506373,Luxury
Home Stay Units,ROCK CASCADE HOME STAY,"CIRCULER ROAD, POLONNARUWA.",3,STANDARD,Polonnaruwa,Polonnaruwa,Polonnaruwa Divisional Secretariat,81.0010761,7.9397167,Luxruy
Home Stay Units,WHITE HOUSE,"219/4, LUWIS PLACE, NEGOMBO",7,STANDARD,Gampaha,Negombo,Gampaha Divisional Secretariat,NULL,NULL,Comfort
Home Stay Units,AMPERSAND,"WELIHELAGAMA ROAD, ELLAGAMA,DIYATALAWA",6,DELUXE,Badulla,Badulla,Badulla Divisional Secretariat,80.942862,6.8200009,Comfort
Home Stay Units,PADDY VIEW,"51, MAITHRI MW, WATAPULUWA, KANDY",3,SUPERIOR,Kandy,Kandy,Kandy Divisional Secretariat,NULL,NULL,Budget
Home Stay Units,BREEZE OF PARADISE,"35/8A, MEEGAHAWATTA RD, GANGODAWILA ,NUGEGODA.",2,SUPERIOR,Colombo,Colombo,Colombo Divisional Secretariat,79.9006381,6.8602118,Budget
Home Stay Units,KIRINDA WALAWWA,"""KIRINDA WALAUWA"",HONDIYADENIYA ROAD,GAMPOLA",4,DELUXE,Kandy,N/A,Gampola Divisional Secretariat,NULL,NULL,Luxury
Home Stay Units,MOUNT LAVINIA HOME STAY,"17/7 OFF DE SARAM RD,MOUNT LAVINIA",3,STANDARD,Colombo,Colombo,Colombo Divisional Secretariat,79.8641777,6.8409658,Luxury
Home Stay Units,THE WHITE NEST,"48A,HOTEL ROAD,MOUNT LAVINIA",3,SUPERIOR,Colombo,Dehiwala-Mount Lavinia,Mount Lavinia,79.8625653,6.8340033,Comfort
Home Stay Units,SUN FLOWER INN,"SUN FLOWER INN,TEMPLE JUNCTION,DAMBULLA",3,STANDARD,Matale,Dambulla Pradeshiya Sabha,Dambulla Divisional Secretariat,80.6522441,7.8523923,Comfort
Home Stay Units,BALAPOKUNA VILLA,"NO. 12/8, BALAPOKUNA, PURANA VIHARA ROAD, COLOMBO 06",1,SUPERIOR,Colombo,Colombo,Colombo Divisional Secretariat,79.8757808,6.8715737,Budget
Home Stay Units,SRILAL'S HOME STAY,"""SRILAL'S HOME STAY"",67,PARAKRAMA ROAD,KURANA,NEGAMBO",4,SUPERIOR,Gampaha,Negombo,Negombo Divisional Secretariat,NULL,NULL,Budget
Home Stay Units,LAKE RESIDENCY,"185,ALAKESWARA ROAD,KOTTE",3,DELUXE,Colombo,Kotte Muncipal Council,Kotte Divisional Secretariat,NULL,NULL,Luxury
Home Stay Units,VILLA 49,"NO.49,LOUIS PEIRIS MAWATHA,KANDY",3,DELUXE,Kandy,Kandy,Gagawata,80.6463231,7.2876327,Luxruy
Home Stay Units,ISURU SEWANA HOLIDAY HOME,"""ISURU SEWANA HOLIDAY INN"",NO.1/2,KALUKALE,NUWARA ELIYA",5,STANDARD,Nuwara Eliya,Nuwara Eliya,Nuwara Eliya Divisional Secretariat,NULL,NULL,Comfort
Home Stay Units,VLARS HOLIDAY BUNGALOW,"12B, FARM ROAD, BINDUNUWEWA, BANDARAWELA",5,SUPERIOR,Badulla,Badulla,Bandarawela Divisional Secretariat,NULL,NULL,Comfort
Home Stay Units,THE VILLA BALAPITIYA BEACH,"""THE VILLA BALAPITIYA BEACH"",NO.517,GALLE ROAD,WALAGEDARA,BALAPITIYA",2,SUPERIOR,Galle,Galle,Balapitiya Divisional Secretariat,80.038683,6.257703,Budget
Home Stay Units,RUDY VILLA,"OLD ROAD, 321 - THOPPUTHOTA, WAIKKALA",6,DELUXE,Puttalam,Wennappuwa Pradeshiya Sabha,Wennappuwa Divisional Secretariat,NULL,NULL,Budget
Home Stay Units,FRIENDLY FAMILY GUEST HOUSE,"NO.291/A,D.S.SENANAYAKE VIDIYA,KANDY",5,SUPERIOR,Kandy,Kandy,Gagawata,NULL,NULL,Luxury
Home Stay Units,MUTHUGALA REST,"""MUTHUGALA REST"",NO.159,AMUNUKUMBURA,WATHURUGAMA",4,SUPERIOR,Gampaha,Gampaha,Gampaha Divisional Secretariat,NULL,NULL,Luxury
Home Stay Units,VILLA SETH,"""VILLA SETH"",NO.36/14,YASODARA WATTA,HIRIMBURA CROSS ROAD,GALLE",4,DELUXE,Galle,Galle,Gagawata,NULL,NULL,Comfort
Home Stay Units,OCEAN INN,"""OCEAN INN"",NO.166/7,ROBOLGODA,BENTOTA",5,STANDARD,Galle,Bentota Pradeshiya Sabha,Benthota Divisional Secretariat,NULL,NULL,Comfort
Home Stay Units,9:00 AM,"9A, UPPER DICKSON ROAD, GALLE",1,SUPERIOR,Galle,Galle,Galle Divisional Secretariat,NULL,NULL,Budget
Home Stay Units,IRUWI,"220, GALLE ROAD, MORAGALLA, BERUWALA.",1,SUPERIOR,Kalutara,Beruwala Pradeshiya Sabha,Beruwala Divisional Secretariat,79.983049,6.451463,Budget
Home Stay Units,RUWINI,"5/327 ,PORUTHOTA RD, PORUTHOTA, KOCHCHIKADE",1,STANDARD,Gampaha,Negombo,Negombo Divisional Secretariat,79.841011,7.228957,Luxury
Home Stay Units,SKYDALE,"352-G, DHARMARAJA ROAD, KANDY",4,DELUXE,Kandy,Kandy,Kandy Divisional Secretariat,80.6527456,7.2878343,Luxruy
Home Stay Units,TOURIST REST,"NO. 34, AUBURN SIDE, DEHIWALA",5,SUPERIOR,Colombo,Dehiwala-Mount Lavinia,Dehiwala Divisional Secretariat,NULL,NULL,Comfort
Home Stay Units,WHITE VILLA,"160/1, SOORIYAGODA, BENTOTA.",4,SUPERIOR,Galle,Bentota Pradeshiya Sabha,Benthota Divisional Secretariat,79.996374,6.4160207,Comfort
Home Stay Units,GARDEN GUEST HOUSE,"7, KARLSHRUE GARDENS, COLOMBO 8.",3,SUPERIOR,Colombo,Colombo,Colombo Divisional Secretariat,79.876722,6.921816,Budget
Home Stay Units,VILLAGE VILA,"32, WATHUMULLA, UDUGAMPOLA",2,STANDARD,Gampaha,Gampaha,Gampaha Divisional Secretariat,NULL,NULL,Budget
Home Stay Units,SANDUL VILLA,"NO 510/41, 11TH LANE, HETTEMULA, BERUWALA.",5,DELUXE,Kalutara,Beruwala Pradeshiya Sabha,Beruwala Divisional Secretariat,79.9855867,6.4616673,Luxury
Home Stay Units,SAMAGI VILLA HOME STAY,"161/1, SEENIMODARA, NAKULUGAMUWA",2,SUPERIOR,Hambantota,Tangalle Pradeshiya Sabha,Tangalle Divisional Secretariat,NULL,NULL,Luxury
Home Stay Units,ROCKWELL COLOMBO,"NO 14, BORELLA CROSS ROAD, COLOMBO 8.",3,DELUXE,Colombo,Colombo,Colombo Divisional Secretariat,79.8728623,6.9159013,Comfort
Home Stay Units,KALUWAGAHA WATTA,"INDRASARA MW, THALARAMBA, KAMBURUGAMUWA, MATARA",2,SUPERIOR,Matara,Matara,Matara Divisional Secretariat,NULL,NULL,Comfort
Home Stay Units,RANTARUWA,"44, GALABADEHENAWATTA, PEHEMBIYA, DICKWELLA.",3,DELUXE,Matara,Matara,Matara Divisional Secretariat,80.6999321,5.9599154,Budget
Home Stay Units,AWINCO REST,"122, BADULLA ROAD, HAPUTALE",4,STANDARD,Badulla,Haputale,Haputale Divisional Secretariat,80.9608823,6.7743487,Budget
Home Stay Units,TAMMY'S HOME STAY,"43A, HAIG ROAD, COLOMBO 4",1,DELUXE,Colombo,Colombo,Colombo Divisional Secretariat,NULL,NULL,Luxury
Home Stay Units,UNIQUE HOME STAY,"RANAWAGE WATTE, URUVITIYA, DENIPITIYA",2,STANDARD,Matara,Weligama Pradeshiya Sabha,Welipitiya Divisional Secretariat,NULL,NULL,Luxruy
Home Stay Units,HOME STAY - KOTTE,"237/9B, WIJAYA MW, RAJAMAHA VIHARA ROAD, PITA KOTTE.",2,SUPERIOR,Colombo,Maharagama,Maharagama Divisional Secretariat,NULL,NULL,Comfort
Home Stay Units,VILLA GAUTHAM,"90, GOTHAMI ROAD, COLOMBO 8",4,DELUXE,Colombo,Colombo,Thimbirigasyaya Divisional Secretariat,NULL,NULL,Comfort
Home Stay Units,PALM GROVE,"07,SIRINIWASA MW,KALUTARA NORTH",4,DELUXE,Kalutara,Kalutara Pradeshiya Sabha,Kalutara Divisional Secretariat,79.953393,6.597506,Budget
Home Stay Units,PEARL'S HOME STAY,"MEDICAL CENTER, ANDIAMBALAMA",1,STANDARD,Gampaha,Dawamottawa,Katana Divisional Secretariat,NULL,NULL,Budget
Home Stay Units,ANNIEWATTE APARTMENTS,"37/8, ANNIEWATTE ROAD, KANDY.",2,SUPERIOR,Kandy,Kandy,Kandy Divisional Secretariat,NULL,NULL,Luxury
Home Stay Units,LEO'S HOME,"29 A, MUHANDIRAM LANE,DEHIWALA.",4,SUPERIOR,Colombo,Dehiwala-Mount Lavinia,Dehiwala Divisional Secretariat,NULL,NULL,Luxury
Home Stay Units,A WAYFARERS INN,"77, ROSMEAD PLACE, COLOMBO 07",4,SUPERIOR,Colombo,Colombo,Colombo Divisional Secretariat,NULL,NULL,Comfort
Home Stay Units,RIVER CORNER,"SINNA ULLAI, SAWALAI/05, ARUGAMBAY.",3,STANDARD,Ampara,Pottuvil,Pottuvil Divisional Secretariat,NULL,NULL,Comfort
Home Stay Units,RISINI HOME,"28/3, SEA BEACH ROAD, BANDARAWATTE,BERUWALA",2,STANDARD,Kalutara,Beruwala Pradeshiya Sabha,Beruwala Divisional Secretariat,NULL,NULL,Budget
Home Stay Units,KISMET REST - MIRISSA,"KISMET,PARADISE BEACH ROAD,SCHOOL VIEW,MIRISSA,MATARA",3,SUPERIOR,Matara,Weligama Pradeshiya Sabha,Weligama Divisional Secretariat,NULL,NULL,Budget
Home Stay Units,PLANTATION RETREAT,"PLANTATION RETREAT ELLEPOLA ESTATE,PATANPAHA,WATTEGAMA",4,STANDARD,Kandy,Kandy,Pathadumbara Divisional Secretariat,80.6798547,7.3493442,Luxury
Home Stay Units,LITTLE VILLA,"234 MAHA VIHARA ROAD,MOLLIGODA",5,SUPERIOR,Kalutara,Panadura,Panadura Divisional Secretariat,79.9367766,6.6626348,Luxruy
Home Stay Units,PENT HOUSE ON THE ROCK,"JAKOTUWA, YADDEHIMULLA RD, UNAWATUNA",4,DELUXE,Galle,Habaraduwa,Habaraduwa Divisional Secretariat,80.2429685,6.0104782,Comfort
Home Stay Units,SANASUMA HOME STAY,"22/10,GOVIKAM PLACVE,DIVULPITIYA,BORALESGAMUWA,SRI LANKA",1,SUPERIOR,Colombo,Boralesgamuwa,Colombo Divisional Secretariat,NULL,NULL,Comfort
Home Stay Units,HEVENLY HOME,"NO 14/16,UPPER LAKE ROAD,NUWARA ELIYA",2,SUPERIOR,Nuwara Eliya,Nuwara Eliya,Nuwara Eliya Divisional Secretariat,80.7711223,6.9633029,Budget
Home Stay Units,SAMANPAYA,"NO 150 KADUGANNAWA ROAD,GAMPOLA",3,STANDARD,Kandy,Gampola,Gampola Divisional Secretariat,NULL,NULL,Budget
Home Stay Units,PLEASURE ISLAND HOME STAY,"HOTEL PLEASURE ISLAND,RESERVEIR ROAD,DAMBULLA.",5,STANDARD,Matale,Dambulla Pradeshiya Sabha,Dambulla Divisional Secretariat,80.6301933,7.8723783,Luxury
Home Stay Units,HEATHWOOD,"26/1, SIR MARCUS FERNANDO MAWATHA, COLOMBO7",3,SUPERIOR,Colombo,Colombo,Colombo Divisional Secretariat,NULL,NULL,Luxury
Home Stay Units,HORENADUWA VILLA,"193/16, KADUWELA ROAD, THALANGAMA NORTH, BATTARAMULLA",2,SUPERIOR,Colombo,Kaduwela Pradeshiya Sabha,kaduwela Divisional Secretariat,NULL,NULL,Comfort
Home Stay Units,IVY COTTAGE,"F & G CONTINENTAL RESIDENCIES, HOUSE NO 59, 41/104, ADNIVES ROAD, PERIYAMULLA, NEGOMBO",2,SUPERIOR,Gampaha,Negombo,Negombo Divisional Secretariat,79.844978,7.223092,Comfort
Home Stay Units,SUNIL'S HOME,"45/12, ABREW ROAD, KALUTARA NORTH",3,SUPERIOR,Kalutara,Kalutara Pradeshiya Sabha,Kalutara Divisional Secretariat,NULL,NULL,Budget
Home Stay Units,SAADHANA BIRD HOUSE,"212 A, YADDEHIMULLA, UNAWATUNA",5,STANDARD,Galle,Habaraduwa,Habaraduwa Divisional Secretariat,NULL,NULL,Budget
Home Stay Units,COMFY STAY,"27/2, O.P.PERERA MAWATHA, LAKE ROAD, BORALASGAMUWA",3,SUPERIOR,Colombo,Boralesgamuwa,Kesbewa Divisional Secretariat,79.9044952,6.8429832,Luxury
Home Stay Units,COLOMBO HOME STAY,"96/12A, KOTTANUWATHA ROAD, OLD KESBEWA ROAD, NUGEGODA.",5,SUPERIOR,Colombo,Kotte Muncipal Council,Kotte Divisional Secretariat,NULL,NULL,Luxruy
Home Stay Units,COCO VILLA,"74/2, JAMBUGASMULLA MAWATHA, NUGEGODA",2,DELUXE,Colombo,Maharagama,Maharagama Divisional Secretariat,NULL,NULL,Comfort
Home Stay Units,SERENE SK HOME,"48, JAYA ROAD, UDAHAMULLA, NUGEGODA",3,SUPERIOR,Colombo,Maharagama,Maharagama Divisional Secretariat,79.9153943,6.8634233,Comfort
Home Stay Units,GREEN VIEW HOME STAY,"631/1, SRI SUNANDA MAWATHA, UTHUWANKANDA, MAWANELLA",2,SUPERIOR,Kegalle,Kegalle,Mawanella Divisional Secretariat,80.425477,7.2502954,Budget
Home Stay Units,HANTANA RANGE VIEW,"47, GEORGE DE SILVA MAWATHA, KANDY",3,DELUXE,Kandy,Kandy,Ganga Ihala Korale Divisional Secretariat,80.6179058,7.284343,Budget
Home Stay Units,PAVILION RESIDENCE,"170/6 & 170/7, ROBERT GUNAWARDENA MAWATHA, BATTARAMULLA",5,SUPERIOR,Colombo,Colombo,Battaramulla,79.9285037,6.9004455,Luxury
Home Stay Units,ZENITH,"MAUSSAWA ROAD, UDUPIHILLA, MATALE",4,SUPERIOR,Matale,Matale,Ukuwela Divisional Secretariat,NULL,NULL,Luxury
Home Stay Units,EAGLE'S REST HOMESTAY HANTHANA,"14B/2/35/3, 8TH LANE, HANTANA HS, HANTANA, KANDY",2,SUPERIOR,Kandy,Gagawata Koralya,Kandy Divisional Secretariat,80.6348843,7.2749563,Comfort
Home Stay Units,NIRVEGA,"30 A/1, 6TH LANE, MORAGALLA, BERUWALA",5,SUPERIOR,Kalutara,Kalutara Pradeshiya Sabha,Beruwala Divisional Secretariat,79.9823643,6.4531363,Comfort
Home Stay Units,VISTA HOUSE,"431/1, HEERASSAGALA ROAD, BOWALAWATTE, KANDY",3,DELUXE,Kandy,Kandy,Gagawata,80.6163333,7.2633726,Budget
Home Stay Units,"RAMASINGHE LANE, HOME STAY UNIT","56/2, RAMASINGHE LANE, DALUGAMA, KIRIBATHGODA, KELANIYA",4,STANDARD,Gampaha,Mahara Pradeshiya Sabha,Gampaha Divisional Secretariat,NULL,NULL,Budget
Home Stay Units,ECO HOME HOLIDAY INN,"31/48, RIVERDALE GARDEN, ANIWATTE, KANDY",4,SUPERIOR,Kandy,Kandy,Kandy Divisional Secretariat,NULL,NULL,Luxury
Home Stay Units,ATVICE,"86, ZONE 1, MILLENIUM CITY, KOTUGODA, JA-ELA",1,SUPERIOR,Gampaha,Gampaha,Ja-Ela Divisional Secretariat,NULL,NULL,Luxruy
Home Stay Units,GRACE HOME STAY,"572, OBADAWATTA, SINHARUPAGAMA, BENTOTA",3,STANDARD,Galle,Bentota Pradeshiya Sabha,Benthota Divisional Secretariat,NULL,NULL,Comfort
Home Stay Units,SHALOM VILLA,"262, MAHAWELA ROAD, TANGALLE",3,STANDARD,Hambantota,Tangalle Pradeshiya Sabha,Tangalle Divisional Secretariat,80.7936503,6.0212043,Comfort
Home Stay Units,ARALIYA,"6, LANE 4, ARALIYA MAWATHA, PRIMROSE GARDEN, KANDY",2,SUPERIOR,Kandy,Kandy,Gagawata,NULL,NULL,Budget
Home Stay Units,WHITE COTTAGE,"15/5, DEWALA ROAD, PAGODA, NUGEGODA",2,SUPERIOR,Colombo,Colombo,Nugegoda Divisional Secretariat,NULL,NULL,Budget
Home Stay Units,BRIGHT VILLA,"146, PRAJA MANDALA ROAD, HEDIGAMA, PILIYANDALA",5,STANDARD,Colombo,Kesbewa,Kesbewa Divisional Secretariat,NULL,NULL,Luxury
Home Stay Units,KINGFISHER BEACH VILLA,"650/2, COLOMBO BOPITIYA ROAD, USWETAKEIYAWA",3,DELUXE,Gampaha,Wattala Pradeshiya Sabha,Gampaha Divisional Secretariat,NULL,NULL,Luxury
Home Stay Units,HOME AWAY FROM HOME,"154/8, ERIYAGAMA, PERADENIYA",2,SUPERIOR,Kandy,Kandy,Yatinuwara Divisional Secretariat,80.5880387,7.265275,Comfort
Home Stay Units,STREAMY VIEW,"9/D/9, NELLIGASGODA, KIRIBATHKUMBURA",2,SUPERIOR,Kandy,Kandy,Yatinuwara Divisional Secretariat,80.5764288,7.2584743,Comfort
Home Stay Units,HOME STAY STRAND,"218, YADDEHIMULLA ROAD, UNAWATUNA",5,STANDARD,Galle,Habaraduwa,Habaraduwa Divisional Secretariat,80.2419195,6.0095014,Budget
Home Stay Units,FEEL HOMESTAY,"11A, ST .PHILIP NARY'S CHURCH ROAD, KATUKURUNDA, KALUTARA",1,STANDARD,Kalutara,Kalutara Pradeshiya Sabha,Kalutara Divisional Secretariat,79.9652113,6.5610293,Budget
Home Stay Units,SEELOGAMA HOME STAY,"SCHOOL ROAD, SEELOGAMA, BELIHULOYA",1,STANDARD,Ratnapura,Ratnapura,Imbulpe Divisional Secretariat,NULL,NULL,Luxury
Home Stay Units,NATURAL HOLIDAY INN,"NO 6, MODARA ROAD, MEDAKATIYA, TANGALE",3,STANDARD,Hambantota,Tangalle Pradeshiya Sabha,Tangalle Divisional Secretariat,80.7909616,6.0293222,Luxruy
Home Stay Units,SRI V.O.C,"88, DHAMMARATHANA NAHIMI MAWATHA, KATUNAYAKE, NITTABUWA ROAD, NAIWALA, WEYANGODA",1,DELUXE,Gampaha,Gampaha,Minuwangoda Divisional Secretariat,80.0305597,7.1578858,Comfort
Home Stay Units,THE VIEWS,"72/31, A.B DAMUNUPOLA MAWATHA, KANDY",2,DELUXE,Kandy,Kandy,Kandy Divisional Secretariat,80.6259093,7.2930855,Comfort
Home Stay Units,SANASIKA,"NEXT TO RICHMOND CASTLE, TEKKAWATTA, PALATOTA, KALUTARA",4,STANDARD,Kalutara,Kalutara Pradeshiya Sabha,Kalutara Divisional Secretariat,NULL,NULL,Budget
Home Stay Units,DSM HOME STAY,"8/1, PITAKANDA ROAD, KANDY",3,STANDARD,Kandy,Kandy,Gagawata,80.6357216,7.310338,Budget
Home Stay Units,HANTHANA HOUSE,"108, THAPODARAMA ROOAD, HANTHANA, KANDY",4,DELUXE,Kandy,Gagawata Koralya,Kandy Divisional Secretariat,80.6247712,7.2750592,Luxury
Home Stay Units,SHEEN HOME STAY,"18/5, MOHOTTI WATTE, BALAPITIYA",1,STANDARD,Galle,balapitiya,Balapitiya Divisional Secretariat,80.033748,6.268667,Luxury
Home Stay Units,MIHISANDA HOME STAY,"NO 8, NATIONAL HOUSES, JAYAPURA, HINGURAKGODA",4,SUPERIOR,Polonnaruwa,Hingurakgoda Pradeshiya Sabha,Hingurakgoda Divisional Secretariat,NULL,NULL,Comfort
Home Stay Units,NARATALE HOME STAY,"NARATALE ESTATE, HELVETIA DIVISION, AMITIRIGALA",3,DELUXE,Kegalle,Ruwanwella Pradeshiya Sabha,Ruwanwella Divisional Secretariat,NULL,NULL,Comfort
Home Stay Units,PALMS VILLA,"425/10/B, MINUWANGODA ROAD, KADIRANA, NEGOMBO",3,DELUXE,Gampaha,Katana Pradeshiya Sabha,Katana Divisional Secretariat,79.8688523,7.1945973,Budget
Home Stay Units,NATURAL HOUSE,"NO 102, THAPODARAMA ROAD, RICHMOND HILL, HANTANA, KANDY",1,STANDARD,Kandy,Gagawata Koralya,Gagawata,80.6252851,7.2752736,Budget
Home Stay Units,NOOK IN KANDY,"220/2, KURUNEGALA ROAD, KATUGASTOTA",2,SUPERIOR,Kandy,Kandy,Harispattuwa Divisional Secretariat,80.6440763,7.2900773,Luxury
Home Stay Units,HANDY LODGE,"176, POLWATTE ROAD, PAMUNUWA, MAHARAGAMA",4,STANDARD,Colombo,Colombo,Colombo Divisional Secretariat,NULL,NULL,Luxruy
Home Stay Units,SOOKEE'S HOME,"38A, NEWTON SENEVIRATNE, BORALESGAMUWA",3,STANDARD,Colombo,Colombo,Colombo Divisional Secretariat,NULL,NULL,Comfort
Home Stay Units,THE GREEN VIEW,"72/25, 2ND LANE, DAMUNUPOLA GARDENS, KANDY",2,STANDARD,Kandy,Kandy,GANGAWATA KORALAYA,NULL,NULL,Comfort
Home Stay Units,HANTANA HOME STAY,"11 B3/1A/2, UPPER WATER TANK ROAD, HANTANA HOUSING SCHEME, HANTANA, KANDY",2,STANDARD,Kandy,Kandy,GANGAWATA KORALAYA,80.6342906,7.2756388,Budget
Home Stay Units,TAMAYA B & B,"NO 56, S DE S JAYASINGHE MAWATHA, KOHUWALA",5,STANDARD,Colombo,Dehiwala-Mount Lavinia,Dehiwala Divisional Secretariat,NULL,NULL,Budget
Home Stay Units,NO.26D,"26 D, CYRIL JAYASUNDARA MAWATHA, SANGARAJA MAWATHA, KANDY",5,STANDARD,Kandy,Kandy,Kandy Divisional Secretariat,NULL,NULL,Luxury
Home Stay Units,BEACH RESIDENCE,"7/17, RATHNAYAKA MAWATHA, MAHAWATTE, THALPITIYA, WADDUWA",4,STANDARD,Kalutara,Panadura Pradeshiya Sabha,Panadura Divisional Secretariat,NULL,NULL,Luxury
Home Stay Units,MAHAGEDARA HOME STAY,"MAHAGEDARA,PADAWIGAMPOLA, YATAGAMA, RAMBUKKANA",2,STANDARD,Kegalle,Rambukkana Pradeshiya Sabha,Rambukkana Divisional Secretariat,NULL,NULL,Comfort
Home Stay Units,BLUE RIBBON,"3/339, KANDUWELA ESTATE, GURUDENIYA",5,STANDARD,Kandy,Gagawata Koralya,Kandy Divisional Secretariat,80.6892666,7.2655464,Comfort
Home Stay Units,MAHIE,"39, IVORY VILLAGE, YATIKOTAGAMA ROAD, PINNAWALA, RAMBUKKANA",2,STANDARD,Kegalle,Rambukkana Pradeshiya Sabha,Rambukkana Divisional Secretariat,NULL,NULL,Budget
Home Stay Units,VILLU VILLA,"601/45B, JAYA MAWATHA, AIRPORT ROAD, ANURADHAPURA",4,SUPERIOR,Anuradhapura,Anuradhapura,Anuradhapura East,80.4219063,8.31536,Budget
Home Stay Units,SARA HOMES,"NO 141, 4TH LANE, VISHAKA WATTHA, EKALA",3,SUPERIOR,Gampaha,Ja-Ela Pradeshiya Sabha,Ja-Ela Divisional Secretariat,79.9066758,7.0959788,Luxury
Home Stay Units,CHELLI,"NO 241/3A, ST. JOSEPH STREET, NEGOMBO",3,STANDARD,Gampaha,Negombo,Negombo Divisional Secretariat,NULL,NULL,Luxruy
Home Stay Units,CHANDRANI,"NO 115, SRI MAHAVIHARA MAWATHA, PANADURA",4,STANDARD,Kalutara,Panadura Pradeshiya Sabha,Panadura Divisional Secretariat,NULL,NULL,Comfort
Home Stay Units,STYLISH HOUSE,"NO 309/2, GEORGE E DE SILVA MAWATHA, KANDY",3,SUPERIOR,Kandy,Kandy,Gagawata,NULL,NULL,Comfort
Home Stay Units,FAIRLY,"NO 263/2, BATAPOTHA, MADELGOMUWA, GAMPAHA",2,SUPERIOR,Gampaha,Minuwangoda Pradeshiya Sabha,Minuwangoda Divisional Secretariat,NULL,NULL,Budget
Home Stay Units,THOTUPOLA RESIDENCE,"NO 162/1, HALLOLUWA, KANDY",4,DELUXE,Kandy,Harispattuwa Pradeshiya Sabha,Harispattuwa Divisional Secretariat,80.606204,7.2906944,Budget
Home Stay Units,MANGO HOUSE JAPANESE GUEST HOUSE,"422/B ,CAPTAIN NISHENDRA MW, NELUMPITIYA, THIMBIRIGASKATUWA, NEGOMBO.",5,DELUXE,Gampaha,Katana Pradeshiya Sabha,Katana Divisional Secretariat,NULL,NULL,Luxury
Home Stay Units,HOLIDAY STAY INN,"NO. 100/7B, GEORGE E DE SILVA MAWATHA, KANDY VIEW GARDEN, KANDY",3,SUPERIOR,Kandy,Gagawata Koralya,Gagawata,80.6196331,7.2874246,Luxury
Home Stay Units,HANTAHANA HOLIDAY ROOMS,"NO. 13/B/15/1, N. H. S. HANTANA, KANDY",5,DELUXE,Kandy,Gagawata Koralya,Kandy Divisional Secretariat,80.6366113,7.2749143,Comfort
Home Stay Units,CALM HOMES,"96/9,JANARAJA MAWATHA,HALLOLUWA",4,DELUXE,Kandy,Harispattuwa Pradeshiya Sabha,Harispattuwa Divisional Secretariat,NULL,NULL,Comfort
Home Stay Units,OPEN HILL,"86/45 KANDY VIEW GARDEN,GEORGE.E.DE SILVA MAWATHA, KANDY",2,STANDARD,Kandy,Kandy,Kandy Divisional Secretariat,80.6194594,7.2869723,Budget
Home Stay Units,GARDEN REST-KANDY,"3/30,30/3/1/2,VIHARA MW.,SUDUHUMPOLA,KANDY",3,SUPERIOR,Kandy,MC,GANGAWATA KORALAYA,80.6246844,7.2832395,Budget
Home Stay Units,RENUKA INN,"29/261/K, AMPITIYA ROAD, KANDY.",3,SUPERIOR,Kandy,Kandy,Gagawata,80.6483964,7.2849469,Luxury
Home Stay Units,NANDANA VILLA,"NO. 6, NANDANA GARDENS, YAHAMPATH MAWATHA, MAHARAGAMA",4,SUPERIOR,Colombo,Maharagama,Maharagama Divisional Secretariat,NULL,NULL,Luxruy
Home Stay Units,MAHAKANDA HOMESTAY,"MAHAKANDA HOMESTAY,430/14,AMBERSTIYA LANE,SARASAWIGAMA ROAD,MAHAKANDA,PERADENIYA,KANDY",2,SUPERIOR,Kandy,Gagawata Koralya,Gagawata,NULL,NULL,Comfort
Home Stay Units,VILLA AVIKSHA,"88 PUBUDU MAWATHA , MADIHA , MATARA",3,STANDARD,Matara,Matara,Matara Divisional Secretariat,80.512295,5.937323,Comfort
Home Stay Units,MISTY HILLS,"37, UDA PERADENIYA, PERADENIYA",1,SUPERIOR,Kandy,Kandy,Kandy Divisional Secretariat,80.6049198,7.2657901,Budget
Home Stay Units,DAMMIKA HOME,"19 (27/7) SANGAMITTA AVENVE, OFF SRI DHARMPALA ROAD, MOUNT LAVINIA",3,STANDARD,Colombo,Colombo,Colombo Divisional Secretariat,79.8641082,6.8435879,Budget
Home Stay Units,DWARA,"367/3, 2ND LANE, JINASENA MAWATA, MAHARA, KADAWATHA.",2,STANDARD,Colombo,Gampaha,Gampaha Divisional Secretariat,NULL,NULL,Luxury
Home Stay Units,DREAM STAY,"25/8, GLASSAUGH ROAD, NANU OYA, NUWARA ELIYA",3,STANDARD,Nuwara Eliya,Nuwara Eliya,Mahaoya Divisional Secretariat,80.7431439,6.9428324,Luxury
Home Stay Units,RYAN HOLIDAY INN,"NO.20, SAMARAWEERA PLACE, WELIGAMA.",1,STANDARD,Matara,Weligama Pradeshiya Sabha,Weligama Divisional Secretariat,NULL,NULL,Comfort
Home Stay Units,SPRING FLOWER RESIDENCE,"NO.115/45, NICHOLAS MARCUS MAWATHA, 7TH LANE, NEGAMBO",2,STANDARD,Gampaha,Negombo,Negombo Divisional Secretariat,NULL,NULL,Comfort
Home Stay Units,NEGAMBO GREEN VILLA,"105/B, ANDERSON ROAD, NEGAMBO.",2,SUPERIOR,Gampaha,Negombo,Negombo Divisional Secretariat,NULL,NULL,Budget
Home Stay Units,VILLA JASMINE,"NO.11, ST. ANTHONY'S ROAD, ETHTHUKALA, NEGAMBO.",2,SUPERIOR,Gampaha,Negombo,Negombo Divisional Secretariat,NULL,NULL,Budget
Home Stay Units,SHERENES HOME STAY,"87/5, DAMMA DASSI MAWATHA, KANDY.",2,SUPERIOR,Kandy,Kandy,Kandy Divisional Secretariat,80.6359503,7.305467,Luxury
Home Stay Units,CHANDI,"117/24B, PERIS MAWATHA,KALUBOWILA.",2,SUPERIOR,Colombo,Dehiwala-Mount Lavinia,Dehiwala Divisional Secretariat,NULL,NULL,Luxruy
Home Stay Units,KANDY RIVER BREEZE,"324A, HEWAHETA ROAD, THALWATTA, KANDY.",3,SUPERIOR,Kandy,Gagawata Koralya,Gagawata,80.6523487,7.2915244,Comfort
Home Stay Units,JUNGLE VIEW,"NO.55,CIRCULAR ROAD,HANTHANA HOUSING SCHEME,HANTHANA,KANDY.",3,SUPERIOR,Kandy,Kandy,Kandy Divisional Secretariat,80.635864,7.281025,Comfort
Home Stay Units,SUWANI PINNAWALA HOME STAY.,"PINNA LANDA WATTA,BATHABURAYA,RAMBUKKANA.",3,STANDARD,Kegalle,Rambukkana Pradeshiya Sabha,Rambukkana Divisional Secretariat,80.383586,7.3007563,Budget
Home Stay Units,PRIYAMANI HOME STAY,"NO.227/A, PATHAHENA, ESSELLA, VEYANGODA.",5,SUPERIOR,Gampaha,Minuwangoda Pradeshiya Sabha,Minuwangoda Divisional Secretariat,NULL,NULL,Budget
Home Stay Units,SOPHIE HOUSE,"567/3, DEWANIYAGAHA WATTA, NARIGAMA, HIKKADUWA.",5,SUPERIOR,Galle,Hikkaduwa,Hikkaduwa Divisional Secretariat,80.1063005,6.1257824,Luxury
Home Stay Units,DAMITH HOME STAY,"NO.06, 'SAMAGIYA', MADAKETIYA ROAD, TANGALLE.",2,SUPERIOR,Hambantota,Tangalle Pradeshiya Sabha,Tangalle Divisional Secretariat,80.793972,6.029473,Luxury
Home Stay Units,AMRITA,"36, POLWATTHA, AMPITIYA, KANDY.",3,SUPERIOR,Kandy,Kandy,Ganga Ihala Korale Divisional Secretariat,80.661261,7.268781,Comfort
Home Stay Units,MOUNT REPUBLIC,"NO.06, LILIAN AVENUE, MOUNT LAVINIA.",5,SUPERIOR,Colombo,Dehiwala-Mount Lavinia,Ratmalana Divisional Secretariat,79.8641105,6.8330424,Comfort
Home Stay Units,NATURE,"NO.138/A,WELIGAMPITIYA, POKUNUWITA.",3,SUPERIOR,Kalutara,Horana Pradeshiya Sabha,Horana Divisional Secretariat,80.030032,6.732221,Budget
Home Stay Units,KANDY HOLIDAY RESIDENCE,"NO.19/5,P.L.P.ALWIS MAWATHA,LEWELLA ROAD,KANDY.",3,SUPERIOR,Kandy,Kandy,Kandy Divisional Secretariat,80.6471513,7.2960543,Budget
Home Stay Units,AMUURA BEACH HOUSE,"NO.36, MARADANA ROAD, BANDARAWATTA, BERUWALA.",5,SUPERIOR,Kalutara,Beruwala Pradeshiya Sabha,Beruwala Divisional Secretariat,79.974822,6.469276,Luxury
Home Stay Units,DIYESTA TRAVELER,"NO. 03, DIYADOLAWATTA, HABARAKADA, THAWALAMA.",2,STANDARD,Galle,Dickwella,Thawalama Divisional Secretariat,NULL,NULL,Luxruy
Home Stay Units,REKAWA VIEW HOME STAY,"NO 62, POKUNAGODA, REKAWA-EAST, NETOLPITIYA, TANGALLE.",1,STANDARD,Hambantota,Tangalle Pradeshiya Sabha,Tangalle Divisional Secretariat,NULL,NULL,Comfort
Home Stay Units,WIJESINGHE HOUSE,"NO.04,RAJAGIRIYA UDYANAYA,NAWALA ROAD,RAJAGIRIYA.",3,SUPERIOR,Colombo,Kotte Muncipal Council,Kotte Divisional Secretariat,NULL,NULL,Comfort
Home Stay Units,SURF DREAM HOUSE,"NO.172, MAIN STREET, WELIGAMA.",2,STANDARD,Matara,Weligama Pradeshiya Sabha,Weligama Divisional Secretariat,NULL,NULL,Budget
Home Stay Units,VELAPURA RIVER GARDEN,"3/57, MIRISHENA, ETHANAMADALA, KALUTARA-NORTH.",1,STANDARD,Kalutara,Kalutara Pradeshiya Sabha,Kalutara Divisional Secretariat,NULL,NULL,Budget
Home Stay Units,RAVEENA HOME STAY,"""RAVEENA"", NO.11, YASODARA SCHOOL ROAD, MODARAPATUWATHA, DODANDUWA.",2,STANDARD,Galle,Hikkaduwa,Hikkaduwa Divisional Secretariat,NULL,NULL,Luxury
Home Stay Units,VILLA SEPALIKA,"DEWUNDARA WATTA,GIRIGALA,HABARADUWA.",2,DELUXE,Galle,Habaraduwa,Habaraduwa Divisional Secretariat,NULL,NULL,Luxury
Home Stay Units,FALCY ESTATE,"FALCY ESTATE, AGALLIYA, BADDEGAMA.",3,STANDARD,Galle,Galle,Galle Divisional Secretariat,80.1849071,6.1990765,Comfort
Home Stay Units,SHADOW GREEN,"AIRPORT ROAD, HINGURAKGODA.",4,SUPERIOR,Polonnaruwa,Hingurakgoda Pradeshiya Sabha,Hingurakgoda Divisional Secretariat,NULL,NULL,Comfort
Home Stay Units,MALI NIWASA,"NO.126,KITHULAMPITIYA ROAD,KAHADUWAWATTA,GALLE.SRI LANKA",3,STANDARD,Galle,Galle,Galle Divisional Secretariat,NULL,NULL,Budget
Home Stay Units,OPEN SKY,"NO.34,SAMARAWEERA PLACE,WELIGAMA",3,STANDARD,Matara,Weligama Pradeshiya Sabha,Weligama Divisional Secretariat,80.4276126,5.9757616,Budget
Home Stay Units,THE MIST,"NO.79/53 B,DODANWALA PASSAGE,KANDY.",1,SUPERIOR,Kandy,Kandy,Kandy Divisional Secretariat,NULL,NULL,Luxury
Home Stay Units,JAYASWIN HOLIDAY BUNGALOW,"NO.159,ROBOLGODA,BENTOTA.",3,SUPERIOR,Galle,Bentota Pradeshiya Sabha,Benthota Divisional Secretariat,NULL,NULL,Luxruy
Home Stay Units,EMEL BOUTIQUE HOTEL,"NO.15,LURDU MAWATHA,KOCHCHIKADE.",5,DELUXE,Gampaha,Negombo,Negombo Divisional Secretariat,79.8543727,7.2667943,Comfort
Home Stay Units,TRANQUILITY NEST.,"NO.405/E/1,MORAGAHAKELE WATTA,ERIYAGAMA,PERADENIYA.",2,SUPERIOR,Kandy,Gagawata Koralya,Gagawata,80.5880353,7.2635801,Comfort
Home Stay Units,TRANQUIL HILLS KANDY.,"NO.35/73,C.D.L.FERNANDO MAWATHA,KATUGASTOTA ROAD,KANDY.",3,SUPERIOR,Kandy,Kandy,Kandy Divisional Secretariat,80.631075,7.3103134,Budget
Home Stay Units,KANDY HILL,"NO.195/9,RICHMOND HILL LANE,HEERSAGALA ROAD,KANDY.",1,STANDARD,Kandy,Kandy,Kandy Divisional Secretariat,80.6200442,7.2721647,Budget
Home Stay Units,AMIGO'S STUDIO APARTMENT.,"NO.148/29,KANDY VIEW GARDEN,GEORGE E DE SILVA MAWATHA,KANDY.",1,STANDARD,Kandy,Gagawata Koralya,Gagawata,NULL,NULL,Luxury
Home Stay Units,PLANTATION INN,"NO.1/73,DANKALAPUWA WATTA,KAPPARATHOTA,WELIGAMA",3,STANDARD,Matara,Weligama Pradeshiya Sabha,Weligama Divisional Secretariat,NULL,NULL,Luxury
Home Stay Units,SEA FRONT HOTEL,"NO:45,VEVISINGAM SASTHRIYAR ROAD,KALLADY,BATTICALOA",2,STANDARD,Batticaloa,Batticaloa,Manmunai North Divisional Secretariat,NULL,NULL,Comfort
Home Stay Units,HAMSAAM VILLA,"NO:35/1 A,NEW DUTCH BAR ROAD,KALLADY,BATTICALOA",3,STANDARD,Batticaloa,Batticaloa,Manmunai North Divisional Secretariat,NULL,NULL,Comfort
Home Stay Units,MALA'S HOMESTAY,"NO:37/5 TETHNICAL COLLEGE ROAD,MANJANTHODUWAI-BATICALOA",1,STANDARD,Batticaloa,Batticaloa,Manmunai North Divisional Secretariat,81.67473,7.730997,Budget
Home Stay Units,SWEET LANKA NEGOMBO,"108/8 ST.JOSEPH MAWATHA,ETHULKOTTE,NEGOMBO",2,DELUXE,Gampaha,Negombo,Negombo Divisional Secretariat,79.8419293,7.2463852,Budget
Home Stay Units,HERIN GREEN HOUSE,"NO.33/1A,SEMANARYA ROAD, KITHULAMPITIYA,GALLE",2,STANDARD,Galle,Bope,Bope-Poddala Divisional Secretariat,80.2028775,6.0608002,Luxury
Home Stay Units,135 VILLA,"NO.135, HEERESSAGALA ROAD,KANDY",2,STANDARD,Kandy,Kandy,Ganga Ihala Korale Divisional Secretariat,NULL,NULL,Luxruy
Home Stay Units,RESORT BEEM,"NO:36,GEMUNU MAWATHA,HANTHANA PLACE,KANDY",3,DELUXE,Kandy,Kandy,Kandy Divisional Secretariat,80.6332638,7.283758,Comfort
Home Stay Units,MOUNT HAVEN,"NO.97/7, SRI DAMMASIDDI MAWATHA, ASGIRIYA, KANDY, SRI LANKA",4,SUPERIOR,Kandy,Kandy,GANGAWATA KORALAYA,80.631058,7.304799,Comfort
Home Stay Units,COMFORT HOME STAY,"NO. 5A, WEERAKOON GARDENS, KANDY",1,STANDARD,Kandy,Kandy,GANGAWATA KORALAYA,NULL,NULL,Budget
Home Stay Units,KANDY ROYAL RESORT,"NO.229/16, ROYAL WAY, THALWATTA, THANNAKUBURA ROAD, KANDY",5,STANDARD,Kandy,Gagawata Koralya,Gagawata,80.6551408,7.2838115,Budget
Home Stay Units,KUNDALA BUNGALOWS,"NARIGAMA TEMPLE ROAD,HIKKADUWA",3,STANDARD,Galle,Galle,Galle Divisional Secretariat,NULL,NULL,Luxury
Home Stay Units,CHELIYAN VILLA,"NO.128/1, GEORGE E. DE SILVA MAWATHA, KANDY",3,DELUXE,Kandy,Kandy,Kandy Divisional Secretariat,NULL,NULL,Luxury
Home Stay Units,SEVEN SCENIC,"NO.7, KUMUDU MAWATHA, PRIMROSE GARDENS, KANDY",2,DELUXE,Kandy,Kandy,GANGAWATA KORALAYA,80.6105692,7.280184,Comfort
Home Stay Units,SHALOM RESIDENCE,"OLD NO138/1, NEW NO 140/2, MISTY HEAVEN, WARIYAPOLA SRI SUMANGALA MW,MAPANAWATURA, KANDY",4,DELUXE,Kandy,Kandy,GANGAWATA KORALAYA,NULL,NULL,Comfort
Home Stay Units,BARNES LODGE,"34/7A,BARNES PLACE,COLOMBO 07",5,SUPERIOR,Colombo,Colombo,Colombo Divisional Secretariat,NULL,NULL,Budget
Home Stay Units,LUMBINI VILLA,"NO. 86/A, WARAPITIYA, DHARGA TOWN",3,DELUXE,Kalutara,Beruwala Pradeshiya Sabha,Beruwala Divisional Secretariat,NULL,NULL,Budget
Home Stay Units,LAL HOME STAY (SIGIRIYA),"NO 209, AHELAGALA, SIGIRIYA",4,STANDARD,Matale,Dambulla Pradeshiya Sabha,Dambulla Divisional Secretariat,80.7420766,7.949786,Luxury
Home Stay Units,SIGIRI LODGE,"POTHANA , KIMBISSA",2,STANDARD,Matale,Dambulla Pradeshiya Sabha,Dambulla Divisional Secretariat,NULL,NULL,Luxruy
Home Stay Units,SUNSHINE VILLA,"SUNSHINE VILLA, THALKOTE ROAD, EHALAGALA, SIGIRIYA",4,STANDARD,Matale,Dambulla Pradeshiya Sabha,Dambulla Divisional Secretariat,NULL,NULL,Comfort
Home Stay Units,SINHAGIRI VILLA,"5A, NAWA NAGARAYA, SIGIRIYA",3,SUPERIOR,Matale,Dambulla Pradeshiya Sabha,Dambulla Divisional Secretariat,NULL,NULL,Comfort
Home Stay Units,KANDY VIEW VILLA,"86/19B, KANDY VIEW GARDEN, JORJ E DE SILVA MW, KANDY",2,STANDARD,Kandy,Kandy,Gagawata,NULL,NULL,Budget
Home Stay Units,UDA KANDA,"KADURUDUWA,WANCHAWALA,GALLE.",3,SUPERIOR,Galle,Galle,Galle Divisional Secretariat,NULL,NULL,Budget
Home Stay Units,THARAKA SURF GUEST,"P.18,ARUGAMBAY POTTUVIL.",5,STANDARD,Ampara,Pottuvil,Pottuvil Divisional Secretariat,NULL,NULL,Luxury
Home Stay Units,WELCOME HOUSE,"NO 65 D/01,PANAMA.",1,STANDARD,Ampara,Ampara,Lahugala Divisional Secretariat,81.808772,6.758059,Luxury
Home Stay Units,PANAMA VILLAGE HOME,"WEERA BODHI MAWATHA, PANAMA",4,STANDARD,Ampara,Ampara,Lahugala Divisional Secretariat,NULL,NULL,Comfort
Home Stay Units,PANAMA GREEN HOUSE,"NO 76A, PANAMA WEST",1,STANDARD,Ampara,Ampara,Lahugala Divisional Secretariat,NULL,NULL,Comfort
Home Stay Units,YASINDU HOMES,"PANAMA SOUTH, PANAMA",1,STANDARD,Ampara,Ampara,Lahugala Divisional Secretariat,81.80218,6.759676,Budget
Home Stay Units,MANGO VILLA PANAMA,"PANAMA CENTRAL, PANAMA",1,STANDARD,Ampara,Ampara,Lahugala Divisional Secretariat,NULL,NULL,Budget
Home Stay Units,SAJANI'S HOME,"PANAMA WEST, PANAMA",1,STANDARD,Ampara,Ampara,Lahugala Divisional Secretariat,NULL,NULL,Luxury
Home Stay Units,RIVER SIDE,"133/5, HEWAGAMA, KADUWELA",4,DELUXE,Colombo,Kaduwela Pradeshiya Sabha,kaduwela Divisional Secretariat,79.9686038,6.9024153,Luxruy
Home Stay Units,PRIYANKA VILLA,"325/D/3, PAGODAWATTA, EDANDUWAWA,PERADENIYA",2,SUPERIOR,Kandy,Yatinuwara Pradeshiya Sabha,Yatinuwara Divisional Secretariat,NULL,NULL,Comfort
Home Stay Units,VIEW POINT 425,"NO 425,HEERASSAGALA ROAD,BOWALAWATTE,KANDY.",1,SUPERIOR,Kandy,Kandy,Gagawata,NULL,NULL,Comfort
Home Stay Units,AMANDRO VILLA,"62/3,MALLABOKKA ROAD, HETTIMULLA, BERUWALA",3,DELUXE,Kalutara,Kalutara Pradeshiya Sabha,Beruwala Divisional Secretariat,NULL,NULL,Budget
Home Stay Units,PANDORA LODGE,"193/A, SIGIRIYA ROAD, KIBISSA",5,SUPERIOR,Matale,Dambulla Pradeshiya Sabha,Dambulla Divisional Secretariat,NULL,NULL,Budget
Home Stay Units,CHARUKA RESORT,"168/A, SIGIRI ROAD, POTHANA",4,STANDARD,Matale,Dambulla Pradeshiya Sabha,Dambulla Divisional Secretariat,NULL,NULL,Luxury
Home Stay Units,KASHYAPA KINGDOM VIEW HOME,"NO 72 B/2, KAYAMWALA, SIGIRIYA",4,STANDARD,Matale,Dambulla Pradeshiya Sabha,Dambulla Divisional Secretariat,NULL,NULL,Luxury
Home Stay Units,RIVER SIDE LAL HOMESTAY,"NO 216, KALAPURAYA, SIGIRIYA",3,STANDARD,Matale,Dambulla Pradeshiya Sabha,Dambulla Divisional Secretariat,NULL,NULL,Comfort
Home Stay Units,RIVER SIDE HOME STAY,"NO 216/1, KALAPURAYA, SIGIRIYA",2,STANDARD,Matale,Dambulla Pradeshiya Sabha,Dambulla Divisional Secretariat,NULL,NULL,Comfort
Home Stay Units,SIGIRI HOME STAY,"NO 01/A, INFRONT OF BUS STAND, INAMALUWA",2,STANDARD,Matale,Dambulla Pradeshiya Sabha,Dambulla Divisional Secretariat,NULL,NULL,Budget
Home Stay Units,PURASANDA VILLA,"NO 14, PURASANDA VILLA, INAMALUWA VILLAGE, DAMBULLA",5,STANDARD,Matale,Dambulla Pradeshiya Sabha,Dambulla Divisional Secretariat,NULL,NULL,Budget
Home Stay Units,BIRDS HILL,"NO :35/70 1/1,KATUGASTHOTA ROAD,KANDY.",2,SUPERIOR,Kandy,Kandy,Kandy Divisional Secretariat,NULL,NULL,Luxury
Home Stay Units,HOME STAY ON THE FOURTH,"NO 30, 4TH LANE, RATMALANA",2,SUPERIOR,Colombo,Dehiwala-Mount Lavinia,Ratmalana Divisional Secretariat,NULL,NULL,Luxruy
Home Stay Units,KANDY CITY REST,"271/42B, WALIHIRIYA ROAD, UDA PERADENIYA, PERADENIYA",3,DELUXE,Kandy,Kandy,Kandy Divisional Secretariat,NULL,NULL,Comfort
Home Stay Units,MOCKINGBIRD RESIDENCE,"1/7, UNIQUE VIEW ROAD, NUWARAELIYA",3,STANDARD,Nuwara Eliya,Nuwara Eliya,Nuwara Eliya Divisional Secretariat,80.766106,6.963297,Comfort
Home Stay Units,RAVEENA GUEST INN,"SAPUMALTANNA,WELLAWAYA RD,ELLA",3,STANDARD,Badulla,Ella Pradeshiya Sabha,Ella Divisional Secretariat,NULL,NULL,Budget
Home Stay Units,GREEN RESIDENCE,"GREEN RESIDANCE, ELLA",3,STANDARD,Badulla,Ella Pradeshiya Sabha,Ella Divisional Secretariat,NULL,NULL,Budget
Home Stay Units,MAMA COTTAGE,"SAPUMALTHANNA,PASSARA ROAD,ELLA",5,STANDARD,Badulla,Ella Pradeshiya Sabha,Ella Divisional Secretariat,NULL,NULL,Luxury
Home Stay Units,WATERFALLS HOMESTAY,"WATAGODAWATHTHA, KITHELELLA, ELLA",4,SUPERIOR,Badulla,Ella Pradeshiya Sabha,Ella Divisional Secretariat,NULL,NULL,Luxury
Home Stay Units,SUNNYSIDE HOLIDAY BUNGALOW,"150, BANDARAWELA ROAD, ELLA",3,DELUXE,Badulla,Ella Pradeshiya Sabha,Ella Divisional Secretariat,NULL,NULL,Comfort
Home Stay Units,GREEN HILL ELLA,"PASSARA ROAD,SAPUMALTHANNA,ELLA",5,STANDARD,Badulla,Ella Pradeshiya Sabha,Ella Divisional Secretariat,NULL,NULL,Comfort
Home Stay Units,JUNGLE BREEZE,"13B2/17B2, UPPER TANK ROAD, HANTHANA H.S, KANDY",3,DELUXE,Kandy,Kandy,Kandy Divisional Secretariat,80.638769,7.274439,Budget
Home Stay Units,INN ON THE BAY,"BEACH ROAD,PASIKUDAH,KALKUDAH.",5,STANDARD,Batticaloa,Koralai Pattu,Koralai Pattu Divisional Secretariat,NULL,NULL,Budget
Home Stay Units,DEWLEE HOMESTAY,"""VIJAYA"" .HELLA HALPE, BANDARAWELA",2,STANDARD,Badulla,Ella Pradeshiya Sabha,Ella Divisional Secretariat,81.044611,6.888443,Luxury
Home Stay Units,LAL HOME STAY (BENTOTA),"NO 18, PITOROMBE, BENTOTA",4,STANDARD,Galle,Bentota Pradeshiya Sabha,Benthota Divisional Secretariat,NULL,NULL,Luxruy
Home Stay Units,PADDYFIELD HIDEAWAY,"38, WEGIRIYA, HONDIYADENIYA, GAMPOLA",4,DELUXE,Kandy,Udunuwara Pradeshiya Sabha,Udunuwara Divisional Secretariat,NULL,NULL,Comfort
Home Stay Units,THE PENTHOUSE ABOVE SEA,"16/3, MARINE CITY, 46, STATION ROAD, DEHIWALA",4,DELUXE,Colombo,Dehiwala-Mount Lavinia,Dehiwala Divisional Secretariat,NULL,NULL,Comfort
Home Stay Units,"34/1/1, SUMANARAMA","34/1/1, SUMANARAMA ROAD, MOUNT LAVINIA",5,STANDARD,Colombo,Dehiwala-Mount Lavinia,Dehiwala Divisional Secretariat,79.869376,6.840153,Budget
Home Stay Units,LAKEVILLA' RAJAGIRIYA,"LAKEVILLA'- RAJAGIYA,289/2, GEMUNU MAWATHA, KOTUWEGODA, RAJAGIRIYA",1,SUPERIOR,Colombo,Kaduwela Pradeshiya Sabha,kaduwela Divisional Secretariat,79.920363,6.908145,Budget
Home Stay Units,DREAM VILLA,"7/3, BRAHMANA WATTA ROAD, BALAPITIYA.",3,SUPERIOR,Galle,balapitiya,Balapitiya Divisional Secretariat,80.04004,6.28557,Luxury
Home Stay Units,NATURE RESORT,"NO 378/1, NEAR TUNNEL , ELLA",4,STANDARD,Badulla,Ella Pradeshiya Sabha,Ella Divisional Secretariat,NULL,NULL,Luxury
Home Stay Units,LAKESIDE HYBRID VILLA,"178/4, KALUTHARA ROAD, WEVITA, BANDARAGAMA",1,SUPERIOR,Kalutara,Bandaragama Pradeshiya Sabha,Bandaragama Divisional Secretariat,NULL,NULL,Comfort
Home Stay Units,"KADUGANNAWA HOMESTAY, KANDY","226/4, KANDY ROAD, KADAWATHGAMA, KADUGANNAWA",2,STANDARD,Kandy,Kadugannawa,Yatinuwara Divisional Secretariat,NULL,NULL,Comfort
Home Stay Units,ANGEL VILLA,"17/10,MARAKKALAWATTE, 12070, BERUWALA",2,SUPERIOR,Kalutara,Beruwala Pradeshiya Sabha,Beruwala Divisional Secretariat,79.992,6.473838,Budget
Home Stay Units,VEGA HOLIDAY REST,"21/14/P3, ISURUPURA, ANURADHAPURA",2,STANDARD,Anuradhapura,Anuradhapura,Anuradhapura East,80.426447,8.315667,Budget
Home Stay Units,KAMON RICH,"405C, GUNARATNE MAWATHA, PAHALA IRIYAGAMA, PERADENIYA",5,STANDARD,Kandy,Kandy,Kandy Divisional Secretariat,NULL,NULL,Luxury
Home Stay Units,SERENE HOME STAY,"NO 917, MUDUNMANKADA ROAD, UDAWALAWE",2,SUPERIOR,Ratnapura,Embilipitiya,Embilipitiya Divisional Secretariat,80.824239,6.416555,Luxruy
Home Stay Units,YENRICH TOURIST INN,"86/G/1, TIVERTON ESTATE, PERADENIYA",5,STANDARD,Kandy,Yatinuwara Pradeshiya Sabha,Yatinuwara Divisional Secretariat,80.580898,7.268693,Comfort
Home Stay Units,RIVER SIDE VILLA,"183, GURUGAMMANAYA, PALLAKALE, KUNDASALE",3,SUPERIOR,Kandy,Kundasle,Kundasale Divisional Secretariat,NULL,NULL,Comfort
Home Stay Units,RANAWARA HOME STAY,"NO 11, PARADISE PARK, THAPODARAMA MAWATHA, HANTHANA , KANDY",3,SUPERIOR,Kandy,Gagawata Koralya,Gagawata,80.628192,7.278034,Budget
Home Stay Units,THE LIVING ROOM BY RAN,"455\4, WARAGODA ESTATE, KELANIYA",1,DELUXE,Gampaha,Kelaniya Pradeshiya Sabha,Kelaniya Divisional Secretariat,NULL,NULL,Budget
Home Stay Units,SETHRA,"NO 65, ROUND ROAD, OBADAWATTA, BENTOTA",3,DELUXE,Galle,Bentota Pradeshiya Sabha,Benthota Divisional Secretariat,NULL,NULL,Luxury
Home Stay Units,SURAMYA,"NO.23.SURAMYA,DHARMAPALA MAWATHA, BANDARAWELA.",1,SUPERIOR,Badulla,Bandarawela Pradeshiya Sabha,Bandarawela Divisional Secretariat,NULL,NULL,Luxury
Home Stay Units,MARVEL HILLS - KANDY,"NO 20,GEORGE E DE SILVA MAWATHA, KANDY",3,DELUXE,Kandy,Kandy,Kandy Divisional Secretariat,NULL,NULL,Comfort
Home Stay Units,COLOMBO AIRPORT HOMESTAY,"NO 17, ZONE 1, MILLENNIUM CITY, KOTUGODA, JA-ELA",5,SUPERIOR,Gampaha,Ja-Ela Pradeshiya Sabha,Ja-Ela Divisional Secretariat,79.9106305,7.1206712,Comfort
Home Stay Units,THE BEAUTY HILLS RESIDENCE,"NO.19\12, P.L.P ALWIS MAWATHA, KANDY.",4,SUPERIOR,Kandy,Kandy,Kandy Divisional Secretariat,NULL,NULL,Budget
Home Stay Units,DIYAWARA HOME STAY,"NO-77/03,JAFFNA JUCTION,JAFFNA ROAD,ANURADHAPURA.",2,STANDARD,Anuradhapura,Anuradhapura,Anuradhapura East,80.417293,8.359991,Budget
Home Stay Units,RIVER VALLEY RESIDENCE,"4/A/2,GANGA ADDARA ROAD,LEWELLAGAMA,GUNNEPANA,20270",3,DELUXE,Kandy,Kandy,Kundasale Divisional Secretariat,80.657749,7.298416,Luxury
Home Stay Units,SOUTHERN COMFORTS,"62 A/2, LIGHT HOUSE STREET, FORT, GALLE",4,SUPERIOR,Galle,Galle,Galle Divisional Secretariat,80.218535,6.025603,Luxruy
Home Stay Units,GALLE FACE COVE,"97, GALLE ROAD, COLOMBO 03",3,DELUXE,Colombo,Colombo,Colombo Divisional Secretariat,79.847956,6.920627,Comfort
Home Stay Units,VILLA34,"NO34,SHADY GROVE AVENUE,COLOMBO 08",4,DELUXE,Colombo,Colombo,Colombo Divisional Secretariat,79.881507,6.911338,Comfort
Home Stay Units,KANDY UYAN APARTMENT,"35/22 1/1, DHARMASOKA MAWATHA, KANDY",2,STANDARD,Kandy,Gagawata Koralya,Gagawata,NULL,NULL,Budget
Home Stay Units,SERENE RESIDENCE,"NO. 60, SRI DHARMARAMA ROAD, KATUKURUNDA, KALUTARA SOUTH",3,STANDARD,Kalutara,Kalutara Pradeshiya Sabha,Kalutara Divisional Secretariat,79.98293,6.565803,Budget
Home Stay Units,RUBY HOME,"NO 39/6, D.S. SENANAYAKE MAWATHA, COLOMBO 10.",4,SUPERIOR,Colombo,Colombo,Thimbirigasyaya Divisional Secretariat,NULL,NULL,Luxury
Home Stay Units,ELEGANT HAMLETS HOME STAY,"NO.48, KACHCHAKADUWA,WEERAKODIYANA",1,DELUXE,Kurunegala,Udubaddawa Pradeshiya Sabha,Udubaddawa Divisional Secretariat,79.890546,7.501223,Luxury
Home Stay Units,SANASUMA VILLA,"SANASUMA, BODHIYA ROAD, SOORIYAGODA, BENTOTA.",1,STANDARD,Galle,Bentota Pradeshiya Sabha,Benthota Divisional Secretariat,79.997446,6.417567,Comfort
Home Stay Units,ELLA HIDE VIEW,"ETHIMALE,KITHAL-ELLA,ELLA",4,STANDARD,Badulla,Ella Pradeshiya Sabha,Ella Divisional Secretariat,81.0417434,6.869702,Comfort
Home Stay Units,MONARCH ELLA,"ETHULGASHINNA,KITHAL-ELLA,ELLA",3,STANDARD,Badulla,Ella Pradeshiya Sabha,Ella Divisional Secretariat,81.045554,6.871848,Budget
Home Stay Units,ROYAL VANTAGE,"ETHULGASHINNA,KITHAL-ELLA,ELLA",3,STANDARD,Badulla,Ella Pradeshiya Sabha,Ella Divisional Secretariat,81.045511,6.873144,Budget
Home Stay Units,COZY HOME STAY,"WATERFALL ROAD,WATAGODA WATTA,KITHAL-ELLA,ELLA",1,STANDARD,Badulla,Ella Pradeshiya Sabha,Ella Divisional Secretariat,81.043735,6.868075,Luxury
Home Stay Units,LAURA,"SIRISEWANA,KITHAL-ELLA,ELLA",5,SUPERIOR,Badulla,Ella Pradeshiya Sabha,Ella Divisional Secretariat,81.045358,6.871415,Luxruy
Home Stay Units,NAMAL'S GREAT VIEW HOME STAY,"KITHAL-ELLA,ELLA",3,STANDARD,Badulla,Ella Pradeshiya Sabha,Ella Divisional Secretariat,81.042817,6.870018,Comfort
Home Stay Units,DIMUTHU HOME STAY,"TEMPLE ROAD,ETHIMALE,KITHAL-ELLA,ELLA",1,STANDARD,Badulla,Ella Pradeshiya Sabha,Ella Divisional Secretariat,81.0426123,6.869209,Comfort
Home Stay Units,PARAISO HOME STAY,"TEMPLE ROAD,KITHAL-ELLA,ELLA",1,STANDARD,Badulla,Ella Pradeshiya Sabha,Ella Divisional Secretariat,80.730977,7.863201,Budget
Home Stay Units,BLOOMING ROSE,"ETHIMALE,KITHAL-ELLA,ELLA",2,STANDARD,Badulla,Ella Pradeshiya Sabha,Ella Divisional Secretariat,81.042174,6.869789,Budget
Home Stay Units,ROMANCE IN ELLA,"MEDAPATHANA,KITHAL-ELLA,ELLA",1,STANDARD,Badulla,Ella Pradeshiya Sabha,Ella Divisional Secretariat,81.042083,6.86868,Luxury
Home Stay Units,WATERFALL VIEW,"NO,226,WATAGODAWATTA,KITHAL-ELLA,ELLA",4,STANDARD,Badulla,Ella Pradeshiya Sabha,Ella Divisional Secretariat,81.043556,6.868938,Luxury
Home Stay Units,NICEVIEW HOMESTAY,"KUDUGAL PATHANA,KITHAL-ELLA,ELLA",3,STANDARD,Badulla,Ella Pradeshiya Sabha,Ella Divisional Secretariat,81.036464,6.866145,Comfort
Home Stay Units,GOLDEN VIEW GUEST,"MEDAPATHANA,KITHAL-ELLA,ELLA",4,STANDARD,Badulla,Ella Pradeshiya Sabha,Ella Divisional Secretariat,81.035746,6.869177,Comfort
Home Stay Units,WILL GUEST HOMESTAY,"""SANIRU""KIRIWETIYA,KITHAL-ELLA,ELLA",2,STANDARD,Badulla,Ella Pradeshiya Sabha,Ella Divisional Secretariat,81.038657,6.867416,Budget
Home Stay Units,OWIN HILL HOMESTAY,"""SUCHITHRA"",KUDUGAL PATHANA,KITHAL-ELLA,ELLA",1,STANDARD,Badulla,Ella Pradeshiya Sabha,Ella Divisional Secretariat,81.038417,6.867171,Budget
Home Stay Units,DABAN HOMESTAY,"""SEWWANDI"",KITHAL-ELLA,ELLA",2,STANDARD,Badulla,Ella Pradeshiya Sabha,Ella Divisional Secretariat,81.03779,6.866365,Luxury
Home Stay Units,LUCKY STAR,"""LUCKY STAR"" KITHAL-ELLA,ELLA",4,STANDARD,Badulla,Ella Pradeshiya Sabha,Ella Divisional Secretariat,81.040488,6.870025,Luxruy
Home Stay Units,THE LOVER STAY,"AMBAGAHAWATTA,MEDAPATHANA,KITHAL-ELLA,ELLA",3,STANDARD,Badulla,Ella Pradeshiya Sabha,Ella Divisional Secretariat,81.041244,6.870241,Comfort
Home Stay Units,ELLA HAPPY VIEW,"KITHAL-ELLA,ELLA",1,STANDARD,Badulla,Ella Pradeshiya Sabha,Ella Divisional Secretariat,NULL,NULL,Comfort
Home Stay Units,BLUE RIBBON HOMESTAY,"WATERFALL ROAD,KITHAL-ELLA,ELLA",3,STANDARD,Badulla,Ella Pradeshiya Sabha,Ella Divisional Secretariat,81.0444555,6.8702405,Budget
Home Stay Units,ELLA RIVER FRONT,"""SISILA"" WELLAWAYA ROAD,ELLA",2,STANDARD,Badulla,Ella Pradeshiya Sabha,Ella Divisional Secretariat,81.0453657,6.8694274,Budget
Home Stay Units,SILENT NEST,"WATAGODAWATTA,KITHAL-ELLA,ELLA",1,STANDARD,Badulla,Ella Pradeshiya Sabha,Ella Divisional Secretariat,81.043371,6.867291,Luxury
Home Stay Units,BRILLIANT VIEW,"WATERFALL HOMESTAY ROAD,KITHAL-ELLA,ELLA",4,STANDARD,Badulla,Ella Pradeshiya Sabha,Ella Divisional Secretariat,81.045041,6.870346,Luxury
Home Stay Units,ELLA MOUNT VIEW GUEST INN,"WATAGODA WATTA ROAD,KITHAL-ELLA,ELLA",3,STANDARD,Badulla,Ella Pradeshiya Sabha,Ella Divisional Secretariat,81.045952,6.870878,Comfort
Home Stay Units,MAPLE HOMESTAY,"""DARHANA"" KITHAL-ELLA,ELLA",2,STANDARD,Badulla,Ella Pradeshiya Sabha,Ella Divisional Secretariat,80.626737,7.288128,Comfort
Home Stay Units,RIVER SPLENDOR HOMESTAY,"16 MILE POST,WELLAWAYA ROAD,ELLA",2,STANDARD,Badulla,Ella Pradeshiya Sabha,Ella Divisional Secretariat,81.04668,6.868413,Budget
Home Stay Units,LEISURE DREAM INN,"WELLAWAYA ROAD,ELLA",2,STANDARD,Badulla,Ella Pradeshiya Sabha,Ella Divisional Secretariat,81.046772,6.870086,Budget
Home Stay Units,RAWANA FALL VIEW,"""SISILA"" WELLAWAYA ROAD,ELLA",4,STANDARD,Badulla,Ella Pradeshiya Sabha,Ella Divisional Secretariat,81.046314,6.870231,Luxury
Home Stay Units,WELCOME INN,"""HEMAMALEE"" KITHAL-ELLA,ELLA",2,STANDARD,Badulla,Ella Pradeshiya Sabha,Ella Divisional Secretariat,81.045965,6.869021,Luxruy
Home Stay Units,SERENITY HOMESTAY,"WATERFALL ROAD,WATAGODAWATTA,KITHAL-ELLA,ELLA",2,STANDARD,Badulla,Ella Pradeshiya Sabha,Ella Divisional Secretariat,81.044441,6.86814,Comfort
Home Stay Units,IDYLL HOMESTAY,"WATAGODAWATTA, KITHALAELLA, ELLA",4,STANDARD,Badulla,Ella Pradeshiya Sabha,Ella Divisional Secretariat,81.0436273,6.8691837,Comfort
Home Stay Units,AMBA VILLA,"26/A, NITHULEMADU, RAJAWELLA, DIGANA, KANDY",2,DELUXE,Kandy,Kandy,Kandy Divisional Secretariat,80.7823734,7.255355,Budget
Home Stay Units,MANGO VILLA,"NO-13/129, 3RD LANE, CHANDRA WETTASINGHE MAWATHA, NAWALA, KOSWATTA.",3,DELUXE,Colombo,Colombo,Colombo Divisional Secretariat,79.897213,6.896087,Budget
Home Stay Units,NATURE PARADISE,"ETHULGASHINNA,KITHAL-ELLA,ELLA",2,STANDARD,Badulla,Ella Pradeshiya Sabha,Ella Divisional Secretariat,81.083528,6.861187,Luxury
Home Stay Units,PADDY FIELD VIEW,"""SAMAN"",WELLAWAYA ROAD,ELLA",5,STANDARD,Badulla,Ella Pradeshiya Sabha,Ella Divisional Secretariat,81.095229,6.867295,Luxury
Home Stay Units,THE ONE STAR HOME STAY,"ETHIMALE GEDARA,KITHAL-ELLA,ELLA",1,STANDARD,Badulla,Ella Pradeshiya Sabha,Ella Divisional Secretariat,81.042423,6.870513,Comfort
Home Stay Units,7TH HILL,"KIRIMETIYA GEDARA,KITHAL-ELLA,ELLA",3,STANDARD,Badulla,Ella Pradeshiya Sabha,Ella Divisional Secretariat,81.04003,6.868833,Comfort
Home Stay Units,VILLAGE VIEW HOME STAY,"ETHULGASHINNA,KITHAL-ELLA,ELLA",3,STANDARD,Badulla,Ella Pradeshiya Sabha,Ella Divisional Secretariat,81.04545,6.871314,Budget
Home Stay Units,SUNRAY HOME STAY,"""SAMAN"" WELLAWAYA ROAD,ELLA",2,STANDARD,Badulla,Ella Pradeshiya Sabha,Ella Divisional Secretariat,81.046012,6.870202,Budget
Home Stay Units,AVINKA VILLA,"WALPOLAWATHTHA, TALPE NORTH, UNAWATUNA",3,STANDARD,Galle,Akmeemana,Akmeemana Divisional Secretariat,80.278126,6.000995,Luxury
Home Stay Units,ELLA FINALGATE,"DIYAMADITHTHA,KITHAL-ELLA,ELLA",3,STANDARD,Badulla,Ella Pradeshiya Sabha,Ella Divisional Secretariat,NULL,NULL,Luxruy
Home Stay Units,MORNING LIGHT,"WATAGODAWATTA,KITHAL-ELLA,ELLA",1,STANDARD,Badulla,Ella Pradeshiya Sabha,Ella Divisional Secretariat,81.044952,6.869198,Comfort
Home Stay Units,REVERIE HILL BUNGALOW,"40/8D, HILPANKADURA MAWATHA, KANDY",2,SUPERIOR,Kandy,Kandy,Gagawata,80.654138,7.277513,Comfort
Home Stay Units,EAGLE LODGE,"EAGLE LODGE, VICTORIA GOLF RESORT, DIGANA",4,DELUXE,Kandy,Kandy,Kandy Divisional Secretariat,80.7742644,7.2650791,Budget
Home Stay Units,TRAVELLERS HOME,"538 (67/11), GOHAGODA ROAD, KATUGASTOTA",2,STANDARD,Kandy,Harispattuwa Pradeshiya Sabha,Harispattuwa Divisional Secretariat,80.623502,7.315674,Budget
Home Stay Units,THE CITY HIDEOUT,"NO 475/19, LAKE CRESCENT, RAJAGIRIYA",5,STANDARD,Colombo,Kotte Muncipal Council,Kotte Divisional Secretariat,79.888422,6.909424,Luxury
Home Stay Units,HARITHA COTTAGE,"60/Q/3 LUMBINI GARDENS LUMBINI MAWATHA,DALUGAMA,KELANIYA",2,SUPERIOR,Gampaha,Kelaniya Pradeshiya Sabha,Mahara Divisional Secretariat,79.919137,6.975736,Luxury
Home Stay Units,LOVE IS SWEET COTTAGE,"""SAMANSIRI"" ETHIMALE,KITHAL-ELLA,ELLA",1,STANDARD,Badulla,Ella Pradeshiya Sabha,Ella Divisional Secretariat,81.044138,6.86269,Comfort
Home Stay Units,DAWN VIEW HOMESTAY,"ELLA WATERFALL ROAD,ELLA",2,STANDARD,Badulla,Ella Pradeshiya Sabha,Ella Divisional Secretariat,81.052249,6.881556,Comfort
Home Stay Units,MY INN GUEST HOUSE,"NO:60, KUDUGALPATHANA, KITHALELLA, ELLA",2,STANDARD,Badulla,Ella Pradeshiya Sabha,Ella Divisional Secretariat,81.044138,6.86269,Budget
Home Stay Units,LEGACY LANKA HOME STAY,"405/4. DIYA ADDARA, ATTANAGALLA",4,SUPERIOR,Gampaha,Attanagalla Pradeshiya Sabha,Attanagalla Divisional Secretariat,NULL,NULL,Budget
Home Stay Units,CINNAMON APARTMENT,"NO 12/B/2/1,WATTALPOLA ROAD, WALANA, PANADURA",2,STANDARD,Kalutara,Panadura,Panadura Divisional Secretariat,79.9067978,6.7287176,Luxury
Home Stay Units,SKYLINE MOUNT BUNGALOW,"236/29,SUMMER FIELD SUMMIT, ANGUNAWELA, PERADENIYA",4,DELUXE,Kandy,Udunuwara Pradeshiya Sabha,Udunuwara Divisional Secretariat,80.591459,7.243702,Luxruy
Home Stay Units,HEAVEN UPON RICE FIELDS,"3/3 A NUWARAVEWA WATHTHA, MIHINTHALA ROAD, JAFFNA JUNCTION, ANURADAPURA.",3,SUPERIOR,Anuradhapura,Anuradhapura,Anuradhapura East,80.5,8.35,Comfort
Home Stay Units,NATURE VIEW RESORT,"NO:83/B PAHALA MADAMPALA,KATULANDA,AKARAGAMA",3,STANDARD,Gampaha,Negombo,Divulapitiya Divisional Secretariat,79.957041,7.27348,Comfort
Home Stay Units,THE CASTLE OF KANDY,"NO:147/22, DHARMASHOKA MW, LEWELLA, KANDY",4,DELUXE,Kandy,Kandy,Kandy Divisional Secretariat,80.647176,7.301356,Budget
Home Stay Units,CAMBELS LANE FOREST VIEW,"20/17A, 1ST LANE, SIYAMBALAGASTENNA ROAD, KANDY",2,STANDARD,Kandy,Kandy,Kandy Divisional Secretariat,80.630684,7.322684,Budget
Home Stay Units,SUGAR VILLA,"NO/18F,PETER MEDIS ROAD,NEGAMBO",5,SUPERIOR,Gampaha,Negombo,Negombo Divisional Secretariat,79.842796,7.227029,Luxury
Home Stay Units,JAYAVIMANA,"NO.147/20, DHARMASHOKA MAWATHA, LEWELLA, KANDY",1,STANDARD,Kandy,Kandy,GANGAWATA KORALAYA,80.649138,7.299508,Luxury
Home Stay Units,THIAGI INN,"20/B, ATAPATTU ROAD, DEHIWALA",1,SUPERIOR,Colombo,Dehiwala-Mount Lavinia,Dehiwala Divisional Secretariat,79.880083,6.830118,Comfort
Home Stay Units,DILU'S HOMESTAY,"14/21, 1ST CROSS,THIRUCHENDUR, BATTICALOA",2,STANDARD,Batticaloa,Batticaloa,Manmunai North Divisional Secretariat,81.67473,7.730997,Comfort
Home Stay Units,GLORIA GUEST ROOMS,"78 MAIN ROAD,KALPITIYA.",3,STANDARD,Puttalam,Kalpitiya Pradeshiya Sabha,Puttalam Divisional Secretariat,79.759614,8.229528,Budget
Home Stay Units,SANUPA VILLA KANDY,"NO. 09 MAHAWELI BREEZE,,MALIGATHENNA GURUDENIYA,,KANDY.",2,SUPERIOR,Kandy,Gagawata Koralya,Kandy Divisional Secretariat,80.703184,7.265038,Budget
Home Stay Units,THAL SEWANA,"37/B, PIDURANGALA TEMPLE ROAD,SIGIRIYA,",4,SUPERIOR,Matale,Dambulla Pradeshiya Sabha,Dambulla Divisional Secretariat,80.76218,7.965655,Luxury
Home Stay Units,GRANARY HOME STAY,"NO 80,,PAMUNUWA,,PILIMATALAWA.",4,SUPERIOR,Kandy,Udunuwara Pradeshiya Sabha,Udunuwara Divisional Secretariat,80.572178,7.240107,Luxruy
Home Stay Units,JUNGLE VILLAGE HOMESTAY,"A-92,,GALPOLA,,MOLAGODA,",1,STANDARD,Kegalle,Rambukkana Pradeshiya Sabha,Rambukkana Divisional Secretariat,80.389404,7.277056,Comfort
Home Stay Units,GREAT HOSPITALITY IN HILL COUNTRY,"NO 8/4 A ,,MADDEPATANA,AMPIYIYA",3,STANDARD,Kandy,Kandy,Ganga Ihala Korale Divisional Secretariat,80.66321,7.268636,Comfort
Home Stay Units,PARISARE,"97/3,ROSMEAD PLACE,COLOMBO 7",1,STANDARD,Colombo,Colombo,Colombo Divisional Secretariat,79.866084,6.906528,Budget
Home Stay Units,KEVINS VILLA,"36/12,SANGARAJA MAWATHA,KANDY",4,STANDARD,Kandy,Kandy,Kandy Divisional Secretariat,80.643254,7.289666,Budget
Home Stay Units,EVERGREEN HOMESTAY,"NO..33,MABLE COORAY MAVATHA,PRIMROSEGARDEN,KANDY",2,SUPERIOR,Kandy,Kandy,GANGAWATA KORALAYA,80.614567,7.281205,Luxury
Home Stay Units,RIVORICH RESIDENCE,"NO 8/6, RIVERSIDE GARDEN, SIRIMALWATTA,,GUNNEPANA,KANDY",7,DELUXE,Kandy,Kundasle,Kundasale Divisional Secretariat,80.669273,7.315507,Luxury
Home Stay Units,LUMBINI INN,"NO 7,L,PARADISE GARDEN, LEWKE MAWATHA,WAHUGAPITIYA.,,PUSSELLAWA",4,STANDARD,Kandy,Udapalatha,Udapalatha Divisional Secretariat,80.638241,7.110983,Comfort
Home Stay Units,KANDY HILL VIEW HOME STAY,"50/10,,UPLANDS,,KANDY.",1,STANDARD,Kandy,Kandy,Kandy Divisional Secretariat,80.633726,7.290572,Comfort
Home Stay Units,AVAANA BY SPRINGHILLS,"103/2, DOOLWALA,,HALLOLUWA,KANDY",2,STANDARD,Kandy,Harispattuwa Pradeshiya Sabha,Harispattuwa Divisional Secretariat,80.595915,7.311916,Budget
Home Stay Units,OCEAN PEBBLES,"24A,,HILL STREET,,DEHIWELA",3,SUPERIOR,Colombo,Dehiwala-Mount Lavinia,Dehiwala Divisional Secretariat,79.8665,6.851297,Budget
Home Stay Units,LAKESIDE LODGE KANDY,"36/1,SANGARAJA MAWATHE,KANDY",2,STANDARD,Kandy,Kandy,Kandy Divisional Secretariat,80.643209,7.28971,Luxury
Home Stay Units,CHAMALKAS HOMESTAY,"67A,CHURCH STREET,FORT GALLE",4,DELUXE,Galle,Galle,Galle Divisional Secretariat,80.216964,6.029135,Luxruy
Home Stay Units,VILLA ARUNALU KANDY,"NO 383/D ILLUKMODARA ESTATE,THENNEKUMBURA,KANDY",4,DELUXE,Kandy,Gagawata Koralya,Kandy Divisional Secretariat,80.633726,7.290572,Comfort
Home Stay Units,GRACE GREEN VILLE HOMESTAY,"414/5,ST. RITA'S ROAD, DALUWAKOTUWA,KOCHCHIKADE",4,DELUXE,Gampaha,Negombo,Negombo Divisional Secretariat,NULL,NULL,Comfort
Home Stay Units,SUMMERLAND,"821, MORAVITIYA LANE, BUTHGAMUWA ROAD, GOTHATUWA NEW TOWN ,RAJAGIRIYA",3,STANDARD,Colombo,Kotikawatta Mulleriyawa Pradeshiya Sabha,Kolonnawa Divisional Secretariat,NULL,NULL,Budget
Rented Apartments,LOTUS APARTMENT,"72 2/1D, CARLTON RESIDENCIES, PAPILIYANA RD,NADIMALA, DEHIWALA",2,SUPERIOR,Colombo,Dehiwala-Mount Lavinia,Dehiwala Divisional Secretariat,NULL,NULL,Budget
Rented Apartments,LILY,"72 3/1E, CARLTON RESIDENCIES, PAPILIYANA ROAD, NADIMALA, DEHIWALA.",1,SUPERIOR,Colombo,Colombo,Colombo Divisional Secretariat,NULL,NULL,Luxury
Rented Apartments,COTTAGE GARDEN BUNGALOWS,"42-48, COLLEGE AVENUE, MOUNT LAVINIA",3,STANDARD,Colombo,Colombo,Colombo Divisional Secretariat,79.864464,6.838671,Luxury
Rented Apartments,HOLIDAY RESIDENT SEREDEEP,"70/2, BADDAGANA NORTH, KOTTE",1,SUPERIOR,Colombo,Colombo,Colombo Divisional Secretariat,NULL,NULL,Comfort
Rented Apartments,LAVINIA GARDEN BUNGALOW,"38 - 40, COLLEGE AVENUE, MOUNT LAVINIA",2,STANDARD,Colombo,Dehiwala-Mount Lavinia,Ratmalana Divisional Secretariat,NULL,NULL,Comfort
Rented Apartments,CINNAMON PENTHOUSE,"24-3F CRESCAT RESIDANCIES, NO75, GALLE ROAD, COLOMBO 03.",5,DELUXE,Colombo,Colombo,Thimbirigasyaya Divisional Secretariat,79.84808,6.917928,Budget
Rented Apartments,MILAN SQUARE,"7/5, 10, 37TH LANE, COLOMBO 06",3,SUPERIOR,Colombo,Colombo,Colombo Divisional Secretariat,79.862908,6.869139,Budget
Rented Apartments,STATION COURT,"3/3, 19, WELLAWATTE ROAD, COLOMBO 6",3,SUPERIOR,Colombo,Colombo,Colombo Divisional Secretariat,79.8582943,6.8746633,Luxury
Rented Apartments,SANILKA ESTATE,"HENYAYA, BODAGAMA, THANAMALWILA",4,SUPERIOR,Moneragala,Thanamalwila Pradeshiya Sabha,Thanamalvila Divisional Secretariat,NULL,NULL,Luxruy
Rented Apartments,CITY BEDS THE REGENT,"201/2, NEW REGENT BUILDING, COLOMBO 2",5,SUPERIOR,Colombo,Colombo,Colombo Divisional Secretariat,NULL,NULL,Comfort
Rented Apartments,OHM FROM OHM,"457/18, MILLAGAHA WATTE, NAWALA ROAD, RAJAGIRIYA.",2,SUPERIOR,Colombo,Kotte Muncipal Council,Colombo Divisional Secretariat,NULL,NULL,Comfort
Rented Apartments,NIRANA APARTMENT,"21, CHAPEL ROAD, NUGEGODA",2,SUPERIOR,Colombo,Kotte Muncipal Council,Nugegoda Divisional Secretariat,79.886749,6.871861,Budget
Rented Apartments,FLOWER GARDEN STAY,"157/13, SAUSIRI UYANA, PITTUGALA, MALABE",2,SUPERIOR,Colombo,Kaduwela Pradeshiya Sabha,kaduwela Divisional Secretariat,NULL,NULL,Budget
Rented Apartments,BERALIYA,"BATAPOLA ROAD, KAHAWA",8,SUPERIOR,Galle,Galle,Hikkaduwa Divisional Secretariat,NULL,NULL,Luxury
Rented Apartments,SIRIMAL HOME REST,"MAKAN WATTE, GODAKANDA, GALLE",3,SUPERIOR,Galle,Bope,Bope-Poddala Divisional Secretariat,NULL,NULL,Luxury
Rented Apartments,SCHONE VILLA,"HARBOUR ROAD, MIRISSA-SOUTH",2,SUPERIOR,Matara,Weligama Pradeshiya Sabha,Weligama Divisional Secretariat,NULL,NULL,Comfort
Rented Apartments,AMALI HOME STAY,"258/C, BOWALAWATTE, KANDY",1,STANDARD,Kandy,Kandy,Gagawata,80.617781,7.259649,Comfort
Rented Apartments,GOLDEN VILLA,"NAGAHA JUNCTION, PANWILA, HIKKADUWA",2,SUPERIOR,Galle,Galle,Hikkaduwa Divisional Secretariat,NULL,NULL,Budget
Rented Apartments,PINE STUDIO,"15/3, ASHLEY HILLS RESIDENCIES, LADY MACCULUM DRIVE, NUWARA ELIYA",1,DELUXE,Nuwara Eliya,Nuwara Eliya,Nuwara Eliya Divisional Secretariat,80.769601,6.976232,Budget
Rented Apartments,SJS RESIDENCE,"NO 22, RAMANI MAWATHA, NEGAMBO",2,DELUXE,Gampaha,Negombo,Negombo Divisional Secretariat,NULL,NULL,Luxury
Rented Apartments,ANNIWATTE COTTAGE,"4/36, PITAKANDA ROAD, ANNIWATTE, KANDY",2,SUPERIOR,Kandy,Kandy,GANGAWATA KORALAYA,80.61939,7.287361,Luxruy
Rented Apartments,ROMANS REASIDENCE,"ROMANS RESIDENCE, KURUNEGALA ROAD,. NEW TOWN, MADAMPE",2,STANDARD,Puttalam,Chilaw Pradeshiya Sabha,Chilaw Divisional Secretariat,NULL,NULL,Comfort
Rented Apartments,NANAYAKKARA LODGE,"117/24A, PEIRIS MAWATHA, KALUBOWILA, DEHIWALA",2,STANDARD,Colombo,Dehiwala-Mount Lavinia,Dehiwala Divisional Secretariat,NULL,NULL,Comfort
Rented Apartments,HOME STAY MATARA,"1/9 B, BROWNS HILL, MATARA",3,SUPERIOR,Matara,Matara,Matara Divisional Secretariat,80.561313,5.943112,Budget
Rented Apartments,ALPINE RIDGE APARTMENT,"8/8 A, PITAKANDA ROAD, ARUPPOLA, KANDY",4,STANDARD,Kandy,Kandy,Kandy Divisional Secretariat,NULL,NULL,Budget
Rented Apartments,THE RESIDENCE ON CHITRA,"35, CHITRA LANE, COLOMBO 5",4,STANDARD,Colombo,Colombo,Colombo Divisional Secretariat,NULL,NULL,Luxury
Rented Apartments,NIMACRO,"23/1/7, HAWAII RESIDENCIES, SAGARA ROAD, COLOMBO 4",2,SUPERIOR,Colombo,Colombo,Colombo Divisional Secretariat,NULL,NULL,Luxury
Rented Apartments,NORTHWOOD RESIDENCE,"NO 414/1, ROMEN PARK, MUDUKATUWA, MARAWILA",3,SUPERIOR,Puttalam,Nattandiya Pradeshiya Sabha,Nattandiya Divisional Secretariat,79.831006,7.391675,Comfort
Rented Apartments,SELFCATE-KANDY,"NO. 29/262A, SHANTHI KUMAR RAMASINGHE MAWATHA, AMPITIYA ROAD, KANDY",6,SUPERIOR,Kandy,Kandy,Gagawata,80.651033,7.28552,Comfort
Rented Apartments,ERONEE VILLA,"SRI DHARMA VIJAYARAMA MAWATHA, SOORIYAGODA, BENTOTA.",1,STANDARD,Galle,Bentota Pradeshiya Sabha,Benthota Divisional Secretariat,79.998414,6.416431,Budget
Rented Apartments,SEA VIEW APARTMENT RESIDENCIES,"BEN TOWER 7/2,28,RAMAKRISHNA ROAD,COLOMBO 06",2,DELUXE,Colombo,Colombo,Colombo Divisional Secretariat,NULL,NULL,Budget
Rented Apartments,PEACE HEAVEN,"NO.26/672, PARADISE GATE, KALUTARA SOUTH.",2,STANDARD,Kalutara,Kalutara Pradeshiya Sabha,Kalutara Divisional Secretariat,NULL,NULL,Luxury
Rented Apartments,SEA SHELL APARTMENT,"APARTMENT NO.5/2 (FIFTH FLOOR), NO.28, RAMAKRISHNA ROAD, WELLAWATTE, COLOMBO 06.",2,SUPERIOR,Colombo,Dehiwala-Mount Lavinia,Colombo Divisional Secretariat,NULL,NULL,Luxruy
Rented Apartments,SEA BREEZE APARTMENT,"APARTMENT 4/2, NO.34, EBENEZER PLACE, DEHIWALA.",2,SUPERIOR,Colombo,Dehiwala-Mount Lavinia,Dehiwala Divisional Secretariat,NULL,NULL,Comfort
Rented Apartments,RAINBOW APARTMENT,"APARTMENT NO.1/5 (FIRST FLOOR), NO.34, EBENEZER PLACE, DEHIWALA.",1,SUPERIOR,Colombo,Dehiwala-Mount Lavinia,Dehiwala Divisional Secretariat,NULL,NULL,Comfort
Rented Apartments,SEA HORSE APARTMENT,"APARTMENT NO. 10/9 (TENTH FLOOR), NO.28, RAMAKRISHNA ROAD, WELLAWATTE, COLOMBO 06",2,SUPERIOR,Colombo,Dehiwala-Mount Lavinia,Dehiwala Divisional Secretariat,NULL,NULL,Budget
Rented Apartments,"MALLIKA'S PLACE,","FIRST FLOOR APARTMENT, 106/1, SAMPATHA NIVASA, PALANGATHURE, KOCHCHIKADE.",1,STANDARD,Gampaha,Negombo,Negombo Divisional Secretariat,NULL,NULL,Budget
Rented Apartments,THE RESIDENCE,"NO.471 4/1,GALLE ROAD,COLOMBO 03",5,DELUXE,Colombo,Colombo,Colombo Divisional Secretariat,NULL,NULL,Luxury
Rented Apartments,OCEAN BREEZE COLOMBO,"APT.8/2, BEN TOWER,#28 RAMAKRISHNA ROAD,WELLAWATTE, COLOMBO.",2,STANDARD,Colombo,Colombo,Colombo Divisional Secretariat,NULL,NULL,Luxury
Rented Apartments,VISHWARA RESIDENCE,"NO:571,SIYABALAPE ROAD,HEIYANTHUDUWA",4,DELUXE,Gampaha,Gampaha,Gampaha Divisional Secretariat,NULL,NULL,Comfort
Rented Apartments,VILLA MOUNT ROSE,"NO:9/22 E,WEWALWALA ROAD,BATAGANVILA,GALLE.",3,DELUXE,Galle,Galle,Galle Divisional Secretariat,80.210731,6.057249,Comfort
Rented Apartments,VILLA 37,"NO. 37, DEVOS AVENUE, BAMBALAPITIYA, COLOMBO 04.",4,SUPERIOR,Colombo,MC,Thimbirigasyaya Divisional Secretariat,NULL,NULL,Budget
Rented Apartments,GALAGODA WALAWWA,"PUWAKMOTE, YATAGAMA, RAMBUKKANA",1,SUPERIOR,Kegalle,Rambukkana Pradeshiya Sabha,Rambukkana Divisional Secretariat,NULL,NULL,Budget
Rented Apartments,MY HOLIDAY,"31/A, CLIFFORD PLACE, COLOMBO 04.",8,DELUXE,Colombo,Colombo,Thimbirigasyaya Divisional Secretariat,NULL,NULL,Luxury
Rented Apartments,SIGIRI LION LODGE,"NO. 186, MAIN ROAD, SIGIRIYA.",8,STANDARD,Matale,Dambulla Pradeshiya Sabha,Dambulla Divisional Secretariat,NULL,NULL,Luxruy
Rented Apartments,STUDIO 165,"NO 165/2/1, D.S. SENANAYAKE VEEDIYA, KANDY",1,DELUXE,Kandy,Kandy,Kandy Divisional Secretariat,NULL,NULL,Comfort
Rented Apartments,WICK'S RESIDENCE,"106 B, RANAWANA, KATUGASTOTA",1,SUPERIOR,Kandy,Harispattuwa Pradeshiya Sabha,Harispattuwa Divisional Secretariat,NULL,NULL,Comfort
Rented Apartments,BEE VIEW HOME STAY,"71/B/1-A, HANTHANA HOUSING SCHEME, HANTHANA, KANDY",2,SUPERIOR,Kandy,Gagawata Koralya,Gagawata,NULL,NULL,Budget
Rented Apartments,RIVER SIDE HOME STAY APPARTMENT,"5/2A, MALIGATHENNE WATTHA,GANGA ADDARA MW,LEWELLEGAMA,GUNNEPANA",2,STANDARD,Kandy,Kundasle,Kundasale Divisional Secretariat,NULL,NULL,Budget
Rented Apartments,RANGIRAYA,"226E, HORANA ROAD, PILIYANDALA",2,DELUXE,Colombo,Kesbewa,Kesbewa Divisional Secretariat,NULL,NULL,Luxury
Rented Apartments,THE NUMBER 8 APARTMENTS,"NO:08, BEACH ROAD, MOUNT LAVINIA",4,STANDARD,Colombo,Dehiwala-Mount Lavinia,Dehiwala Divisional Secretariat,79.865395,6.842628,Luxury
Rented Apartments,@ IDDAMAL,"10A, IDDAMAL MAWATHA, OFF TEMPLERS ROAD, MT LAVANIA",4,SUPERIOR,Colombo,MC,Ratmalana Divisional Secretariat,79.879081,6.827457,Comfort
Rented Apartments,S & D RENTED TOURIST APPARTMENT,"45 1/1, GALLAGE MAWATHA, MIRIHANA, NUGEGODA",2,DELUXE,Colombo,MC,Maharagama Divisional Secretariat,NULL,NULL,Comfort
Rented Apartments,SEA LION APARTMENT,"APARTMENT NO.3/4, (THIRD FLOOR), NO.34, EBENEZER PLACE, DEHIWALA.",3,SUPERIOR,Colombo,Dehiwala-Mount Lavinia,Dehiwala Divisional Secretariat,79.880083,6.830118,Budget
Rented Apartments,LANKA HOLIDAY HOMES,"9B-9B1/1, 1ST CROSS STREET,KANDAWALA ROAD,RATHMALANA",3,STANDARD,Colombo,Dehiwala-Mount Lavinia,Mount Lavinia,NULL,NULL,Budget
Rented Apartments,SUNLIGHT APARTMENT,"NO.18,ABDUL GAFOOR MAWATHA,COLOMBO 03",4,SUPERIOR,Colombo,Colombo,Colombo Divisional Secretariat,79.850682,6.912815,Luxury
Rented Apartments,RANMAL HOLIDAYS,"122/5 2/1, LAKE EDGE RESIDENCIES,ATTIDIYA ROAD,BELANTHARA,DEHIWALA",2,STANDARD,Colombo,Dehiwala-Mount Lavinia,Dehiwala Divisional Secretariat,79.8846,6.851271,Luxruy
Rented Apartments,CHAYA HILLS KANDY,"ROSLIN HILL ESTATE,HINDAGALA,PERADENIYA,KANDY",6,SUPERIOR,Kandy,Kandy,Gagawata,80.602142,7.237552,Comfort
Rented Apartments,STAR CITY VILLA,"475/15, ELVITIGALA MAWATHA, COLOMBO 05",4,SUPERIOR,Colombo,Colombo,Thimbirigasyaya Divisional Secretariat,79.876824,6.889027,Comfort
Rented Apartments,COLOMBO SEA VIEW APARTMENT,"48-8/1,HAIG ROAD,BAMBALAPITIYA",3,DELUXE,Colombo,Colombo,Thimbirigasyaya Divisional Secretariat,79.854882,6.900996,Budget
Rented Apartments,PEARL OCEAN APARTMENT,"APARTMENT NO. 4/1 (FORTH FLOOR),NO. 28 RAMAKRISHNA ROAD, WELLAWATTA,COLOMBO 6",4,SUPERIOR,Colombo,Dehiwala-Mount Lavinia,Dehiwala Divisional Secretariat,NULL,NULL,Budget
Rented Apartments,CITY BEDS,"NO. 20 3/1, REGENT BUILDING,,PARSONS ROAD,COLOMBO 02",3,SUPERIOR,Colombo,Colombo,Colombo Divisional Secretariat,NULL,NULL,Luxury
Rented Apartments,HAWK HOLIDAYS,"20 2/3, REGENT BUILDING,REGENT FLATS, PARSONS ROAD,COLOMBO 02",3,STANDARD,Colombo,Colombo,Colombo Divisional Secretariat,,NULL,Luxury
Rented Apartments,AV 15,"NO. 18, ALEXANDRA ROAD, COLOMBO 06",24,DELUXE,Colombo,Colombo,Colombo Divisional Secretariat,NULL,NULL,Comfort
Rented Homes,TRAVELLERS REST HOME,"13C, BUWANEKABA ROAD, SINGHEPITIYA, GAMPOLA",3,STANDARD,Kandy,Gampola,Kandy Divisional Secretariat,80.5606323,7.1593573,Comfort
Rented Homes,LEISURE INN,"NO 35, KONGASWATTE, MELEGAMA, WADDUWA",3,STANDARD,Kalutara,Kalutara Pradeshiya Sabha,Kalutara Divisional Secretariat,NULL,NULL,Budget
Rented Homes,AIRPORT NEAR REST,"245/31, CHURCH ROAD, RANAWIRU MAWATHA, LIYANAGEMULLA, SEEDUWA",1,STANDARD,Gampaha,Seeduwa,Katana Divisional Secretariat,79.8752832,7.1366583,Budget
Rented Homes,AVON VILLA,"NO. 61/30, THUDUWEGODA ROAD, AMARASENA MAWATHA, HIKKADUWA",3,STANDARD,Galle,Hikkaduwa,Hikkaduwa Divisional Secretariat,80.100697,6.139111,Luxury
Rented Homes,SAVENRA GARDEN RESORT,"13A, RATHABALAHENA ESTATE, PADUKKA ROAD, GODAGAMA, MEEGODA.",5,SUPERIOR,Colombo,Homagama Pradeshiya Sabha,Homagama Divisional Secretariat,80.0366513,6.8501663,Luxruy
Rented Homes,COZY BEDS,"NO 29/ 2A, CHAPEL ROAD, NUGEGODA.",4,SUPERIOR,Colombo,Kotte Muncipal Council,Nugegoda Divisional Secretariat,79.8924142,6.8720807,Comfort
Tourist Hotels,THE GATEWAY HOTEL AIRPORT GARDEN COLOMBO,"234/238, COLOMBO-NEGOMBO ROAD, SEEDUWA",309,,Gampaha,Negombo,Negombo Divisional Secretariat,79.86942,7.143205,Comfort
Tourist Hotels,CORAL ROCK BY BANSEI,"NO.340, GALL ROAD, HIKKADUWA",30,,Galle,Hikkaduwa,Hikkaduwa Divisional Secretariat,80.100061,6.134378,Budget
Tourist Hotels,LAVENDISH WILD SAFARI HOTEL,"NO 01 ELA, HANDUNGAMUWA, WASGAMUWA, MATALE",24,,Matale,Matale,Matale Divisional Secretariat,80.925984,7.618698,Budget
Tourist Hotels,SIDDHALEPA AYURVEDA HEALTH RESORT,"SAMANTHARA ROAD, WADDUWA",50,,Kalutara,Kalutara Pradeshiya Sabha,Kalutara Divisional Secretariat,79.935723,6.642573,Luxury
Tourist Hotels,ROYAL PALMS BEACH HOTEL,"DE ABREW ROAD, WASKADUWA, KALUTARA",123,,Kalutara,Kalutara Pradeshiya Sabha,Kalutara Divisional Secretariat,79.948656,6.610027,Luxury
Tourist Hotels,SEA LOTUS PARK HOTEL,"NO.33,ALLESGARDEN,TRINCOMALEE.",25,,Trincomalee,Trincomalee,Trincomalee Divisional Secretariat,81.218406,8.614524,Comfort
Tourist Hotels,PARADISE RESORT PASIKUDAH,"COCONUT BOARD ROAD,PASSIKUDHA.",42,,Batticaloa,Batticaloa,Koralai Pattu Divisional Secretariat,NULL,NULL,Comfort
Tourist Hotels,AVANI KALUTARA RESORT,"40,ST. SEBASTIANS ROAD,KATUKURUNDA, KALUTARA",105,,Kalutara,Kalutara Pradeshiya Sabha,Kalutara Divisional Secretariat,79.960416,6.568479,Budget
Tourist Hotels,HOTEL LANKA PARADISE,"1/9, AMARASENA MAWATHA, HIKKADUWA.",21,,Galle,Hikkaduwa,Hikkaduwa Divisional Secretariat,80.102984,6.139194,Budget
Tourist Hotels,WELCOMBE HOTEL,"NO. 66, LOWER ROAD, ORRS HILL, TRINCOMALEE",20,,Trincomalee,Trincomalee,Trincomalee Divisional Secretariat,81.215834,8.570034,Luxury
Tourist Hotels,THILANKA RESORTS & SPA,"NO.51,GODAWALAYAYA,MORAGOLLA,DAMBULLA.",12,,Matale,Dambulla Pradeshiya Sabha,Dambulla Divisional Secretariat,80.6552693,7.8221483,Luxruy
Tourist Hotels,HOTEL LANKA SUPER CORALS,"NO.390,GALLE ROAD,HIKKADUWA.",100,,Galle,Hikkaduwa,Hikkaduwa Divisional Secretariat,80.102295,6.129903,Comfort
Tourist Hotels,ELEPHANT REACH HOTEL,"YALA JUNCTION,KIRINDA TISSAMAHARAMA.",28,,Hambantota,Hambantota,Thissamaharama Divisional Secretariat,81.331186,6.228965,Comfort
Tourist Hotels,JETWING BEACH,"ETHUKALA,NEGOMBO.",78,,Gampaha,Negombo,Negombo Divisional Secretariat,79.841713,7.243757,Budget
Tourist Hotels,JETWING LIGHTHOUSE,"DADELLA,GALLE.",85,,Galle,Galle,Galle Divisional Secretariat,80.194348,6.042663,Budget
Tourist Hotels,JETWING LAGOON,"PAMUNUGAMA ROAD, THALHENA,NEGOMBO.",55,,Gampaha,Negombo,Negombo Divisional Secretariat,79.8237105,7.1680341,Luxury
Tourist Hotels,THE SAFARI,TISSAMAHARAMA,57,,Hambantota,Thissamaharama,Thissamaharama Divisional Secretariat,81.291211,6.287747,Luxury
Tourist Hotels,THE LAKE,"NEW TOWN, POLONNNARUWA.",40,,Polonnaruwa,Polonnaruwa,Thamankaduwa Divisional Secretariat,80.992612,7.924354,Comfort
Tourist Hotels,SERENE GRAND HOTEL,"NO.113, RAJAPIHILLA MAWATHA, KANDY",21,,Kandy,Kandy,Kandy Divisional Secretariat,80.641491,7.286564,Comfort
Tourist Hotels,DICKWELLA RESORT,"BATEEGAMA,DICKWELLA.",61,,Matara,Matara,Dickwella Divisional Secretariat,80.685998,5.959117,Budget
Tourist Hotels,AYURVEDA PARAGON,"P.O.BOX 01, 80615, TALPE",82,,Galle,Habaraduwa,Habaraduwa Divisional Secretariat,80.284404,5.995887,Budget
Tourist Hotels,THE TOURMALINE,"ANNIEWATTE, KANDY",24,,Kandy,Kandy,Ganga Ihala Korale Divisional Secretariat,80.625623,7.291288,Luxury
Tourist Hotels,JETWING AYURVEDA,"NO.14, ETTHUKALA, NEGOMBO",12,,Gampaha,Negombo,Negombo Divisional Secretariat,79.841884,7.236983,Luxruy
Tourist Hotels,GREEN PARADISE AGRO ECO HOTEL,"KUBUKKADANWALA,DAMBULLA.",67,,Matale,Matale,Matale Divisional Secretariat,80.733751,7.899706,Comfort
Tourist Hotels,CORAL SANDS HOTEL,"326,GALLE ROAD,HIKKADUWA.",72,,Galle,Hikkaduwa,Hikkaduwa Divisional Secretariat,80.099676,6.136629,Comfort
Tourist Hotels,ROYAL CASTLE,"140,LEWIS PLACE,NEGOMBO.",20,,Gampaha,Negombo,Negombo Divisional Secretariat,79.840848,7.228003,Budget
Tourist Hotels,PELWEHERA VILLAGE RESORT,"BULAGALA JUNCTION,PELWEHERA,DAMBULLA.",16,,Matale,Dambulla Pradeshiya Sabha,Dambulla Divisional Secretariat,80.669359,7.903622,Budget
Tourist Hotels,HOTEL THILANKA,"NO.3,SANGAMITTA MAWATHA,KANDY.",86,,Kandy,Kandy,Kandy Divisional Secretariat,80.645743,7.291327,Luxury
Tourist Hotels,TURYAA - KALUTARA,"KUDAWASKADUWA, KALUTARA",96,,Kalutara,Kalutara Pradeshiya Sabha,Kalutara Divisional Secretariat,79.9387718,6.6289085,Luxury
Tourist Hotels,BANDARAWELA HOTEL,"NO 14, WELIMADA ROAD, BANDARAWELA",33,,Badulla,Bandarawela Pradeshiya Sabha,Bandarawela Divisional Secretariat,80.989062,6.831583,Comfort
Tourist Hotels,HARIDRA RESORT & SPA,"921,PARALLEL ROAD,POHODDARAMULLA,WADDUWA.",32,,Kalutara,Kalutara Pradeshiya Sabha,Wadduwa,79.934133,6.644964,Comfort
Tourist Hotels,UNAWATUNA BEACH RESORT,"PARANGIYAWATTA,UNAWATUNA,GALLE",73,,Galle,Habaraduwa,Habaraduwa Divisional Secretariat,80.2470003,6.0104413,Budget
Tourist Hotels,HIKKADUWA BEACH HOTEL,"298,GALLE ROAD,HIKKADUWA",52,,Galle,Hikkaduwa,Hikkaduwa Divisional Secretariat,80.099433,6.138497,Budget
Tourist Hotels,PALM PARADISE CABANAS,"GOYAMBOKKA,TANGALLE",22,,Hambantota,Hambantota,Tangalle Divisional Secretariat,80.7802,6.009518,Luxury
Tourist Hotels,AIDA HOTEL,"NO.12A,MANGALA MAWATHA,BENTOTA",34,,Galle,Bentota Pradeshiya Sabha,Benthota Divisional Secretariat,79.9960523,6.4245209,Luxruy
Tourist Hotels,AIDA HOTEL-INDURUWA,"NO.798,GALLE ROAD,YALEGAMA,INDURUWA",10,,Galle,Bentota Pradeshiya Sabha,Benthota Divisional Secretariat,NULL,NULL,Comfort
Tourist Hotels,ALPINE HOTEL,"NO.4 ,HADDON HILL ROAD,NUWARAELIYA",25,,Nuwara Eliya,Nuwara Eliya,Nuwara Eliya Divisional Secretariat,80.7637973,6.9625923,Comfort
Tourist Hotels,CITRUS - HIKKADUWA,"NO.400,GALLE ROAD,HIKKADUWA",54,,Galle,Galle,Hikkaduwa Divisional Secretariat,80.102953,6.129744,Budget
Tourist Hotels,AMBALAMA LEISURE LOUNGE,"IHALA HANWELLA,HANWELLA",14,,Colombo,Colombo,Colombo Divisional Secretariat,80.095664,6.912643,Budget
Tourist Hotels,AYURVEDA WALAUWA,"WARAHENA,BENTOTA",20,,Galle,Galle,Benthota Divisional Secretariat,79.999999,6.42,Luxury
Tourist Hotels,BARBERYN AYURVEDIC BEACH RESORT,"KAPPARATOTA,WELIGAMA",60,,Matara,Weligama Pradeshiya Sabha,Weligama Divisional Secretariat,80.407254,5.959899,Luxury
Tourist Hotels,BINVINO,"GAMPOLA WATTA, NARANVITA, GAMPOLA.",25,,Kandy,Kandy,Doluwa Divisional Secretariat,80.589352,7.167381,Comfort
Tourist Hotels,CLUB PARADISE HOTEL,"NATIONAL HOLIDAY RESORT,BENTOTA",24,,Galle,Bentota Pradeshiya Sabha,Benthota Divisional Secretariat,79.9894613,6.4373579,Comfort
Tourist Hotels,HOTEL COUNTRY COMFORT,"32,POLICE STATION ROAD,ELLA",18,,Badulla,Ella Pradeshiya Sabha,Ella Divisional Secretariat,81.048373,6.876185,Budget
Tourist Hotels,DREAM BEACH HOTEL,"NO.509,GALLE ROAD AMBALANGODA",24,,Galle,Galle,Ambalangoda Divisional Secretariat,80.046462,6.245428,Budget
Tourist Hotels,HOTEL EVA LANKA,"HOTEL EVA LANKA,TANGALLE ROAD,TANGALLE.",29,,Hambantota,Hambantota,Tangalle Divisional Secretariat,80.762216,6.002818,Luxury
Tourist Hotels,HOTEL EDEN GARDEN,"SIGIRIYA ROAD,INAMALUWA,DAMBULLA",36,,Matale,Dambulla Pradeshiya Sabha,Dambulla Divisional Secretariat,80.688691,7.929571,Luxruy
Tourist Hotels,ELLA JUNGLE RESORT,"UVA,KARANDAGOLLA,ELLA",22,,Badulla,Badulla,Badulla Divisional Secretariat,81.0715806,6.8268869,Comfort
Tourist Hotels,GOLDEN STAR BEACH HOTEL,"NO.163,LEWIS PLACE,NEGOMBO",62,,Gampaha,Negombo,Negombo Divisional Secretariat,79.840343,7.226821,Comfort
Tourist Hotels,HANTANE SHADOW RESORT,"SPRING HILL ESTATE,HEERASSAGALA,KANDY",11,,Kandy,Kandy,Ganga Ihala Korale Divisional Secretariat,80.632433,7.261332,Budget
Tourist Hotels,HELGAS FOLLY,"NO.70,RAJAPIHILLA MAWATHA,KANDY.",25,,Kandy,Kandy,Ganga Ihala Korale Divisional Secretariat,80.646196,7.284489,Budget
Tourist Hotels,BAY BEACH HOTEL,"KAPPARATOTA,WELIGAMA",60,,Matara,Weligama Pradeshiya Sabha,Weligama Divisional Secretariat,80.418936,5.959292,Luxury
Tourist Hotels,HILL CLUB,"29,GRAND HOTEL ROAD,NUWARAELIYA",39,,Nuwara Eliya,Nuwara Eliya,Nuwara Eliya Divisional Secretariat,80.763416,6.970311,Luxury
Tourist Hotels,POLONNARUWA HOLIDAY INN,"POLONNARUWA HOLIDAY INN, BENDIWEWA, POLONNARUWA",24,,Polonnaruwa,Polonnaruwa,Polonnaruwa Divisional Secretariat,80.988284,7.959284,Comfort
Tourist Hotels,HOTEL CHANDRIKA,"KATARAGAMA ROAD, TISSAMAHARAMA",20,,Hambantota,Hambantota,Hambantota Divisional Secretariat,81.331018,6.412938,Comfort
Tourist Hotels,HOTEL CHATHUMEDURA VILLAGE INN,"NO.258/1,IHALAYAGODA,YAGODA",22,,Gampaha,Gampaha,Gampaha Divisional Secretariat,80.000686,7.053018,Budget
Tourist Hotels,HOTEL HEMALEE,"POLONNARUWA ROAD,GIRITALE",16,,Polonnaruwa,Hingurakgoda Pradeshiya Sabha,Hingurakgoda Divisional Secretariat,80.926184,7.995609,Budget
Tourist Hotels,OLYMPUS PLAZA HOTEL,"NO.75,WELIMADA ROAD,HAPUTALE",30,,Badulla,Haputale,Haputale Divisional Secretariat,80.952255,6.766203,Luxury
Tourist Hotels,HOTEL SANSINDA,"AKURUGODA,TISSAMAHARAMAYA",18,,Hambantota,Thissamaharama,Thissamaharama Divisional Secretariat,NULL,NULL,Luxruy
Tourist Hotels,INDURUWA BEACH RESORT,"GALLE ROAD,KAIKAWALA,INDURUWA",90,,Galle,Galle,Galle Divisional Secretariat,80.008537,6.376688,Comfort
Tourist Hotels,INSIGHT,"NO.67,MATARA ROAD,AHANGAMA.",32,,Galle,Habaraduwa,Habaraduwa Divisional Secretariat,80.359938,5.973159,Comfort
Tourist Hotels,KOSGODA BEACH RESORT,"P.O.BOX.1,NUPE,KOSGODA",50,,Galle,Galle,Balapitiya Divisional Secretariat,80.024891,6.341,Budget
Tourist Hotels,LAYA LEISURE - KUKULEGANGA,"AUSKVALLY,MOLAKAWA",64,,Kalutara,Kalutara Pradeshiya Sabha,Baduraliya,80.233872,6.582918,Budget
Tourist Hotels,KUMUDU VALLEY RESORT,"THALDEKA ROAD,NAINAMADAMA",10,,Puttalam,Wennappuwa Pradeshiya Sabha,Wennappuwa Divisional Secretariat,79.840704,7.305658,Luxury
Tourist Hotels,LANKA PRINCESS HOTEL,"KALUWAMODARA,BERUWELA",94,,Kalutara,Beruwala Pradeshiya Sabha,Beruwala Divisional Secretariat,79.989498,6.443611,Luxury
Tourist Hotels,RICHRON BEACH HOTEL,"BEACH ROAD,MARAWILA",25,,Puttalam,Nattandiya Pradeshiya Sabha,Nattandiya Divisional Secretariat,79.81845,7.40603,Comfort
Tourist Hotels,LAWRENCE HILL PARADISE,"47,WAULAGODA MIDDLE ROAD,HIKKADUWA",14,,Galle,Hikkaduwa,Hikkaduwa Divisional Secretariat,80.1012754,6.1346957,Comfort
Tourist Hotels,NAVRO BEACH RESORT,"NO.40,BEACH ROAD,PANADURA",24,,Kalutara,Panadura Pradeshiya Sabha,Panadura Divisional Secretariat,79.902238,6.713466,Budget
Tourist Hotels,HERITANCE AYURVEDA MAHAGEDARA,"GALLE ROAD,MORAGALLE,BERUWALA",64,,Kalutara,Beruwala Pradeshiya Sabha,Beruwala Divisional Secretariat,79.985631,6.446616,Budget
Tourist Hotels,THE TAMARIND TREE,"NO 1, ADIAMBALAMA ESTATE, YATIYANA, MINUWANGODA.",57,,Gampaha,Katunayake-Seeduwa,Katana Divisional Secretariat,79.918624,7.182871,Luxury
Tourist Hotels,SILVAS BEACH HOTEL,"NO.16,ETHUKALA,NEGOMBO",17,,Gampaha,Negombo,Negombo Divisional Secretariat,79.8365076,7.2336371,Luxruy
Tourist Hotels,STAR DUST BEACH HOTEL,"ARUGAMBAY,POTTUVIL",11,,Ampara,Ampara,Pottuvil Divisional Secretariat,81.831336,6.850021,Comfort
Tourist Hotels,OASIS BEACH RESORT,"31,PORUTOTA ROAD,ETHUKALA,NEGOMBO",40,,Gampaha,Katunayake-Seeduwa,Negombo Divisional Secretariat,79.841527,7.239711,Comfort
Tourist Hotels,98 ACRES RESORT,"UVA GREENLANDS ESTATE,NAMUNUKULA ROAD,ELLA",28,,Badulla,Ella Pradeshiya Sabha,Ella Divisional Secretariat,81.0602823,6.8712053,Budget
Tourist Hotels,OCEAN BEACH CLUB,"PATUWATHA,DODANDUWA,HIKADUWA",16,,Galle,Hikkaduwa,Hikkaduwa Divisional Secretariat,80.118766,6.116199,Budget
Tourist Hotels,ORIENT HOTEL,"NO.12,DHARMAPALA MAWATHA,BANDARAWELA",35,,Badulla,Bandarawela Pradeshiya Sabha,Bandarawela Divisional Secretariat,80.987658,6.833521,Luxury
Tourist Hotels,AMAGI LAGOON RESORT AND SPA,"640/82,COLOMBO ROAD,KURANA,NEGAMBO",22,,Gampaha,Negombo,Negombo Divisional Secretariat,79.85484,7.190497,Luxury
Tourist Hotels,THE RAINFOREST,"ENSELWATTE ESTATE, DENIYAYA.",16,,Matara,Kotapola Pradeshiya Sabha,Kotapola Divisional Secretariat,80.596512,6.389513,Comfort
Tourist Hotels,KAMILI BEACH VILLA,"NO.531,FIRST STATION ROAD,WASKADUWA,KALUTARA",24,,Kalutara,Kalutara Pradeshiya Sabha,Kalutara Divisional Secretariat,79.940258,6.629886,Comfort
Tourist Hotels,STAR LIGHT HOTEL,"GALLE ROAD,80615,TALPE",14,,Galle,Habaraduwa,Habaraduwa Divisional Secretariat,80.271503,5.998994,Budget
Tourist Hotels,RANDIYA HOTEL,"394/19A,MUDITHA MAWATHA,ANURADHAPURA",14,,Anuradhapura,Anuradhapura,Anuradhapura East,80.418003,8.330308,Budget
Tourist Hotels,P.T. GARDEN HOTEL,"NO.540A/4,SAMURDHI MAWATHA,WALGAMA,MALWANA",21,,Gampaha,Biyagama Pradeshiya Sabha,Biyagama Divisional Secretariat,80.005875,6.963166,Luxury
Tourist Hotels,CORAL REEF BEACH HOTEL,"336,GALLE ROAD,HIKKADUWA",30,,Galle,Hikkaduwa,Hikkaduwa Divisional Secretariat,NULL,NULL,Luxruy
Tourist Hotels,PEACOCK BEACH HOTEL LTD,"TISSA ROAD,HAMBANTOTA",111,,Hambantota,Hambantota,Hambantota Divisional Secretariat,81.131521,6.133387,Comfort
Tourist Hotels,HOTEL PICTURESQUE,"NO:503,THEMBILIYANA ESTATE,DEHIOWITA",10,,Kegalle,Dehiowita Pradeshiya Sabha,Dehiovita Divisional Secretariat,80.242826,6.965811,Comfort
Tourist Hotels,PRINCE HOTEL BANDARAWELA,"BADULLA ROAD,BINDUNUWEWA,BANDARAWELA",30,,Badulla,Ella Pradeshiya Sabha,Ella Divisional Secretariat,81.009061,6.832354,Budget
Tourist Hotels,QUEENS HOTEL,"NO:04,DALADA VEEDIYA,KANDY",67,,Kandy,Kandy,Gagawata,80.638068,7.293287,Budget
Tourist Hotels,RAMADA KATUNAYAKE,"842,NEGOMBO ROAD,SEEDUWA",56,,Gampaha,Katana Pradeshiya Sabha,Katana Divisional Secretariat,79.881486,7.111464,Luxury
Tourist Hotels,PALM GROOVE HOLIDAY INN,"ARUGAMBAY,POTUVIL",23,,Ampara,Ampara,Pottuvil Divisional Secretariat,81.828488,6.837743,Luxury
Tourist Hotels,PALM VILLAGE HOTEL,"262,OLD COLOMBO RD,USWETAKEIYAWA",50,,Gampaha,Wattala Pradeshiya Sabha,Wattala Divisional Secretariat,79.860648,7.034292,Comfort
Tourist Hotels,HOTEL RANATHISARA,"NO:51,KANDY RD,NITTAMBUWA",12,,Gampaha,Attanagalla Pradeshiya Sabha,Attanagalla Divisional Secretariat,80.096877,7.14695,Comfort
Tourist Hotels,HOTEL SUDU ARALIYA,"NEWTOWN,POLONNARUWA",104,,Polonnaruwa,Polonnaruwa,Thamankaduwa Divisional Secretariat,80.993733,7.923266,Budget
Tourist Hotels,HOTEL SUNSET BEACH,"NO.5, CARRON PLACE, LEWIS ROAD,NEGOMBO.",35,,Gampaha,Negombo,Negombo Divisional Secretariat,79.839776,7.225328,Budget
Tourist Hotels,HOTEL SUISSE,"NO:30,SANGARAJA MAWATHA,KANDY",90,,Kandy,Kandy,Gagawata,80.642924,7.288387,Luxury
Tourist Hotels,TALALLA RETREAT CENTRE,"SAMPAYA HOUSE, TALALLA SOUTH, GANDARA.",32,,Matara,Matara,Matara Divisional Secretariat,80.620954,5.943955,Luxruy
Tourist Hotels,SERENE PAVILIONS,"NO20,UPALI MAWATHA,WADDUWA",15,,Kalutara,Kalutara Pradeshiya Sabha,Panadura Divisional Secretariat,79.922221,6.671541,Comfort
Tourist Hotels,AVENRA BEACH HOTEL,"NO 714, NARIGAMA HIKKADUWA",62,,Galle,Hikkaduwa,Hikkaduwa Divisional Secretariat,80.111157,6.123829,Comfort
Tourist Hotels,THE PRIVILEGE,"260,SAMANTHARA ROAD,MOLLIGODA,WADDUWA.",25,,Kalutara,Panadura Pradeshiya Sabha,Panadura Divisional Secretariat,79.931298,6.653508,Budget
Tourist Hotels,SEA GARDEN HOTEL,"ETHUKALA,NEGOMBO",27,,Gampaha,Gampaha,Negombo Divisional Secretariat,79.857376,7.265322,Budget
Tourist Hotels,THE ROCK,"60,UNIQUE VIEW RD,NUWARAELIYA",10,,Nuwara Eliya,Nuwara Eliya,Nuwara Eliya Divisional Secretariat,80.76234,6.963454,Luxury
Tourist Hotels,SARASA HOTEL,"937 KANDY ROAD,WEDAMULLA,KELANIYA",19,,Gampaha,Gampaha,Kelaniya Divisional Secretariat,79.904795,6.968135,Luxury
Tourist Hotels,SUNSHINE INN,"DALAWELLA,UNAWATUNA",19,,Galle,Galle,Galle Divisional Secretariat,NULL,NULL,Comfort
Tourist Hotels,SANMALI BEACH HOTEL,"BEACH ROAD,MARAWILA",20,,Puttalam,Puttalam Pradeshiya Sabha,Mahawa Divisional Secretariat,79.815459,7.41773,Comfort
Tourist Hotels,ROBINSON HOTEL,"82,TISSA ROAD,KATHARAGAMA",19,,Moneragala,Hambantota,Katharagama Divisional Secretariat,81.329274,6.409072,Budget
Tourist Hotels,RENUKA CITY HOTEL,"326,GALLE ROAD,COLOMBO 3",40,,Colombo,Colombo,Colombo Divisional Secretariat,79.850427,6.908534,Budget
Tourist Hotels,THE SWISS RESIDENCE,"NO:23,BAHIRAWAKANDA,KANDY",40,,Kandy,Kandy,Gagawata,80.630297,7.297024,Luxury
Tourist Hotels,VILLA RANMENIKA,"GALLE ROAD, AHUNGALLA.",14,,Galle,Galle,Balapitiya Divisional Secretariat,80.034545,6.308305,Luxruy
Tourist Hotels,MICHELLE BOUTIQUE HOTEL,"432,GALLE ROAD,BALAPITIYA",10,,Galle,Galle,Galle Divisional Secretariat,80.036511,6.263385,Comfort
Tourist Hotels,TREE OF LIFE,"YAHALATENNA,BARIGAMA,WERELLAGAMA,KANDY.",43,,Kandy,Kandy,Harispattuwa Divisional Secretariat,80.576826,7.319187,Comfort
Tourist Hotels,CATAMARAN BEACH HOTEL,"NO: 209, LEWIS PLACE, NEGOMBO",46,,Gampaha,Jaffna,Negombo Divisional Secretariat,79.84064,7.227908,Budget
Tourist Hotels,MADULKELLE TEA & ECO LODGE,"RICHLAND ROAD, MADULKELLE.",11,,Kandy,Kandy,Kandy Divisional Secretariat,80.723882,7.393303,Budget
Tourist Hotels,THE NATURE RESORT HOTEL,"MEDILLA,TANGALLE",14,,Hambantota,Tangalle Pradeshiya Sabha,Tangalle Divisional Secretariat,NULL,NULL,Luxury
Tourist Hotels,EARLS REEF BERUWALA,"NO. 91/22,MARADANA ROAD,MORAGALLA,BERUWALA.",54,,Kalutara,Beruwala Pradeshiya Sabha,Beruwala Divisional Secretariat,79.977927,6.453929,Luxury
Tourist Hotels,RANNA 212,"KAHANDAMODARA,RANNA,TANGALLE",55,,Hambantota,Tangalle Pradeshiya Sabha,Tangalle Divisional Secretariat,NULL,NULL,Comfort
Tourist Hotels,HOTEL GOODWOOD PLAZA,"CANADA FRIENDSHIP ROAD,KATUNAYAKE.",32,,Gampaha,Katana Pradeshiya Sabha,Katana Divisional Secretariat,79.881579,7.16576,Comfort
Tourist Hotels,UGA BAY RESORT & SPA,"COCONUT BOARD ROAD,KALKUDAH,PASSIKUDAH.",48,,Batticaloa,Kalkudha,Valaichchenai Divisional Secretariat,81.5593553,7.9267033,Budget
Tourist Hotels,SAUNTER PARADISE HOTEL,"TRINCOMALEE ROAD, AWDANGAWA, KIMBISSA, HABARANA",10,,Matale,Dambulla Pradeshiya Sabha,Dambulla Divisional Secretariat,80.724123,7.992861,Budget
Tourist Hotels,OKRIN HOTEL,"NO 110,DETAGAMUWA,KATHARAGAMA",16,,Moneragala,Katharagama,Katharagama Divisional Secretariat,81.324962,6.400263,Luxury
Tourist Hotels,JAFFNA HERITAGE HOTEL,"NO 195,TEMPLE ROAD,NALLUR,JAFFNA",10,,Jaffna,Jaffna,Jaffna Divisional Secretariat,80.028005,9.670882,Luxruy
Tourist Hotels,BUDDIMA SAMUDRA,"PUTTALAM ROAD,NIKAWERATIYA",14,,Kurunegala,Nikaweratiya Pradeshiya Sabha,Nikaweratiya Divisional Secretariat,80.124388,7.738671,Comfort
Tourist Hotels,AMAARA SKY HOTEL,"72/22, A. B. DAMUNUPOLA MAWATHA, KANDY.",12,,Kandy,Kandy,Kandy Divisional Secretariat,80.627342,7.292234,Comfort
Tourist Hotels,HOTEL SOBANA,"KIRIIBBANWEWA, SEVANAGALA, EMBILIPITIYA.",17,,Ratnapura,Thanamalwila Pradeshiya Sabha,Sevanagala Divisional Secretariat,80.964044,6.384522,Budget
Tourist Hotels,FRESCO WATER VILLA,"FRESCO WATER VILLA (PVT) LTD,SIGIRIYA ROAD,KIMBISSA",36,,Matale,Dambulla Pradeshiya Sabha,Dambulla Divisional Secretariat,80.735044,7.945932,Budget
Tourist Hotels,JUNGLE BEACH RESORT,"27TH KM POST, PULMUDEI ROAD, KUCHCHAVELI, TRINCOMALEE",48,,Trincomalee,Kuchchaveli,Kuchchaveli Divisional Secretariat,81.135534,8.771857,Luxury
Tourist Hotels,AMAYA BEACH PASSIKUDAH,"NATIONAL HOLIDAY RESORT, PASSIKUDAH, KALKUDAH",126,,Batticaloa,Kalkudha,Koralai Pattu Divisional Secretariat,81.569581,7.925952,Luxury
Tourist Hotels,SUBHAS HOTEL,"49, VICTORIA ROAD, JAFFNA",11,,Jaffna,Jaffna,Jaffna Divisional Secretariat,80.016663,9.66635,Comfort
Tourist Hotels,HOTEL J,"331/1, LEWIS PLACE, NEGOMBO.",35,,Gampaha,Negombo,Negombo Divisional Secretariat,79.841109,7.232976,Comfort
Tourist Hotels,SHELL COAST RESORT PVT LTD,"UVARY,PESALAI,MANNAR",11,,Mannar,Jaffna,Jaffna Divisional Secretariat,79.824493,9.028711,Budget
Tourist Hotels,THAPROBAN PAVILION RESORT & SPA,"YADDEHIMULLA, UNAWATUNA.",16,,Galle,Habaraduwa,Habaraduwa Divisional Secretariat,80.240417,6.009533,Budget
Tourist Hotels,CAMELLIA RESORT & SPA,"AUDANGAWA, KIMBISSA, SIGIRIYA.",60,,Matale,Dambulla Pradeshiya Sabha,Dambulla Divisional Secretariat,80.7348373,7.9952951,Luxury
Tourist Hotels,DUTCH BAY RESORTS,"DUTCH BAY ISLAND,KALPITIYA",17,,Puttalam,Kalpitiya Pradeshiya Sabha,Kalpitiya Divisional Secretariat,79.75646,8.274467,Luxruy
Tourist Hotels,GREEN HILL HOTEL,"NO 114, WELLAWAYA ROAD, MONARAGALA",16,,Moneragala,Kalmunai,Moneragala Divisional Secretariat,NULL,NULL,Comfort
Tourist Hotels,ANILANA-EASTERN DEVELOPMENT ENTERPRISES,"NO.14,TOURISM DEVELOPMENT ZONE,PASSIKUDHA,KALKUDHA.",47,,Batticaloa,Batticaloa,Batticaloa Divisional Secretariat,81.574945,7.925871,Comfort
Tourist Hotels,MAGAMPURA ECO VILLAGE RESORT,"KAWANTISSAPURA,KATARAGAMA ROAD,TISSAMAHARAMAYA",18,,Hambantota,Thissamaharama,Thissamaharama Divisional Secretariat,81.322712,6.360924,Budget
Tourist Hotels,GARTONS CAPE,"DENUWALA,AHANGAMA.",19,,Galle,Weligama Pradeshiya Sabha,Weligama Divisional Secretariat,80.382426,5.965604,Budget
Tourist Hotels,OAK RAY TEA BUSH,"PAHALA KADA VEEDIYA,RAMBODA",1,,Nuwara Eliya,Nuwara Eliya,Nuwara Eliya Divisional Secretariat,80.695354,7.057137,Luxury
Tourist Hotels,HOTEL EAST LAGOON,"MUNAI LANE,UPPODAI LAKE ROAD,SINNA UPPODAI,BATICALOA",45,,Batticaloa,Batticaloa,Batticaloa Divisional Secretariat,81.704865,7.728728,Luxury
Tourist Hotels,JETWING YALA,"PALATUPANA,YALA",80,,Hambantota,Thissamaharama,Thissamaharama Divisional Secretariat,NULL,NULL,Comfort
Tourist Hotels,PEARL CITY HOTEL,"NO.17,BAUDDHALOKA MAWATHA,COLOMBO 04.",69,,Colombo,Colombo,Colombo Divisional Secretariat,79.855167,6.895633,Comfort
Tourist Hotels,REEFS EDGE RESORTS,"NO 300,277/4,USWETAKEIYAWA",23,,Gampaha,Wattala Pradeshiya Sabha,Wattala Divisional Secretariat,79.856054,7.051974,Budget
Tourist Hotels,ANANTAYA RESORT & SPA,"KAURKUPONE, BANGADENIYA,CHILAW.",74,,Puttalam,AKKARAIPATTU,Akkaraipattu Divisional Secretariat,79.826082,7.634506,Budget
Tourist Hotels,MELHEIM RESORT,"LOWER BLACKWOOD,BERAGALA,HAPUTALE",14,,Badulla,Haldummulla Pradeshiya Sabha,Haldummulla Divisional Secretariat,80.918766,6.759146,Luxury
Tourist Hotels,SHINAGAWA BEACH,"NO 30,OLD GURU NIWASA ROAD,BALAPITIYA",26,,Galle,balapitiya,Balapitiya Divisional Secretariat,80.038594,6.291066,Luxruy
Tourist Hotels,ALIYA RESORT & SPA,"AUDANGAWA,KIMBISSA,SIGIRIYA.",96,,Matale,Dambulla Pradeshiya Sabha,Dambulla Divisional Secretariat,80.7343613,7.9991963,Comfort
Tourist Hotels,RAJARATA HOTEL,"ROWING CLUB ROAD,ANURADHAPURA.",30,,Anuradhapura,Anuradhapura,Anuradhapura East,80.418972,8.330589,Comfort
Tourist Hotels,PASSI BAY HOTEL,"103,PASSIKUDAH ROAD,PASSIKUDAH,VALACHCHENA.",22,,Batticaloa,Batticaloa,Koralai Pattu Divisional Secretariat,81.568689,7.921889,Budget
Tourist Hotels,THE LONG BEACH RESORT & SPA,"KOGGALA,HABARADUWA,SRI LANKA.",194,,Galle,Habaraduwa,Habaraduwa Divisional Secretariat,80.319034,5.990802,Budget
Tourist Hotels,AVASTA RESORT AND SPA,"NO 92,NIWANTHAKA CHETHIYA ROAD,ANURADHAPURAYA",13,,Anuradhapura,Anuradhapura,Anuradhapura East,80.416853,8.3523,Luxury
Tourist Hotels,PLEDGE 3,"NO:03,ETHTHUKALA,NEGOMBO",14,,Gampaha,Gampaha,Gampaha Divisional Secretariat,79.84182656,7.236222401,Luxury
Tourist Hotels,THE CALM RESORT AND SPA,"NATIONAL HOLIDAY RESORT,PASSIKUDAH",70,,Batticaloa,Batticaloa,Valaichchenai Divisional Secretariat,NULL,,Comfort
Tourist Hotels,UTMT RESORT,"TANGALLE ROAD,BATTHEEGAMA WEST,DIKWELLA",26,,Matara,Dickwella,Dickwella Divisional Secretariat,80.6728793,5.9603013,Comfort
Tourist Hotels,SURIYA LUXURY RESORTS,"KAMMALA,WAIKKAL.",56,,Puttalam,Wennappuwa Pradeshiya Sabha,Wennappuwa Divisional Secretariat,79.839145,7.300199,Budget
Tourist Hotels,CITRUS WASKADUWA,"427,SAMANTHARA ROAD,KUDA WASKADUWA,WASKADUWA",150,,Kalutara,Kalutara Pradeshiya Sabha,Kalutara Divisional Secretariat,79.8655563,6.9101903,Budget
Tourist Hotels,OZO COLOMBO,"NO 36-38,CLIFFORD PLACE,COLOMBO 04.",158,,Colombo,Colombo,Colombo Divisional Secretariat,NULL,,Luxury
Tourist Hotels,THOMPUKANDAM VILLAGE RESORT,"NO 72,ADDAPALAM,NINTHAVUR.",10,,Ampara,Ampara,Ninthavur Divisional Secretariat,81.8561523,7.3213613,Luxruy
Tourist Hotels,LIFE AYURVEDA RESORT,"NO:18,RATNAYAKE PLACE,THALPITIYA SOUTH,WADDUWA",19,,Kalutara,Kalutara Pradeshiya Sabha,Kalutara Divisional Secretariat,79.921694,6.673982,Comfort
Tourist Hotels,ARALIYA GREEN HILLS HOTEL,"NO:10,GLEN FALL ROAD,NUWRA ELIYA",107,,Nuwara Eliya,Nuwara Eliya,Nuwara Eliya Divisional Secretariat,80.764481,6.967075,Comfort
Tourist Hotels,WHISPERING PALMS HOTEL,"GALLE ROAD,YALEGAMA,INDURUWA",30,,Galle,Galle,Galle Divisional Secretariat,80.009107,6.384061,Budget
Tourist Hotels,MARINA PASSIKUDAH,"NO: 07, COCONUT BOARD ROAD, KALKUDAH, PASSIKUDAH",26,,Batticaloa,Kalkudha,Koralai Pattu Divisional Secretariat,81.56346,7.92469,Budget
Tourist Hotels,ANILANA HOTEL AND PROPERTIES LTD,"NO.1508, WARD NO.04, IRAKKANDI, NILAVELI",54,,Trincomalee,Kuchchaveli,Kuchchaveli Divisional Secretariat,81.186779,8.7071,Luxury
Tourist Hotels,THAULLE RESORT,"NO.35 MAHADEIRA,YODAKANDIYA,TISSAMAHARAMA",28,,Hambantota,Thissamaharama,Hambantota Divisional Secretariat,81.313441,6.263005,Luxury
Tourist Hotels,DIVYAA LAGOON,"DUTCH BAY,KANDAKULIYA,KALPITIYA",14,,Puttalam,Kalpitiya Pradeshiya Sabha,Kalpitiya Divisional Secretariat,79.736306,8.228088,Comfort
Tourist Hotels,SUN AQUA,"KALKUDAH,PASSIKUDAH.",36,,Batticaloa,Batticaloa,Batticaloa Divisional Secretariat,NULL,,Comfort
Tourist Hotels,THE COVANRO,"NO.353.AIRPORT ROAD,NAIWALA,VEYANGODA.",39,,Gampaha,Minuwangoda Pradeshiya Sabha,Minuwangoda Divisional Secretariat,80.036423,7.158602,Budget
Tourist Hotels,CAPE WELIGAMA,"331, KAPPARATHOTA ROAD, KALUKANDA, WELIGAMA.",40,,Matara,Weligama Pradeshiya Sabha,Weligama Divisional Secretariat,80.411151,5.959346,Budget
Tourist Hotels,CALAMANSI COVE BY JETWING,"62, WIJERAMA ROAD, BRAHAKMANAWATTE, BALAPITIYA",14,,Galle,balapitiya,Balapitiya Divisional Secretariat,80.036088,6.285364,Luxury
Tourist Hotels,RESIDENCE BY UGA ESCAPES,"NO.20,PARK SYREET,COLOMBO 02",11,,Colombo,Colombo,Colombo Divisional Secretariat,79.858337,6.917358,Luxruy
Tourist Hotels,TAPROBANA RESORT WADDUWA,"NO.354/16, RATHNAYAKE ROAD, THALPITIYA,WADDUWA.",27,,Kalutara,Panadura Pradeshiya Sabha,Panadura Divisional Secretariat,79.92146,6.676126,Comfort
Tourist Hotels,ROYAL RETREAT SIGIRIYA,"NO-110, T.B TENNAKOON MAWATHA KIBISSA SIGIRIYA",14,,Matale,Dambulla Pradeshiya Sabha,Dambulla Divisional Secretariat,80.7348,7.948859,Comfort
Tourist Hotels,GALAVILLA BOUTIQUE HOTEL & SPA,"AGAWATTA ESTATE MORAGOLLA,THALATHUOYA KANDY",12,,Kandy,Kandy,Pathahewaheta Divisional Secretariat,80.695649,7.220522,Budget
Tourist Hotels,MUTHUMUNI AYURVEDA BEACH RESORT,"NO.80/24,BEACH SIDE,MORAGALLA,BERUWALA.",34,,Kalutara,Beruwala Pradeshiya Sabha,Beruwala Divisional Secretariat,79.983237,6.448931,Budget
Tourist Hotels,RUINS CHAAYA,"NEW TOWN ROAD,POLONNARUWA.",12,,Polonnaruwa,Polonnaruwa,Thamankaduwa Divisional Secretariat,81.004945,7.927893,Luxury
Tourist Hotels,W15 WELIGAMA,"506, NEW GALLE ROAD, PELHENA, WELIGAMA.",10,,Matara,Weligama Pradeshiya Sabha,Weligama Divisional Secretariat,80.437662,5.973323,Luxury
Tourist Hotels,ANANTAMAA HOTEL,"NO.07(42),ALLES GARDEN,UPPUVELI,TRINCOMALEE",50,,Trincomalee,Uppuveli Trinco Malee,Trincomalee Divisional Secretariat,81.217883,8.615049,Comfort
Tourist Hotels,THE STEUART BY CITRUS,"NO-45,JANADHIPATHI MAWATHA,COLOMBO-01",50,,Colombo,Colombo,Colombo Divisional Secretariat,79.843264,6.934335,Comfort
Tourist Hotels,LAYA BEACH HOTEL,"NO.286/3,GALLE ROAD,THALPITIYA-NORTH WADDUWA.",28,,Kalutara,Panadura Pradeshiya Sabha,Panadura Divisional Secretariat,79.919552,6.678863,Budget
Tourist Hotels,GLORIA GRAND HOTEL,"YADDEHIMULLA ROAD,UNAWATUNA",20,,Galle,Habaraduwa,Habaraduwa Divisional Secretariat,80.248263,6.011392,Budget
Tourist Hotels,AMARANTHE BAY RESORTS & SPA,"NO.101,ALLES GARDEN ROAD,UPPUVELI,TRINCOMALEE",27,,Trincomalee,Trincomalee,Trincomalee Divisional Secretariat,81.215262,8.618238,Luxury
Tourist Hotels,THURULIYA LODGE,"OPPOSIT 45TH KM POST,NUWARA ELIYA ROAD ,RAMBODA",10,,Nuwara Eliya,Nuwara Eliya,Kothmale Divisional Secretariat,NULL,NULL,Luxruy
Tourist Hotels,THE BEACH BOUTIQUE,"NO.510/2,BIMPANDURA,PAMUNUGAMA.",12,,Gampaha,Wattala Pradeshiya Sabha,Wattala Divisional Secretariat,79.849384,7.078365,Comfort
Tourist Hotels,AMALOH BY JETWING,"NO.39/6,1ST CROSS ROAD,POLHENA,MATARA.",21,,Matara,Matara,Matara Divisional Secretariat,80.529536,5.939338,Comfort
Tourist Hotels,TALAWAKELA REST HOUSE,"KOTMALE ROAD,TALAWAKELA",10,,Nuwara Eliya,Talawa Pradeshiya Sabha,Nuwara Eliya Divisional Secretariat,80.661498,6.941417,Budget
Tourist Hotels,AMAARA FOREST HOTEL,"NO:115,INDIGASWEWA,SIGIRIYA.",40,,Matale,Dambulla Pradeshiya Sabha,Dambulla Divisional Secretariat,80.747583,8.000994,Budget
Tourist Hotels,HOTEL ROCK FORT,"GURUKANDA WATTA-DALAWELLA,UNAWATUNA",18,,Galle,Habaraduwa,Habaraduwa Divisional Secretariat,80.256339,6.003965,Luxury
Tourist Hotels,CHENA HUTS,"TALA-PALATUPANA,WILD LIFE TOURISM ZONE,PALATUPANA,YALA,THISSAMAHARAMA.",14,,Hambantota,Thissamaharama,Thissamaharama Divisional Secretariat,NULL,NULL,Luxury
Tourist Hotels,SOUTH LAKE RESORT,"KATHALUWA, AHANGAMA",24,,Galle,Habaraduwa,Habaraduwa Divisional Secretariat,80.336882,5.983588,Comfort
Tourist Hotels,HOTEL TAMARIND TREE,"MAHASENPURA,TISSAMAHARAMAYA",20,,Hambantota,Thissamaharama,Thissamaharama Divisional Secretariat,81.296807,6.292573,Comfort
Tourist Hotels,BLACKPOOL HOTEL,"MAHAGASTHOTA HILL CLIMB, BLACKPOOL, NUWARAELIYA",50,,Nuwara Eliya,Nuwara Eliya,Nuwara Eliya Divisional Secretariat,80.779097,6.94233,Budget
Tourist Hotels,JETWING KADURUKETHA,WELLAWAYA,25,,Moneragala,Wellawaya,Wellawaya Divisional Secretariat,81.104838,6.754837,Budget
Tourist Hotels,JETWING JAFFNA,"NO:37,MAHATHMAGANDI ROAD,JAFFNA.",53,,Jaffna,Jaffna,Jaffna Divisional Secretariat,80.013588,9.664915,Luxury
Tourist Hotels,ANI VILLAS,"KALUKATIYAWATTA,MALIYADDA,DICKWELLA",15,,Matara,Dickwella,Dickwella Divisional Secretariat,80.656847,5.9571,Luxruy
Tourist Hotels,TAMARIND LAKE,"RAJA MAWATHA,KATHARAGAMA.",32,,Moneragala,Katharagama,Katharagama Divisional Secretariat,NULL,NULL,Comfort
Tourist Hotels,TRI,"ALADUWA WATTA, PELESSA, THITHTHAGALLE, AHANGAMA",10,,Galle,Habaraduwa,Galle Divisional Secretariat,NULL,NULL,Comfort
Tourist Hotels,ROCK SIDE BEACH RESORT,"GALLE ROAD, ATHURUWELLA, INDURUWA",18,,Galle,Bentota Pradeshiya Sabha,Benthota Divisional Secretariat,80.005415,6.395497,Budget
Tourist Hotels,CARDAMON HOTEL NILAVELI,"WARD 2, NILAVELI, TRINCOMALEE",22,,Trincomalee,Kuchchaveli,Kuchchaveli Divisional Secretariat,81.1990326,8.6840867,Budget
Tourist Hotels,PASSI VILLAS PASSIKUDAH,"NO 12, LAND SIDE, KALKUDAH, PASSIKUDAH",50,,Batticaloa,Kalkudha,Koralai Pattu Divisional Secretariat,81.5705004,7.9258409,Luxury
Tourist Hotels,HOTEL HEAVENS EDGE,"KITALELLA ROAD, KITALELLA, ELLA",24,,Badulla,Ella Pradeshiya Sabha,Ella Divisional Secretariat,NULL,NULL,Luxury
Tourist Hotels,VILLA THAWTHISA,"USWATHTHA IHALA, YADDEHIMULLA, UNAWATUNA",23,,Galle,Habaraduwa,Habaraduwa Divisional Secretariat,80.241116,6.011171,Comfort
Tourist Hotels,JETWING SUNRISE HOTEL,"COCONUT DEVELOPMENT BOARD ROAD, PASSIKUDAH",58,,Batticaloa,Batticaloa,Batticaloa Divisional Secretariat,NULL,NULL,Comfort
Tourist Hotels,BEACON BEACH NEGOMBO,"185, PORUTHOTA ROAD, NEGAMBO.",44,,Gampaha,Negombo,Negombo Divisional Secretariat,79.8421445,7.2503138,Budget
Tourist Hotels,PLATINUM-1,"NO 1, BAGATALLE ROAD, COLOMBO 03",40,,Colombo,Colombo,Colombo Divisional Secretariat,79.853385,6.900651,Budget
Tourist Hotels,CLUB WASKADUWA BEACH,"211, JAYANTHI MAWATHA, MAHA WASKADUWA NORTH, WASKADUWA",54,,Kalutara,Kalutara,Kalutara Divisional Secretariat,79.945675,6.616287,Luxury
Tourist Hotels,ANANTARA KALUTARA RESORT,"ST. SEBASTIAN'S ROAD, KATUKURUNDA, KALUTARA",141,,Kalutara,Kalutara Pradeshiya Sabha,Kalutara Divisional Secretariat,79.9626948,6.5659178,Luxruy
Tourist Hotels,SIGIRIYA JUNGLES,"AUDANGAWA, KIBISSA, SIGIRIYA",60,,Matale,Dambulla Pradeshiya Sabha,Dambulla Divisional Secretariat,80.736974,7.993996,Comfort
Tourist Hotels,KARUNAKARALA RESORT,"JESUNASARENU ROAD, THOPPUTHOTA, WAIKKALA",17,,Puttalam,Wennappuwa Pradeshiya Sabha,Wennappuwa Divisional Secretariat,79.859314,7.2713071,Comfort
Tourist Hotels,ZMAX FAIRWAY COLOMBO,"NO 7, HOSPITAL STREET, COLOMBO 01",181,,Colombo,Colombo,Colombo Divisional Secretariat,79.8438746,6.9340366,Budget
Tourist Hotels,BLUE MEADOWS-NUWARA ELIYA,"3/11,BAKER'S FARM ROAD, MAHAGASTOTA, NUWARAELIYA",15,,Nuwara Eliya,Nuwara Eliya,Nuwara Eliya Divisional Secretariat,NULL,80.7916431,Budget
Tourist Hotels,GRANDEEZA LUXURY HOTEL &BANQUETS,"772, COLOMBO ROAD, KURANA, NEGOMBO",40,,Gampaha,Negombo,Negombo Divisional Secretariat,79.8593549,7.185642,Luxury
Tourist Hotels,AVENRA GANGARA HOTEL,"J.J. PINTO MAWATHA, NEW ROAD, WENNAPUWA",21,,Puttalam,Wennappuwa Pradeshiya Sabha,Wennappuwa Divisional Secretariat,79.850688,7.351218,Luxury
Tourist Hotels,THE BLUE WAVE HOTEL,"THE BLUE WAVE HOTEL ROAD, ARUGAMBAY , POTTUVIL 05",31,,Ampara,MC,Pottuvil Divisional Secretariat,81.830049,6.844021,Comfort
Tourist Hotels,THE RAIN TREE HOTEL,"DEBARAWEWA ESTATE, SANDUNGAMA ROAD, TISSAMAHARAMA",22,,Hambantota,Hambantota,Hambantota Divisional Secretariat,81.2773297,6.2852469,Comfort
Tourist Hotels,ANARVA - SIDDHALEPA,"348, GALLE ROAD, MOUNT LAVINIA",98,,Colombo,Colombo,Ratmalana Divisional Secretariat,79.867102,6.833158,Budget
Tourist Hotels,MOVENPICK HOTEL COLOMBO,"NO.24 DARMAPALA MAWATHA, COLOMBO 03",219,,Colombo,Colombo,Colombo Divisional Secretariat,79.8506874,6.9117582,Budget
Tourist Hotels,JETWING COLOMBO SEVEN,"NO 57, WARD PLACE ,COLOMBO 07",108,,Colombo,Colombo,Colombo Divisional Secretariat,NULL,NULL,Luxury
Tourist Hotels,MANDARINA COLOMBO,"433, GALLE ROAD, COLOMBO 03",72,,Colombo,Colombo,Thimbirigasyaya Divisional Secretariat,79.853611,6.900092,Luxruy
Tourist Hotels,JIE JIE BEACH BY JETWING,"NO.150,SAMUDRA MAWATHA,UYANKALEWATTA,PANADURA",180,,Kalutara,Panadura Pradeshiya Sabha,Panadura Divisional Secretariat,79.906137,6.70343,Comfort
Tourist Hotels,R DEGREES HOTEL,"NO 457,GALLE ROAD,AMBALANGODA.",10,,Galle,MC,Ambalangoda Divisional Secretariat,80.048715,6.243021,Comfort
Tourist Hotels,SEEROCK THE KINGS DOMAIN,"INDIGASWEWA,KIMBISSA.SIGIRIYA",12,,Matale,Dambulla Pradeshiya Sabha,Dambulla Divisional Secretariat,80.746197,7.991713,Budget
Tourist Hotels,AMARI GALLE,"523C-446,COLOMBO ROAD,GINTHOTA,GALLE.",172,,Galle,Galle,Galle Divisional Secretariat,80.181293,6.052113,Budget
Tourist Hotels,VILLA PINNAWALA AND RESTAURANT,"PINNALANDA WATTE,PINNAWALA, RAMBUKKANA",13,,Kegalle,Kegalle,Rambukkana Divisional Secretariat,80.385678,7.301624,Luxury
Tourist Hotels,MARRIOT RESORT & SPA - WELIGAMA BAY,"NO. 700, MATARA ROAD, PELANA, WELIGAMA.",200,,Matara,Weligama Pradeshiya Sabha,Weligama Divisional Secretariat,80.439411,5.973065,Luxury
Tourist Hotels,THE THINNAI,"NO 86, PALALY ROAD,,THINNAVELI,,JAFFNA",58,,Jaffna,Nallur Pradeshiya Sabha,Nallur Divisional Secretariat,80.0239728,9.6871291,Comfort
Tourist Hotels,ARALIYA GREEN CITY,"NO 01,GRAND HOTEL ROAD,NUWARA ELIYA.",192,,Nuwara Eliya,Nuwara Eliya,Nuwara Eliya Divisional Secretariat,80.764482,6.967075,Comfort
Tourist Hotels,SKYLOFT KANDY,"NO.26, DAZZLING RANGE, THAPODARAMAYA ROAD, HANTANA, KANDY.",18,,Kandy,Gagawata Koralya,Gagawata,80.625303,7.273421,Budget
Tourist Hotels,HOTEL NIPPON,"123, KUMARANRATNAM ROAD, COLOMBO 02",49,,Colombo,Colombo,Colombo Divisional Secretariat,79.8500985,6.9239319,Budget
Tourist Hotels,THIDAS ARANA HOTEL,"23RD,MILE POST,BANDIWEWA,POLONNARUWA",11,,Polonnaruwa,Thamankaduwa Pradeshiya Sabha,Thamankaduwa Divisional Secretariat,80.9860564,7.9519377,Luxury
Tourist Hotels,THE GRAND MOUNTAIN HOTEL,"73/1,ROHANA DISSANAYAKE MAWATHA,MC ROAD,MATALE.",86,,Matale,Matale,Matale Divisional Secretariat,NULL,NULL,Luxruy
Tourist Hotels,ARIE LAGOON - NEGOMBO,"587,PAMUNUGAMA ROAD,THALAHENA, NEGOMBO",55,,Gampaha,Negombo,Negombo Divisional Secretariat,79.8233907,7.1688026,Comfort
Tourist Hotels,THE VILLAS,"352/4,RATHNAYAKA ROAD,THALPITIYA SOUTH,WADDUWA,,",32,,Kalutara,Panadura Pradeshiya Sabha,Panadura Divisional Secretariat,79.923348,6.670724,Comfort
